queue	kind	key	part_of_speech	occurrences	exclusive_occurrences	ambiguous_occurrences	artifact_count	support	top_forms
common_lexeme	lexical_group	quidam	ADJ	918	918	0		corroborated_independent	"[{""form"":""quendam"",""occurrences"":859,""exclusive"":true},{""form"":""quarundam"",""occurrences"":59,""exclusive"":true}]"
common_lexeme	lexical_group	quinam	ADJ	199	199	0		single_independent	"[{""form"":""quoi"",""occurrences"":199,""exclusive"":true}]"
common_lexeme	lexical_group	solennis	ADJ	144	134	10		single_independent	"[{""form"":""solenniter"",""occurrences"":59,""exclusive"":true},{""form"":""solennia"",""occurrences"":26,""exclusive"":true},{""form"":""solenni"",""occurrences"":22,""exclusive"":true},{""form"":""solennibus"",""occurrences"":13,""exclusive"":true},{""form"":""solennes"",""occurrences"":11,""exclusive"":true},{""form"":""solennis"",""occurrences"":10,""exclusive"":false},{""form"":""solennem"",""occurrences"":3,""exclusive"":true}]"
common_lexeme	lexical_group	apuliae	NOUN	114	114	0		single_independent	"[{""form"":""apuliae"",""occurrences"":112,""exclusive"":true},{""form"":""apulias"",""occurrences"":1,""exclusive"":true},{""form"":""apuliæ"",""occurrences"":1,""exclusive"":true}]"
common_lexeme	lexical_group	olympias	NOUN	87	87	0		single_independent	"[{""form"":""olympiade"",""occurrences"":87,""exclusive"":true}]"
common_lexeme	lexical_group	pharisaeus	NOUN	200	85	115		single_independent	"[{""form"":""pharisaei"",""occurrences"":99,""exclusive"":false},{""form"":""pharisaeorum"",""occurrences"":35,""exclusive"":true},{""form"":""pharisaeis"",""occurrences"":21,""exclusive"":true},{""form"":""pharisaeos"",""occurrences"":19,""exclusive"":true},{""form"":""pharisaeus"",""occurrences"":16,""exclusive"":false},{""form"":""pharisaeo"",""occurrences"":7,""exclusive"":true},{""form"":""pharisaeum"",""occurrences"":3,""exclusive"":true}]"
common_lexeme	lexical_group	diaphanus	ADJ	66	66	0		single_independent	"[{""form"":""diaphana"",""occurrences"":31,""exclusive"":true},{""form"":""diaphanum"",""occurrences"":14,""exclusive"":true},{""form"":""diaphani"",""occurrences"":9,""exclusive"":true},{""form"":""diaphano"",""occurrences"":6,""exclusive"":true},{""form"":""diaphanae"",""occurrences"":2,""exclusive"":true},{""form"":""diaphanus"",""occurrences"":2,""exclusive"":true},{""form"":""diaphanis"",""occurrences"":1,""exclusive"":true},{""form"":""diaphanorum"",""occurrences"":1,""exclusive"":true}]"
common_lexeme	lexical_group	suppellex	NOUN	65	65	0		corroborated_independent	"[{""form"":""suppellectili"",""occurrences"":22,""exclusive"":true},{""form"":""suppellectilem"",""occurrences"":17,""exclusive"":true},{""form"":""suppellectile"",""occurrences"":11,""exclusive"":true},{""form"":""suppellectilis"",""occurrences"":9,""exclusive"":true},{""form"":""suppellex"",""occurrences"":4,""exclusive"":true},{""form"":""suppellectiles"",""occurrences"":1,""exclusive"":true},{""form"":""suppellectilibus"",""occurrences"":1,""exclusive"":true}]"
common_lexeme	lexical_group	maecenas	NOUN	128	57	71		single_independent	"[{""form"":""maecenas"",""occurrences"":71,""exclusive"":false},{""form"":""maecenatis"",""occurrences"":18,""exclusive"":true},{""form"":""maecenatem"",""occurrences"":14,""exclusive"":true},{""form"":""maecenate"",""occurrences"":9,""exclusive"":true},{""form"":""maecenati"",""occurrences"":9,""exclusive"":true},{""form"":""maecenates"",""occurrences"":4,""exclusive"":true},{""form"":""maecenatibus"",""occurrences"":1,""exclusive"":true},{""form"":""maecenatum"",""occurrences"":1,""exclusive"":true},{""form"":""mæcenatis"",""occurrences"":1,""exclusive"":true}]"
common_lexeme	lexical_group	sydus	NOUN	50	50	0		single_independent	"[{""form"":""sydera"",""occurrences"":23,""exclusive"":true},{""form"":""sydus"",""occurrences"":14,""exclusive"":true},{""form"":""sydere"",""occurrences"":8,""exclusive"":true},{""form"":""syderis"",""occurrences"":2,""exclusive"":true},{""form"":""syderum"",""occurrences"":2,""exclusive"":true},{""form"":""syderibus"",""occurrences"":1,""exclusive"":true}]"
common_lexeme	lexical_group	lio	VERB	47	47	0		corroborated_independent	"[{""form"":""lia"",""occurrences"":33,""exclusive"":true},{""form"":""lias"",""occurrences"":10,""exclusive"":true},{""form"":""liandis"",""occurrences"":1,""exclusive"":true},{""form"":""liare"",""occurrences"":1,""exclusive"":true},{""form"":""liari"",""occurrences"":1,""exclusive"":true},{""form"":""lio"",""occurrences"":1,""exclusive"":true}]"
common_lexeme	lexical_group	florus	ADJ	43	43	0		corroborated_independent	"[{""form"":""floro"",""occurrences"":43,""exclusive"":true}]"
common_lexeme	lexical_group	vorto	VERB	47	41	6		single_independent	"[{""form"":""vortat"",""occurrences"":12,""exclusive"":true},{""form"":""vortitur"",""occurrences"":7,""exclusive"":true},{""form"":""vorsa"",""occurrences"":4,""exclusive"":false},{""form"":""vortam"",""occurrences"":4,""exclusive"":true},{""form"":""vortit"",""occurrences"":4,""exclusive"":true},{""form"":""vortunt"",""occurrences"":4,""exclusive"":true},{""form"":""vorso"",""occurrences"":2,""exclusive"":false},{""form"":""vortas"",""occurrences"":2,""exclusive"":true},{""form"":""vorsuram"",""occurrences"":1,""exclusive"":true},{""form"":""vortar"",""occurrences"":1,""exclusive"":true},{""form"":""vortendo"",""occurrences"":1,""exclusive"":true},{""form"":""vortentem"",""occurrences"":1,""exclusive"":true},{""form"":""vortentibus"",""occurrences"":1,""exclusive"":true},{""form"":""vorteres"",""occurrences"":1,""exclusive"":true},{""form"":""vorterit"",""occurrences"":1,""exclusive"":true},{""form"":""vortisti"",""occurrences"":1,""exclusive"":true}]"
common_lexeme	lexical_group	undecunque	ADV	37	37	0		derived_only	"[{""form"":""undecunque"",""occurrences"":37,""exclusive"":true}]"
common_lexeme	lexical_group	illic	ADJ	90	33	57		single_independent	"[{""form"":""illaec"",""occurrences"":57,""exclusive"":false},{""form"":""illunc"",""occurrences"":12,""exclusive"":true},{""form"":""illisce"",""occurrences"":10,""exclusive"":true},{""form"":""illasce"",""occurrences"":5,""exclusive"":true},{""form"":""illanc"",""occurrences"":4,""exclusive"":true},{""form"":""illosce"",""occurrences"":2,""exclusive"":true}]"
common_lexeme	lexical_group	philostorgus	ADJ	32	32	0		single_independent	"[{""form"":""philostorgus"",""occurrences"":32,""exclusive"":true}]"
common_lexeme	lexical_group	eapse	ADJ	31	31	0		corroborated_independent	"[{""form"":""eapse"",""occurrences"":23,""exclusive"":true},{""form"":""eampse"",""occurrences"":8,""exclusive"":true}]"
common_lexeme	lexical_group	minyas	NOUN	31	31	0		single_independent	"[{""form"":""minyas"",""occurrences"":31,""exclusive"":true}]"
common_lexeme	lexical_group	treuga	NOUN	31	31	0		single_independent	"[{""form"":""treuga"",""occurrences"":11,""exclusive"":true},{""form"":""treugam"",""occurrences"":9,""exclusive"":true},{""form"":""treugas"",""occurrences"":5,""exclusive"":true},{""form"":""treugarum"",""occurrences"":4,""exclusive"":true},{""form"":""treugis"",""occurrences"":2,""exclusive"":true}]"
common_lexeme	lexical_group	monas	NOUN	29	29	0		corroborated_independent	"[{""form"":""monade"",""occurrences"":8,""exclusive"":true},{""form"":""monadibus"",""occurrences"":8,""exclusive"":true},{""form"":""monas"",""occurrences"":8,""exclusive"":true},{""form"":""monadem"",""occurrences"":3,""exclusive"":true},{""form"":""monades"",""occurrences"":1,""exclusive"":true},{""form"":""monadis"",""occurrences"":1,""exclusive"":true}]"
common_lexeme	lexical_group	piget	VERB	29	29	0		corroborated_independent	"[{""form"":""piguit"",""occurrences"":19,""exclusive"":true},{""form"":""piguerit"",""occurrences"":7,""exclusive"":true},{""form"":""piguisset"",""occurrences"":2,""exclusive"":true},{""form"":""piguerat"",""occurrences"":1,""exclusive"":true}]"
common_lexeme	lexical_group	theorema	NOUN	29	29	0		corroborated_independent	"[{""form"":""theorema"",""occurrences"":13,""exclusive"":true},{""form"":""theorematis"",""occurrences"":10,""exclusive"":true},{""form"":""theoremata"",""occurrences"":3,""exclusive"":true},{""form"":""theoremate"",""occurrences"":2,""exclusive"":true},{""form"":""theoremati"",""occurrences"":1,""exclusive"":true}]"
common_lexeme	lexical_group	parentela	NOUN	28	28	0		corroborated_independent	"[{""form"":""parentela"",""occurrences"":15,""exclusive"":true},{""form"":""parentelae"",""occurrences"":6,""exclusive"":true},{""form"":""parentelam"",""occurrences"":4,""exclusive"":true},{""form"":""parentelas"",""occurrences"":2,""exclusive"":true},{""form"":""parentelæ"",""occurrences"":1,""exclusive"":true}]"
common_lexeme	lexical_group	extunc	ADV	27	27	0		single_independent	"[{""form"":""extunc"",""occurrences"":27,""exclusive"":true}]"
common_lexeme	lexical_group	exhinc	ADV	24	24	0		single_independent	"[{""form"":""exhinc"",""occurrences"":24,""exclusive"":true}]"
common_lexeme	lexical_group	perpetuo	VERB	24	24	0		corroborated_independent	"[{""form"":""perpetuat"",""occurrences"":5,""exclusive"":true},{""form"":""perpetuatur"",""occurrences"":3,""exclusive"":true},{""form"":""perpetuandam"",""occurrences"":2,""exclusive"":true},{""form"":""perpetuans"",""occurrences"":2,""exclusive"":true},{""form"":""perpetuantur"",""occurrences"":2,""exclusive"":true},{""form"":""perpetuent"",""occurrences"":2,""exclusive"":true},{""form"":""perpetuet"",""occurrences"":2,""exclusive"":true},{""form"":""perpetuabatur"",""occurrences"":1,""exclusive"":true},{""form"":""perpetuabitur"",""occurrences"":1,""exclusive"":true},{""form"":""perpetuandi"",""occurrences"":1,""exclusive"":true},{""form"":""perpetuandos"",""occurrences"":1,""exclusive"":true},{""form"":""perpetuant"",""occurrences"":1,""exclusive"":true},{""form"":""perpetuetur"",""occurrences"":1,""exclusive"":true}]"
common_lexeme	lexical_group	zeus	NOUN	22	22	0		single_independent	"[{""form"":""zeus"",""occurrences"":22,""exclusive"":true}]"
common_lexeme	lexical_group	nuptus	NOUN	21	21	0		corroborated_independent	"[{""form"":""nuptui"",""occurrences"":21,""exclusive"":true}]"
common_lexeme	lexical_group	pedaneus	ADJ	21	21	0		corroborated_independent	"[{""form"":""pedaneos"",""occurrences"":12,""exclusive"":true},{""form"":""pedaneis"",""occurrences"":5,""exclusive"":true},{""form"":""pedanei"",""occurrences"":2,""exclusive"":true},{""form"":""pedaneum"",""occurrences"":1,""exclusive"":true},{""form"":""pedaneus"",""occurrences"":1,""exclusive"":true}]"
common_lexeme	lexical_group	sacerdus	NOUN	21	21	0		derived_only	"[{""form"":""sacerdus"",""occurrences"":21,""exclusive"":true}]"
common_lexeme	lexical_group	veruntamen	ADV	21	21	0		derived_only	"[{""form"":""veruntamen"",""occurrences"":21,""exclusive"":true}]"
common_lexeme	lexical_group	hippopotamus	NOUN	20	20	0		corroborated_independent	"[{""form"":""hippopotamis"",""occurrences"":7,""exclusive"":true},{""form"":""hippopotamos"",""occurrences"":7,""exclusive"":true},{""form"":""hippopotami"",""occurrences"":3,""exclusive"":true},{""form"":""hippopotamo"",""occurrences"":2,""exclusive"":true},{""form"":""hippopotamum"",""occurrences"":1,""exclusive"":true}]"
common_lexeme	lexical_group	tomus	NOUN	23	19	4		corroborated_independent	"[{""form"":""tomo"",""occurrences"":7,""exclusive"":true},{""form"":""tomos"",""occurrences"":6,""exclusive"":true},{""form"":""tomi"",""occurrences"":4,""exclusive"":false},{""form"":""tomum"",""occurrences"":4,""exclusive"":true},{""form"":""tomus"",""occurrences"":2,""exclusive"":true}]"
common_lexeme	lexical_group	hice	ADJ	19	19	0		corroborated_independent	"[{""form"":""horunc"",""occurrences"":10,""exclusive"":true},{""form"":""harunc"",""occurrences"":9,""exclusive"":true}]"
common_lexeme	lexical_group	nequiter	ADJ	19	19	0		single_independent	"[{""form"":""nequius"",""occurrences"":19,""exclusive"":true}]"
common_lexeme	lexical_group	rancor	NOUN	19	19	0		corroborated_independent	"[{""form"":""rancore"",""occurrences"":7,""exclusive"":true},{""form"":""rancorem"",""occurrences"":5,""exclusive"":true},{""form"":""rancor"",""occurrences"":3,""exclusive"":true},{""form"":""rancoris"",""occurrences"":3,""exclusive"":true},{""form"":""rancores"",""occurrences"":1,""exclusive"":true}]"
common_lexeme	lexical_group	gomphus	NOUN	20	18	2		corroborated_independent	"[{""form"":""gomphos"",""occurrences"":14,""exclusive"":true},{""form"":""gomphi"",""occurrences"":2,""exclusive"":false},{""form"":""gomphis"",""occurrences"":2,""exclusive"":true},{""form"":""gomphorum"",""occurrences"":2,""exclusive"":true}]"
common_lexeme	lexical_group	sylva	NOUN	19	18	1		single_independent	"[{""form"":""sylva"",""occurrences"":18,""exclusive"":true},{""form"":""sylvanus"",""occurrences"":1,""exclusive"":false}]"
common_lexeme	lexical_group	decius	NOUN	18	18	0		single_independent	"[{""form"":""decios"",""occurrences"":18,""exclusive"":true}]"
common_lexeme	lexical_group	falco	NOUN	18	18	0		corroborated_independent	"[{""form"":""falco"",""occurrences"":18,""exclusive"":true}]"
common_lexeme	lexical_group	maeles	NOUN	18	18	0		corroborated_independent	"[{""form"":""maelium"",""occurrences"":18,""exclusive"":true}]"
common_lexeme	lexical_group	lanificium	NOUN	17	17	0		corroborated_independent	"[{""form"":""lanificio"",""occurrences"":12,""exclusive"":true},{""form"":""lanificii"",""occurrences"":5,""exclusive"":true}]"
common_lexeme	lexical_group	virtuosus	ADJ	17	17	0		corroborated_independent	"[{""form"":""virtuosa"",""occurrences"":5,""exclusive"":true},{""form"":""virtuosum"",""occurrences"":4,""exclusive"":true},{""form"":""virtuosus"",""occurrences"":4,""exclusive"":true},{""form"":""virtuosi"",""occurrences"":3,""exclusive"":true},{""form"":""virtuosam"",""occurrences"":1,""exclusive"":true}]"
common_lexeme	lexical_group	fretus	NOUN	16	16	0		corroborated_independent	"[{""form"":""fretu"",""occurrences"":16,""exclusive"":true}]"
common_lexeme	lexical_group	incestus	NOUN	16	16	0		corroborated_independent	"[{""form"":""incestu"",""occurrences"":14,""exclusive"":true},{""form"":""incestui"",""occurrences"":2,""exclusive"":true}]"
common_lexeme	lexical_group	sacrufico	VERB	16	16	0		corroborated_independent	"[{""form"":""sacruficem"",""occurrences"":5,""exclusive"":true},{""form"":""sacruficare"",""occurrences"":3,""exclusive"":true},{""form"":""sacruficat"",""occurrences"":2,""exclusive"":true},{""form"":""sacruficandi"",""occurrences"":1,""exclusive"":true},{""form"":""sacruficas"",""occurrences"":1,""exclusive"":true},{""form"":""sacruficatum"",""occurrences"":1,""exclusive"":true},{""form"":""sacruficaverit"",""occurrences"":1,""exclusive"":true},{""form"":""sacrufices"",""occurrences"":1,""exclusive"":true},{""form"":""sacrufico"",""occurrences"":1,""exclusive"":true}]"
common_lexeme	lexical_group	trapezita	NOUN	16	16	0		corroborated_independent	"[{""form"":""trapezita"",""occurrences"":5,""exclusive"":true},{""form"":""trapezitam"",""occurrences"":5,""exclusive"":true},{""form"":""trapezitae"",""occurrences"":3,""exclusive"":true},{""form"":""trapezitas"",""occurrences"":2,""exclusive"":true},{""form"":""trapezitarum"",""occurrences"":1,""exclusive"":true}]"
common_lexeme	lexical_group	wandali	NOUN	16	16	0		derived_only	"[{""form"":""wandali"",""occurrences"":16,""exclusive"":true}]"
common_lexeme	lexical_group	phaenomenon	NOUN	29	15	14		corroborated_independent	"[{""form"":""phaenomena"",""occurrences"":10,""exclusive"":false},{""form"":""phænomenis"",""occurrences"":6,""exclusive"":true},{""form"":""phænomena"",""occurrences"":4,""exclusive"":false},{""form"":""phaenomenon"",""occurrences"":3,""exclusive"":true},{""form"":""phaenomenis"",""occurrences"":2,""exclusive"":true},{""form"":""phaenomeno"",""occurrences"":2,""exclusive"":true},{""form"":""phaenomeni"",""occurrences"":1,""exclusive"":true},{""form"":""phaenomenorum"",""occurrences"":1,""exclusive"":true}]"
common_lexeme	lexical_group	matella	NOUN	15	15	0		corroborated_independent	"[{""form"":""matellam"",""occurrences"":7,""exclusive"":true},{""form"":""matella"",""occurrences"":6,""exclusive"":true},{""form"":""matellae"",""occurrences"":1,""exclusive"":true},{""form"":""matellas"",""occurrences"":1,""exclusive"":true}]"
common_lexeme	lexical_group	pedetentim	ADV	15	15	0		derived_only	"[{""form"":""pedetentim"",""occurrences"":15,""exclusive"":true}]"
common_lexeme	lexical_group	salius	NOUN	15	15	0		single_independent	"[{""form"":""salios"",""occurrences"":15,""exclusive"":true}]"
common_lexeme	lexical_group	silurus	NOUN	15	15	0		corroborated_independent	"[{""form"":""silurum"",""occurrences"":6,""exclusive"":true},{""form"":""siluris"",""occurrences"":3,""exclusive"":true},{""form"":""siluro"",""occurrences"":2,""exclusive"":true},{""form"":""silure"",""occurrences"":1,""exclusive"":true},{""form"":""siluri"",""occurrences"":1,""exclusive"":true},{""form"":""siluros"",""occurrences"":1,""exclusive"":true},{""form"":""silurus"",""occurrences"":1,""exclusive"":true}]"
common_lexeme	lexical_group	lumbricus	NOUN	14	14	0		corroborated_independent	"[{""form"":""lumbricos"",""occurrences"":5,""exclusive"":true},{""form"":""lumbrici"",""occurrences"":3,""exclusive"":true},{""form"":""lumbricus"",""occurrences"":3,""exclusive"":true},{""form"":""lumbrice"",""occurrences"":1,""exclusive"":true},{""form"":""lumbricis"",""occurrences"":1,""exclusive"":true},{""form"":""lumbricum"",""occurrences"":1,""exclusive"":true}]"
common_lexeme	lexical_group	seorsus	ADJ	14	14	0		corroborated_independent	"[{""form"":""seorsim"",""occurrences"":14,""exclusive"":true}]"
common_lexeme	lexical_group	septennium	NOUN	32	13	19		corroborated_independent	"[{""form"":""septennium"",""occurrences"":19,""exclusive"":false},{""form"":""septennio"",""occurrences"":12,""exclusive"":true},{""form"":""septennii"",""occurrences"":1,""exclusive"":true}]"
common_lexeme	lexical_group	syndicus	NOUN	13	13	0		single_independent	"[{""form"":""syndicus"",""occurrences"":13,""exclusive"":true}]"
common_lexeme	lexical_group	melancholia	NOUN	12	12	0		single_independent	"[{""form"":""melancholia"",""occurrences"":12,""exclusive"":true}]"
common_lexeme	lexical_group	praehibeo	VERB	12	12	0		corroborated_independent	"[{""form"":""praehibet"",""occurrences"":3,""exclusive"":true},{""form"":""praehiberem"",""occurrences"":2,""exclusive"":true},{""form"":""praehibeas"",""occurrences"":1,""exclusive"":true},{""form"":""praehibeo"",""occurrences"":1,""exclusive"":true},{""form"":""praehiberi"",""occurrences"":1,""exclusive"":true},{""form"":""praehibes"",""occurrences"":1,""exclusive"":true},{""form"":""praehibetur"",""occurrences"":1,""exclusive"":true},{""form"":""praehibuerit"",""occurrences"":1,""exclusive"":true},{""form"":""praehibuit"",""occurrences"":1,""exclusive"":true}]"
common_lexeme	lexical_group	ecclesiastes	NOUN	11	11	0		single_independent	"[{""form"":""ecclesiasten"",""occurrences"":11,""exclusive"":true}]"
common_lexeme	lexical_group	minume	ADV	11	11	0		single_independent	"[{""form"":""minume"",""occurrences"":11,""exclusive"":true}]"
common_lexeme	lexical_group	regulo	VERB	11	11	0		corroborated_independent	"[{""form"":""regulantur"",""occurrences"":3,""exclusive"":true},{""form"":""reguletur"",""occurrences"":2,""exclusive"":true},{""form"":""regulabant"",""occurrences"":1,""exclusive"":true},{""form"":""regulamur"",""occurrences"":1,""exclusive"":true},{""form"":""regulanda"",""occurrences"":1,""exclusive"":true},{""form"":""regulans"",""occurrences"":1,""exclusive"":true},{""form"":""regulatur"",""occurrences"":1,""exclusive"":true},{""form"":""regulet"",""occurrences"":1,""exclusive"":true}]"
common_lexeme	lexical_group	russeus	ADJ	11	11	0		corroborated_independent	"[{""form"":""russeos"",""occurrences"":3,""exclusive"":true},{""form"":""russeus"",""occurrences"":3,""exclusive"":true},{""form"":""russea"",""occurrences"":2,""exclusive"":true},{""form"":""russeo"",""occurrences"":2,""exclusive"":true},{""form"":""russeum"",""occurrences"":1,""exclusive"":true}]"
common_lexeme	lexical_group	solennitas	NOUN	11	11	0		derived_only	"[{""form"":""solennitas"",""occurrences"":11,""exclusive"":true}]"
common_lexeme	lexical_group	specificus	ADJ	11	11	0		single_independent	"[{""form"":""specifica"",""occurrences"":7,""exclusive"":true},{""form"":""specificam"",""occurrences"":2,""exclusive"":true},{""form"":""specificae"",""occurrences"":1,""exclusive"":true},{""form"":""specificas"",""occurrences"":1,""exclusive"":true}]"
common_lexeme	lexical_group	laconicum	NOUN	26	10	16		single_independent	"[{""form"":""laconica"",""occurrences"":8,""exclusive"":false},{""form"":""laconicum"",""occurrences"":8,""exclusive"":false},{""form"":""laconici"",""occurrences"":6,""exclusive"":true},{""form"":""laconico"",""occurrences"":3,""exclusive"":true},{""form"":""laconicis"",""occurrences"":1,""exclusive"":true}]"
common_lexeme	lexical_group	vorso	VERB	16	10	6		corroborated_independent	"[{""form"":""vorsa"",""occurrences"":4,""exclusive"":false},{""form"":""vorsari"",""occurrences"":3,""exclusive"":true},{""form"":""vorso"",""occurrences"":2,""exclusive"":false},{""form"":""vorsabatur"",""occurrences"":1,""exclusive"":true},{""form"":""vorsant"",""occurrences"":1,""exclusive"":true},{""form"":""vorsarem"",""occurrences"":1,""exclusive"":true},{""form"":""vorsato"",""occurrences"":1,""exclusive"":true},{""form"":""vorsatur"",""occurrences"":1,""exclusive"":true},{""form"":""vorsentur"",""occurrences"":1,""exclusive"":true},{""form"":""vorser"",""occurrences"":1,""exclusive"":true}]"
common_lexeme	lexical_group	purpuro	VERB	12	10	2		corroborated_independent	"[{""form"":""purpurat"",""occurrences"":8,""exclusive"":true},{""form"":""purpurabant"",""occurrences"":2,""exclusive"":true},{""form"":""purpurantibus"",""occurrences"":2,""exclusive"":false}]"
common_lexeme	lexical_group	ascalon	NOUN	10	10	0		derived_only	"[{""form"":""ascalon"",""occurrences"":10,""exclusive"":true}]"
common_lexeme	lexical_group	emptitius	ADJ	10	10	0		single_independent	"[{""form"":""emptitius"",""occurrences"":7,""exclusive"":true},{""form"":""emptitii"",""occurrences"":2,""exclusive"":true},{""form"":""emptitios"",""occurrences"":1,""exclusive"":true}]"
common_lexeme	lexical_group	lixo	VERB	10	10	0		single_independent	"[{""form"":""lixo"",""occurrences"":10,""exclusive"":true}]"
common_lexeme	lexical_group	napus	NOUN	10	10	0		corroborated_independent	"[{""form"":""napi"",""occurrences"":3,""exclusive"":true},{""form"":""napis"",""occurrences"":2,""exclusive"":true},{""form"":""napum"",""occurrences"":2,""exclusive"":true},{""form"":""napo"",""occurrences"":1,""exclusive"":true},{""form"":""naporum"",""occurrences"":1,""exclusive"":true},{""form"":""napos"",""occurrences"":1,""exclusive"":true}]"
common_lexeme	lexical_group	pedo	VERB	10	10	0		corroborated_independent	"[{""form"":""pedantium"",""occurrences"":5,""exclusive"":true},{""form"":""pedanti"",""occurrences"":2,""exclusive"":true},{""form"":""pedandae"",""occurrences"":1,""exclusive"":true},{""form"":""pepedi"",""occurrences"":1,""exclusive"":true},{""form"":""pepedit"",""occurrences"":1,""exclusive"":true}]"
common_lexeme	lexical_group	porphyreticus	ADJ	10	10	0		corroborated_independent	"[{""form"":""porphyreticis"",""occurrences"":3,""exclusive"":true},{""form"":""porphyreticae"",""occurrences"":2,""exclusive"":true},{""form"":""porphyreticam"",""occurrences"":2,""exclusive"":true},{""form"":""porphyreticas"",""occurrences"":1,""exclusive"":true},{""form"":""porphyretici"",""occurrences"":1,""exclusive"":true},{""form"":""porphyreticum"",""occurrences"":1,""exclusive"":true}]"
common_lexeme	lexical_group	symposion	NOUN	10	10	0		single_independent	"[{""form"":""symposio"",""occurrences"":8,""exclusive"":true},{""form"":""symposia"",""occurrences"":1,""exclusive"":true},{""form"":""symposiis"",""occurrences"":1,""exclusive"":true}]"
common_lexeme	lexical_group	tata	NOUN	10	10	0		corroborated_independent	"[{""form"":""tatis"",""occurrences"":5,""exclusive"":true},{""form"":""tata"",""occurrences"":2,""exclusive"":true},{""form"":""tatae"",""occurrences"":2,""exclusive"":true},{""form"":""tatas"",""occurrences"":1,""exclusive"":true}]"
common_lexeme	lexical_group	vesperugo	NOUN	10	10	0		corroborated_independent	"[{""form"":""vesperuginem"",""occurrences"":5,""exclusive"":true},{""form"":""vesperugo"",""occurrences"":5,""exclusive"":true}]"
common_lexeme	lexical_group	thebaicus	ADJ	11	9	2		single_independent	"[{""form"":""thebaica"",""occurrences"":4,""exclusive"":true},{""form"":""thebaico"",""occurrences"":2,""exclusive"":true},{""form"":""thebaicus"",""occurrences"":2,""exclusive"":false},{""form"":""thebaicam"",""occurrences"":1,""exclusive"":true},{""form"":""thebaicis"",""occurrences"":1,""exclusive"":true},{""form"":""thebaicum"",""occurrences"":1,""exclusive"":true}]"
common_lexeme	lexical_group	incubus	NOUN	9	9	0		single_independent	"[{""form"":""incubi"",""occurrences"":6,""exclusive"":true},{""form"":""incubos"",""occurrences"":2,""exclusive"":true},{""form"":""incubis"",""occurrences"":1,""exclusive"":true}]"
common_lexeme	lexical_group	opobalsamum	NOUN	9	9	0		corroborated_independent	"[{""form"":""opobalsama"",""occurrences"":4,""exclusive"":true},{""form"":""opobalsami"",""occurrences"":3,""exclusive"":true},{""form"":""opobalsamo"",""occurrences"":1,""exclusive"":true},{""form"":""opobalsamum"",""occurrences"":1,""exclusive"":true}]"
common_lexeme	lexical_group	pancratius	ADJ	9	9	0		single_independent	"[{""form"":""pancratius"",""occurrences"":9,""exclusive"":true}]"
common_lexeme	lexical_group	poster	VERB	9	9	0		single_independent	"[{""form"":""poster"",""occurrences"":9,""exclusive"":true}]"
common_lexeme	lexical_group	praetitulo	VERB	9	9	0		single_independent	"[{""form"":""praetitulavit"",""occurrences"":6,""exclusive"":true},{""form"":""praetitulantur"",""occurrences"":1,""exclusive"":true},{""form"":""praetitulatur"",""occurrences"":1,""exclusive"":true},{""form"":""praetitulavi"",""occurrences"":1,""exclusive"":true}]"
common_lexeme	lexical_group	ulpicum	NOUN	9	9	0		corroborated_independent	"[{""form"":""ulpici"",""occurrences"":5,""exclusive"":true},{""form"":""ulpicum"",""occurrences"":3,""exclusive"":true},{""form"":""ulpica"",""occurrences"":1,""exclusive"":true}]"
common_lexeme	lexical_group	venerius	ADJ	9	9	0		single_independent	"[{""form"":""venerios"",""occurrences"":9,""exclusive"":true}]"
common_lexeme	lexical_group	monazontes	NOUN	24	8	16		single_independent	"[{""form"":""ium"",""occurrences"":16,""exclusive"":false},{""form"":""monazontes"",""occurrences"":8,""exclusive"":true}]"
common_lexeme	lexical_group	psyllus	NOUN	23	8	15		single_independent	"[{""form"":""psylli"",""occurrences"":8,""exclusive"":false},{""form"":""psyllus"",""occurrences"":7,""exclusive"":false},{""form"":""psyllis"",""occurrences"":3,""exclusive"":true},{""form"":""psyllos"",""occurrences"":3,""exclusive"":true},{""form"":""psyllo"",""occurrences"":1,""exclusive"":true},{""form"":""psyllorum"",""occurrences"":1,""exclusive"":true}]"
common_lexeme	lexical_group	pylae	NOUN	13	8	5		corroborated_independent	"[{""form"":""pylas"",""occurrences"":7,""exclusive"":true},{""form"":""pylae"",""occurrences"":5,""exclusive"":false},{""form"":""pylis"",""occurrences"":1,""exclusive"":true}]"
common_lexeme	lexical_group	porgo	VERB	10	8	2		corroborated_independent	"[{""form"":""porge"",""occurrences"":3,""exclusive"":true},{""form"":""porgens"",""occurrences"":2,""exclusive"":true},{""form"":""porgite"",""occurrences"":2,""exclusive"":false},{""form"":""porgebat"",""occurrences"":1,""exclusive"":true},{""form"":""porgi"",""occurrences"":1,""exclusive"":true},{""form"":""porgit"",""occurrences"":1,""exclusive"":true}]"
common_lexeme	lexical_group	doryphorus	NOUN	9	8	1		corroborated_independent	"[{""form"":""doryphorum"",""occurrences"":5,""exclusive"":true},{""form"":""doryphoro"",""occurrences"":2,""exclusive"":true},{""form"":""doryphori"",""occurrences"":1,""exclusive"":true},{""form"":""doryphoros"",""occurrences"":1,""exclusive"":false}]"
common_lexeme	lexical_group	analyticus	ADJ	8	8	0		corroborated_independent	"[{""form"":""analytica"",""occurrences"":4,""exclusive"":true},{""form"":""analyticae"",""occurrences"":1,""exclusive"":true},{""form"":""analyticam"",""occurrences"":1,""exclusive"":true},{""form"":""analyticarum"",""occurrences"":1,""exclusive"":true},{""form"":""analyticis"",""occurrences"":1,""exclusive"":true}]"
common_lexeme	lexical_group	antistrephon	NOUN	8	8	0		corroborated_independent	"[{""form"":""antistrephon"",""occurrences"":5,""exclusive"":true},{""form"":""antistrephonta"",""occurrences"":3,""exclusive"":true}]"
common_lexeme	lexical_group	eumpse	VERB	8	8	0		corroborated_independent	"[{""form"":""eumpse"",""occurrences"":8,""exclusive"":true}]"
common_lexeme	lexical_group	expungo	VERB	8	8	0		corroborated_independent	"[{""form"":""expunxit"",""occurrences"":2,""exclusive"":true},{""form"":""expunxerim"",""occurrences"":1,""exclusive"":true},{""form"":""expunxerimus"",""occurrences"":1,""exclusive"":true},{""form"":""expunxeris"",""occurrences"":1,""exclusive"":true},{""form"":""expunxi"",""occurrences"":1,""exclusive"":true},{""form"":""expunxisse"",""occurrences"":1,""exclusive"":true},{""form"":""expunxisset"",""occurrences"":1,""exclusive"":true}]"
common_lexeme	lexical_group	fortassean	ADV	8	8	0		single_independent	"[{""form"":""fortassean"",""occurrences"":8,""exclusive"":true}]"
common_lexeme	lexical_group	gagates	NOUN	8	8	0		single_independent	"[{""form"":""gagates"",""occurrences"":8,""exclusive"":true}]"
common_lexeme	lexical_group	genethliacus	ADJ	8	8	0		corroborated_independent	"[{""form"":""genethliaci"",""occurrences"":6,""exclusive"":true},{""form"":""genethliaca"",""occurrences"":1,""exclusive"":true},{""form"":""genethliacorum"",""occurrences"":1,""exclusive"":true}]"
common_lexeme	lexical_group	incertitudo	NOUN	8	8	0		single_independent	"[{""form"":""incertitudine"",""occurrences"":5,""exclusive"":true},{""form"":""incertitudinem"",""occurrences"":3,""exclusive"":true}]"
common_lexeme	lexical_group	nubilo	VERB	8	8	0		corroborated_independent	"[{""form"":""nubilat"",""occurrences"":3,""exclusive"":true},{""form"":""nubiletur"",""occurrences"":3,""exclusive"":true},{""form"":""nubilant"",""occurrences"":1,""exclusive"":true},{""form"":""nubilet"",""occurrences"":1,""exclusive"":true}]"
common_lexeme	lexical_group	opificium	NOUN	8	8	0		corroborated_independent	"[{""form"":""opificio"",""occurrences"":6,""exclusive"":true},{""form"":""opificii"",""occurrences"":2,""exclusive"":true}]"
common_lexeme	lexical_group	scomma	NOUN	8	8	0		single_independent	"[{""form"":""scomma"",""occurrences"":8,""exclusive"":true}]"
common_lexeme	lexical_group	tricennalis	ADJ	29	7	22		corroborated_independent	"[{""form"":""ium"",""occurrences"":16,""exclusive"":false},{""form"":""tricennalia"",""occurrences"":6,""exclusive"":false},{""form"":""tricennalis"",""occurrences"":3,""exclusive"":true},{""form"":""tricennalem"",""occurrences"":2,""exclusive"":true},{""form"":""tricennalibus"",""occurrences"":2,""exclusive"":true}]"
common_lexeme	lexical_group	praesentaneus	ADJ	12	7	5		corroborated_independent	"[{""form"":""praesentanea"",""occurrences"":5,""exclusive"":true},{""form"":""praesentaneum"",""occurrences"":5,""exclusive"":false},{""form"":""praesentaneae"",""occurrences"":1,""exclusive"":true},{""form"":""praesentanei"",""occurrences"":1,""exclusive"":true}]"
common_lexeme	lexical_group	theoreticus	ADJ	8	7	1		corroborated_independent	"[{""form"":""theoreticam"",""occurrences"":3,""exclusive"":true},{""form"":""theoretica"",""occurrences"":1,""exclusive"":false},{""form"":""theoreticae"",""occurrences"":1,""exclusive"":true},{""form"":""theoreticarum"",""occurrences"":1,""exclusive"":true},{""form"":""theoreticas"",""occurrences"":1,""exclusive"":true},{""form"":""theoreticis"",""occurrences"":1,""exclusive"":true}]"
common_lexeme	lexical_group	exenia	NOUN	7	7	0		corroborated_independent	"[{""form"":""exenia"",""occurrences"":7,""exclusive"":true}]"
common_lexeme	lexical_group	extempulo	ADV	7	7	0		corroborated_independent	"[{""form"":""extempulo"",""occurrences"":7,""exclusive"":true}]"
common_lexeme	lexical_group	lippitudo	NOUN	7	7	0		corroborated_independent	"[{""form"":""lippitudinem"",""occurrences"":4,""exclusive"":true},{""form"":""lippitudines"",""occurrences"":1,""exclusive"":true},{""form"":""lippitudini"",""occurrences"":1,""exclusive"":true},{""form"":""lippitudinis"",""occurrences"":1,""exclusive"":true}]"
common_lexeme	lexical_group	mallon	NOUN	7	7	0		single_independent	"[{""form"":""mallon"",""occurrences"":7,""exclusive"":true}]"
common_lexeme	lexical_group	oenogarum	NOUN	7	7	0		single_independent	"[{""form"":""oenogarum"",""occurrences"":7,""exclusive"":true}]"
common_lexeme	lexical_group	retrogradus	ADJ	7	7	0		corroborated_independent	"[{""form"":""retrograda"",""occurrences"":6,""exclusive"":true},{""form"":""retrogrado"",""occurrences"":1,""exclusive"":true}]"
common_lexeme	lexical_group	rheda	NOUN	7	7	0		corroborated_independent	"[{""form"":""rheda"",""occurrences"":4,""exclusive"":true},{""form"":""rhedas"",""occurrences"":2,""exclusive"":true},{""form"":""rhedarum"",""occurrences"":1,""exclusive"":true}]"
common_lexeme	lexical_group	sagda	NOUN	7	7	0		single_independent	"[{""form"":""sagda"",""occurrences"":7,""exclusive"":true}]"
common_lexeme	lexical_group	sagio	VERB	7	7	0		corroborated_independent	"[{""form"":""sagio"",""occurrences"":5,""exclusive"":true},{""form"":""sagire"",""occurrences"":1,""exclusive"":true},{""form"":""sagit"",""occurrences"":1,""exclusive"":true}]"
common_lexeme	lexical_group	scarus	NOUN	7	7	0		corroborated_independent	"[{""form"":""scarus"",""occurrences"":6,""exclusive"":true},{""form"":""scaro"",""occurrences"":1,""exclusive"":true}]"
common_lexeme	lexical_group	sexennium	NOUN	7	7	0		corroborated_independent	"[{""form"":""sexennio"",""occurrences"":7,""exclusive"":true}]"
common_lexeme	lexical_group	simoniacus	ADJ	7	7	0		derived_only	"[{""form"":""simoniacus"",""occurrences"":7,""exclusive"":true}]"
common_lexeme	lexical_group	splen	NOUN	7	7	0		corroborated_independent	"[{""form"":""splen"",""occurrences"":7,""exclusive"":true}]"
common_lexeme	lexical_group	tago	VERB	7	7	0		single_independent	"[{""form"":""tago"",""occurrences"":7,""exclusive"":true}]"
common_lexeme	lexical_group	uruca	NOUN	7	7	0		corroborated_independent	"[{""form"":""uruca"",""occurrences"":3,""exclusive"":true},{""form"":""urucae"",""occurrences"":2,""exclusive"":true},{""form"":""urucam"",""occurrences"":1,""exclusive"":true},{""form"":""urucas"",""occurrences"":1,""exclusive"":true}]"
common_lexeme	lexical_group	nymphaeum	NOUN	10	6	4		corroborated_independent	"[{""form"":""nymphaeo"",""occurrences"":5,""exclusive"":true},{""form"":""nymphaea"",""occurrences"":4,""exclusive"":false},{""form"":""nymphaei"",""occurrences"":1,""exclusive"":true}]"
common_lexeme	lexical_group	scopus	NOUN	7	6	1		corroborated_independent	"[{""form"":""scopus"",""occurrences"":6,""exclusive"":true},{""form"":""scopos"",""occurrences"":1,""exclusive"":false}]"
common_lexeme	lexical_group	bybliopola	NOUN	6	6	0		corroborated_independent	"[{""form"":""bybliopola"",""occurrences"":3,""exclusive"":true},{""form"":""bybliopolam"",""occurrences"":2,""exclusive"":true},{""form"":""bybliopolarum"",""occurrences"":1,""exclusive"":true}]"
common_lexeme	lexical_group	glossopetra	NOUN	6	6	0		single_independent	"[{""form"":""glossopetra"",""occurrences"":6,""exclusive"":true}]"
common_lexeme	lexical_group	gymnosophistae	NOUN	6	6	0		single_independent	"[{""form"":""gymnosophistae"",""occurrences"":6,""exclusive"":true}]"
common_lexeme	lexical_group	minus	ADJ	6	6	0		corroborated_independent	"[{""form"":""mini"",""occurrences"":6,""exclusive"":true}]"
common_lexeme	lexical_group	oppessulatus	ADJ	6	6	0		corroborated_independent	"[{""form"":""oppessulatas"",""occurrences"":2,""exclusive"":true},{""form"":""oppessulata"",""occurrences"":1,""exclusive"":true},{""form"":""oppessulatae"",""occurrences"":1,""exclusive"":true},{""form"":""oppessulatam"",""occurrences"":1,""exclusive"":true},{""form"":""oppessulatis"",""occurrences"":1,""exclusive"":true}]"
common_lexeme	lexical_group	phrasis	NOUN	6	6	0		corroborated_independent	"[{""form"":""phrasi"",""occurrences"":3,""exclusive"":true},{""form"":""phrasis"",""occurrences"":3,""exclusive"":true}]"
common_lexeme	lexical_group	pyrgus	NOUN	14	5	9		corroborated_independent	"[{""form"":""pyrgi"",""occurrences"":4,""exclusive"":false},{""form"":""pyrgum"",""occurrences"":3,""exclusive"":true},{""form"":""pyrgo"",""occurrences"":2,""exclusive"":false},{""form"":""pyrgus"",""occurrences"":2,""exclusive"":false},{""form"":""pyrgis"",""occurrences"":1,""exclusive"":false},{""form"":""pyrgorum"",""occurrences"":1,""exclusive"":true},{""form"":""pyrgos"",""occurrences"":1,""exclusive"":true}]"
common_lexeme	lexical_group	leuga	NOUN	7	5	2		corroborated_independent	"[{""form"":""leuga"",""occurrences"":2,""exclusive"":false},{""form"":""leugis"",""occurrences"":2,""exclusive"":true},{""form"":""leugae"",""occurrences"":1,""exclusive"":true},{""form"":""leugarum"",""occurrences"":1,""exclusive"":true},{""form"":""leugas"",""occurrences"":1,""exclusive"":true}]"
common_lexeme	lexical_group	murteus	ADJ	7	5	2		single_independent	"[{""form"":""murtea"",""occurrences"":2,""exclusive"":false},{""form"":""murteae"",""occurrences"":1,""exclusive"":true},{""form"":""murteam"",""occurrences"":1,""exclusive"":true},{""form"":""murteas"",""occurrences"":1,""exclusive"":true},{""form"":""murteis"",""occurrences"":1,""exclusive"":true},{""form"":""murteum"",""occurrences"":1,""exclusive"":true}]"
common_lexeme	lexical_group	disiecto	VERB	5	5	0		single_independent	"[{""form"":""disiectat"",""occurrences"":2,""exclusive"":true},{""form"":""disiectabant"",""occurrences"":1,""exclusive"":true},{""form"":""disiectare"",""occurrences"":1,""exclusive"":true},{""form"":""disiectatur"",""occurrences"":1,""exclusive"":true}]"
common_lexeme	lexical_group	dryades	NOUN	5	5	0		single_independent	"[{""form"":""dryadas"",""occurrences"":5,""exclusive"":true}]"
common_lexeme	lexical_group	epityrum	NOUN	5	5	0		corroborated_independent	"[{""form"":""epityrum"",""occurrences"":5,""exclusive"":true}]"
common_lexeme	lexical_group	gnomonica	NOUN	5	5	0		single_independent	"[{""form"":""gnomonicis"",""occurrences"":2,""exclusive"":true},{""form"":""gnomonica"",""occurrences"":1,""exclusive"":true},{""form"":""gnomonicam"",""occurrences"":1,""exclusive"":true},{""form"":""gnomonicas"",""occurrences"":1,""exclusive"":true}]"
common_lexeme	lexical_group	haematites	NOUN	5	5	0		single_independent	"[{""form"":""haematites"",""occurrences"":5,""exclusive"":true}]"
common_lexeme	lexical_group	hallucinor	VERB	5	5	0		corroborated_independent	"[{""form"":""hallucinari"",""occurrences"":3,""exclusive"":true},{""form"":""hallucinati"",""occurrences"":1,""exclusive"":true},{""form"":""hallucinetur"",""occurrences"":1,""exclusive"":true}]"
common_lexeme	lexical_group	hemistrigium	NOUN	5	5	0		single_independent	"[{""form"":""hemistrigium"",""occurrences"":5,""exclusive"":true}]"
common_lexeme	lexical_group	horrifico	VERB	5	5	0		corroborated_independent	"[{""form"":""horrificans"",""occurrences"":2,""exclusive"":true},{""form"":""horrificant"",""occurrences"":2,""exclusive"":true},{""form"":""horrificaverant"",""occurrences"":1,""exclusive"":true}]"
common_lexeme	lexical_group	hydraules	NOUN	5	5	0		single_independent	"[{""form"":""hydraulam"",""occurrences"":5,""exclusive"":true}]"
common_lexeme	lexical_group	iatraliptes	NOUN	5	5	0		single_independent	"[{""form"":""iatraliptae"",""occurrences"":4,""exclusive"":true},{""form"":""iatralipten"",""occurrences"":1,""exclusive"":true}]"
common_lexeme	lexical_group	incoram	ADV	5	5	0		single_independent	"[{""form"":""incoram"",""occurrences"":5,""exclusive"":true}]"
common_lexeme	lexical_group	lacteolus	ADJ	5	5	0		corroborated_independent	"[{""form"":""lacteolae"",""occurrences"":2,""exclusive"":true},{""form"":""lacteolam"",""occurrences"":1,""exclusive"":true},{""form"":""lacteolas"",""occurrences"":1,""exclusive"":true},{""form"":""lacteolos"",""occurrences"":1,""exclusive"":true}]"
common_lexeme	lexical_group	lyristes	NOUN	5	5	0		single_independent	"[{""form"":""lyristes"",""occurrences"":4,""exclusive"":true},{""form"":""lyristae"",""occurrences"":1,""exclusive"":true}]"
common_lexeme	lexical_group	matutinalis	ADJ	5	5	0		corroborated_independent	"[{""form"":""matutinali"",""occurrences"":2,""exclusive"":true},{""form"":""matutinale"",""occurrences"":1,""exclusive"":true},{""form"":""matutinalibus"",""occurrences"":1,""exclusive"":true},{""form"":""matutinalium"",""occurrences"":1,""exclusive"":true}]"
common_lexeme	lexical_group	metensomatosis	NOUN	5	5	0		single_independent	"[{""form"":""metensomatosis"",""occurrences"":5,""exclusive"":true}]"
common_lexeme	lexical_group	monomachus	NOUN	5	5	0		single_independent	"[{""form"":""monomachus"",""occurrences"":5,""exclusive"":true}]"
common_lexeme	lexical_group	nomos	NOUN	5	5	0		corroborated_independent	"[{""form"":""nomon"",""occurrences"":5,""exclusive"":true}]"
common_lexeme	lexical_group	oxymeli	NOUN	5	5	0		single_independent	"[{""form"":""oxymeli"",""occurrences"":4,""exclusive"":true},{""form"":""oxymelite"",""occurrences"":1,""exclusive"":true}]"
common_lexeme	lexical_group	permixtim	ADV	5	5	0		single_independent	"[{""form"":""permixtim"",""occurrences"":5,""exclusive"":true}]"
common_lexeme	lexical_group	pertrecto	VERB	5	5	0		corroborated_independent	"[{""form"":""pertrectat"",""occurrences"":3,""exclusive"":true},{""form"":""pertrectavi"",""occurrences"":1,""exclusive"":true},{""form"":""pertrectavit"",""occurrences"":1,""exclusive"":true}]"
common_lexeme	lexical_group	por	NOUN	5	5	0		corroborated_independent	"[{""form"":""por"",""occurrences"":5,""exclusive"":true}]"
common_lexeme	lexical_group	praefica	NOUN	5	5	0		corroborated_independent	"[{""form"":""praefica"",""occurrences"":5,""exclusive"":true}]"
common_lexeme	lexical_group	reipsa	ADV	5	5	0		derived_only	"[{""form"":""reipsa"",""occurrences"":5,""exclusive"":true}]"
common_lexeme	lexical_group	sandaraca	NOUN	5	5	0		single_independent	"[{""form"":""sandaraca"",""occurrences"":5,""exclusive"":true}]"
common_lexeme	lexical_group	sororcula	NOUN	5	5	0		corroborated_independent	"[{""form"":""sororculae"",""occurrences"":4,""exclusive"":true},{""form"":""sororculam"",""occurrences"":1,""exclusive"":true}]"
common_lexeme	lexical_group	spondius	NOUN	5	5	0		derived_only	"[{""form"":""spondius"",""occurrences"":5,""exclusive"":true}]"
common_lexeme	lexical_group	subdiu	ADV	5	5	0		derived_only	"[{""form"":""subdiu"",""occurrences"":5,""exclusive"":true}]"
common_lexeme	lexical_group	theotocos	NOUN	5	5	0		corroborated_independent	"[{""form"":""theotocos"",""occurrences"":4,""exclusive"":true},{""form"":""theotocon"",""occurrences"":1,""exclusive"":true}]"
common_lexeme	lexical_group	thos	NOUN	5	5	0		corroborated_independent	"[{""form"":""thoe"",""occurrences"":2,""exclusive"":true},{""form"":""thoes"",""occurrences"":1,""exclusive"":true},{""form"":""thoi"",""occurrences"":1,""exclusive"":true},{""form"":""thoum"",""occurrences"":1,""exclusive"":true}]"
common_lexeme	lexical_group	topper	ADV	5	5	0		single_independent	"[{""form"":""topper"",""occurrences"":5,""exclusive"":true}]"
common_lexeme	lexical_group	tragus	NOUN	5	5	0		corroborated_independent	"[{""form"":""tragos"",""occurrences"":4,""exclusive"":true},{""form"":""tragus"",""occurrences"":1,""exclusive"":true}]"
common_lexeme	lexical_group	prognostica	NOUN	15	4	11		corroborated_independent	"[{""form"":""prognostica"",""occurrences"":11,""exclusive"":false},{""form"":""prognosticis"",""occurrences"":2,""exclusive"":true},{""form"":""prognosticorum"",""occurrences"":2,""exclusive"":true}]"
common_lexeme	lexical_group	pentateuchus	NOUN	11	4	7		single_independent	"[{""form"":""pentateuchum"",""occurrences"":5,""exclusive"":false},{""form"":""pentateucho"",""occurrences"":4,""exclusive"":true},{""form"":""pentateuchus"",""occurrences"":2,""exclusive"":false}]"
common_lexeme	lexical_group	caunius	ADJ	7	4	3		single_independent	"[{""form"":""caunii"",""occurrences"":3,""exclusive"":false},{""form"":""caunios"",""occurrences"":2,""exclusive"":true},{""form"":""cauniarum"",""occurrences"":1,""exclusive"":true},{""form"":""cauniis"",""occurrences"":1,""exclusive"":true}]"
common_lexeme	lexical_group	galactites	NOUN	6	4	2		single_independent	"[{""form"":""galactites"",""occurrences"":4,""exclusive"":true},{""form"":""galactitis"",""occurrences"":2,""exclusive"":false}]"
common_lexeme	lexical_group	atellanius	ADJ	4	4	0		single_independent	"[{""form"":""atellania"",""occurrences"":2,""exclusive"":true},{""form"":""atellanio"",""occurrences"":2,""exclusive"":true}]"
common_lexeme	lexical_group	dynamis	NOUN	4	4	0		corroborated_independent	"[{""form"":""dynamin"",""occurrences"":3,""exclusive"":true},{""form"":""dynamis"",""occurrences"":1,""exclusive"":true}]"
common_lexeme	lexical_group	ehodum	VERB	4	4	0		corroborated_independent	"[{""form"":""ehodum"",""occurrences"":4,""exclusive"":true}]"
common_lexeme	lexical_group	epha	NOUN	4	4	0		single_independent	"[{""form"":""epha"",""occurrences"":4,""exclusive"":true}]"
common_lexeme	lexical_group	expromissor	NOUN	4	4	0		corroborated_independent	"[{""form"":""expromissor"",""occurrences"":4,""exclusive"":true}]"
common_lexeme	lexical_group	exsanio	VERB	4	4	0		corroborated_independent	"[{""form"":""exsaniari"",""occurrences"":2,""exclusive"":true},{""form"":""exsaniet"",""occurrences"":1,""exclusive"":true},{""form"":""exsanietur"",""occurrences"":1,""exclusive"":true}]"
common_lexeme	lexical_group	gavia	NOUN	4	4	0		corroborated_independent	"[{""form"":""gavia"",""occurrences"":2,""exclusive"":true},{""form"":""gaviis"",""occurrences"":2,""exclusive"":true}]"
common_lexeme	lexical_group	geron	NOUN	4	4	0		single_independent	"[{""form"":""geron"",""occurrences"":2,""exclusive"":true},{""form"":""gerontis"",""occurrences"":2,""exclusive"":true}]"
common_lexeme	lexical_group	gnomon	NOUN	4	4	0		single_independent	"[{""form"":""gnomon"",""occurrences"":4,""exclusive"":true}]"
common_lexeme	lexical_group	gracula	NOUN	4	4	0		derived_only	"[{""form"":""gracula"",""occurrences"":4,""exclusive"":true}]"
common_lexeme	lexical_group	hemicyclus	NOUN	4	4	0		corroborated_independent	"[{""form"":""hemicycli"",""occurrences"":3,""exclusive"":true},{""form"":""hemicyclis"",""occurrences"":1,""exclusive"":true}]"
common_lexeme	lexical_group	hypocausis	NOUN	4	4	0		single_independent	"[{""form"":""hypocausim"",""occurrences"":2,""exclusive"":true},{""form"":""hypocausi"",""occurrences"":1,""exclusive"":true},{""form"":""hypocausis"",""occurrences"":1,""exclusive"":true}]"
common_lexeme	lexical_group	induperator	NOUN	4	4	0		single_independent	"[{""form"":""induperatorem"",""occurrences"":2,""exclusive"":true},{""form"":""induperatores"",""occurrences"":1,""exclusive"":true},{""form"":""induperatori"",""occurrences"":1,""exclusive"":true}]"
common_lexeme	lexical_group	latrocinalis	ADJ	4	4	0		single_independent	"[{""form"":""latrocinales"",""occurrences"":2,""exclusive"":true},{""form"":""latrocinali"",""occurrences"":1,""exclusive"":true},{""form"":""latrocinalia"",""occurrences"":1,""exclusive"":true}]"
common_lexeme	lexical_group	mitifico	VERB	4	4	0		corroborated_independent	"[{""form"":""mitificant"",""occurrences"":2,""exclusive"":true},{""form"":""mitificent"",""occurrences"":1,""exclusive"":true},{""form"":""mitificet"",""occurrences"":1,""exclusive"":true}]"
common_lexeme	lexical_group	monogenes	NOUN	4	4	0		single_independent	"[{""form"":""monogenes"",""occurrences"":4,""exclusive"":true}]"
common_lexeme	lexical_group	monstrosus	ADJ	4	4	0		single_independent	"[{""form"":""monstrosius"",""occurrences"":4,""exclusive"":true}]"
common_lexeme	lexical_group	montius	ADJ	4	4	0		derived_only	"[{""form"":""montius"",""occurrences"":4,""exclusive"":true}]"
common_lexeme	lexical_group	musio	NOUN	4	4	0		derived_only	"[{""form"":""musio"",""occurrences"":4,""exclusive"":true}]"
common_lexeme	lexical_group	myrrhites	NOUN	4	4	0		single_independent	"[{""form"":""myrrhites"",""occurrences"":4,""exclusive"":true}]"
common_lexeme	lexical_group	nostras	ADJ	4	4	0		corroborated_independent	"[{""form"":""nostratem"",""occurrences"":4,""exclusive"":true}]"
common_lexeme	lexical_group	obstrusus	ADJ	4	4	0		corroborated_independent	"[{""form"":""obstruso"",""occurrences"":3,""exclusive"":true},{""form"":""obstrusae"",""occurrences"":1,""exclusive"":true}]"
common_lexeme	lexical_group	octaphoron	NOUN	4	4	0		corroborated_independent	"[{""form"":""octaphoro"",""occurrences"":4,""exclusive"":true}]"
common_lexeme	lexical_group	ostes	NOUN	4	4	0		single_independent	"[{""form"":""ostes"",""occurrences"":4,""exclusive"":true}]"
common_lexeme	lexical_group	paene	ADJ	4	4	0		single_independent	"[{""form"":""paenissime"",""occurrences"":4,""exclusive"":true}]"
common_lexeme	lexical_group	paranymphus	NOUN	4	4	0		corroborated_independent	"[{""form"":""paranymphus"",""occurrences"":2,""exclusive"":true},{""form"":""paranymphi"",""occurrences"":1,""exclusive"":true},{""form"":""paranymphos"",""occurrences"":1,""exclusive"":true}]"
common_lexeme	lexical_group	paronomasia	NOUN	4	4	0		corroborated_independent	"[{""form"":""paronomasia"",""occurrences"":4,""exclusive"":true}]"
common_lexeme	lexical_group	partialis	ADJ	4	4	0		single_independent	"[{""form"":""partialem"",""occurrences"":4,""exclusive"":true}]"
common_lexeme	lexical_group	periero	VERB	4	4	0		single_independent	"[{""form"":""perierando"",""occurrences"":1,""exclusive"":true},{""form"":""perierandum"",""occurrences"":1,""exclusive"":true},{""form"":""perierante"",""occurrences"":1,""exclusive"":true},{""form"":""perieranti"",""occurrences"":1,""exclusive"":true}]"
common_lexeme	lexical_group	perissologia	NOUN	4	4	0		single_independent	"[{""form"":""perissologia"",""occurrences"":4,""exclusive"":true}]"
common_lexeme	lexical_group	phellos	NOUN	4	4	0		single_independent	"[{""form"":""phellos"",""occurrences"":4,""exclusive"":true}]"
common_lexeme	lexical_group	phlogites	NOUN	4	4	0		single_independent	"[{""form"":""phlogites"",""occurrences"":4,""exclusive"":true}]"
common_lexeme	lexical_group	promptitudo	NOUN	4	4	0		corroborated_independent	"[{""form"":""promptitudinem"",""occurrences"":3,""exclusive"":true},{""form"":""promptitudine"",""occurrences"":1,""exclusive"":true}]"
common_lexeme	lexical_group	ravis	NOUN	4	4	0		corroborated_independent	"[{""form"":""ravim"",""occurrences"":4,""exclusive"":true}]"
common_lexeme	lexical_group	sanguino	VERB	4	4	0		corroborated_independent	"[{""form"":""sanguino"",""occurrences"":2,""exclusive"":true},{""form"":""sanguinabant"",""occurrences"":1,""exclusive"":true},{""form"":""sanguinent"",""occurrences"":1,""exclusive"":true}]"
common_lexeme	lexical_group	scordalus	NOUN	4	4	0		corroborated_independent	"[{""form"":""scordalus"",""occurrences"":2,""exclusive"":true},{""form"":""scordalo"",""occurrences"":1,""exclusive"":true},{""form"":""scordalum"",""occurrences"":1,""exclusive"":true}]"
common_lexeme	lexical_group	sil	NOUN	4	4	0		single_independent	"[{""form"":""sil"",""occurrences"":4,""exclusive"":true}]"
common_lexeme	lexical_group	sollus	ADJ	4	4	0		corroborated_independent	"[{""form"":""solli"",""occurrences"":4,""exclusive"":true}]"
common_lexeme	lexical_group	syllogisticus	ADJ	4	4	0		corroborated_independent	"[{""form"":""syllogistica"",""occurrences"":2,""exclusive"":true},{""form"":""syllogisticis"",""occurrences"":1,""exclusive"":true},{""form"":""syllogisticum"",""occurrences"":1,""exclusive"":true}]"
common_lexeme	lexical_group	syncerastum	NOUN	4	4	0		single_independent	"[{""form"":""syncerastum"",""occurrences"":4,""exclusive"":true}]"
common_lexeme	lexical_group	tecolithos	NOUN	4	4	0		single_independent	"[{""form"":""tecolithos"",""occurrences"":4,""exclusive"":true}]"
common_lexeme	lexical_group	theoretice	NOUN	4	4	0		derived_only	"[{""form"":""theoretice"",""occurrences"":4,""exclusive"":true}]"
common_lexeme	lexical_group	tredecies	ADV	4	4	0		single_independent	"[{""form"":""tredecies"",""occurrences"":4,""exclusive"":true}]"
common_lexeme	lexical_group	utis	NOUN	4	4	0		single_independent	"[{""form"":""utin"",""occurrences"":4,""exclusive"":true}]"
common_lexeme	lexical_group	vorsutus	ADJ	4	4	0		single_independent	"[{""form"":""vorsutus"",""occurrences"":2,""exclusive"":true},{""form"":""vorsute"",""occurrences"":1,""exclusive"":true},{""form"":""vorsutior"",""occurrences"":1,""exclusive"":true}]"
common_lexeme	lexical_group	zygius	ADJ	4	4	0		single_independent	"[{""form"":""zygiae"",""occurrences"":2,""exclusive"":true},{""form"":""zygiam"",""occurrences"":2,""exclusive"":true}]"
common_lexeme	lexical_group	parra	NOUN	8	3	5		corroborated_independent	"[{""form"":""parra"",""occurrences"":5,""exclusive"":false},{""form"":""parrae"",""occurrences"":2,""exclusive"":true},{""form"":""parram"",""occurrences"":1,""exclusive"":true}]"
common_lexeme	lexical_group	draucus	NOUN	5	3	2		corroborated_independent	"[{""form"":""draucus"",""occurrences"":2,""exclusive"":false},{""form"":""drauci"",""occurrences"":1,""exclusive"":true},{""form"":""draucis"",""occurrences"":1,""exclusive"":true},{""form"":""draucos"",""occurrences"":1,""exclusive"":true}]"
common_lexeme	lexical_group	salmo	NOUN	5	3	2		corroborated_independent	"[{""form"":""salmo"",""occurrences"":2,""exclusive"":true},{""form"":""salmonis"",""occurrences"":2,""exclusive"":false},{""form"":""salmonem"",""occurrences"":1,""exclusive"":true}]"
common_lexeme	lexical_group	draconteus	ADJ	4	3	1		corroborated_independent	"[{""form"":""draconteo"",""occurrences"":2,""exclusive"":true},{""form"":""dracontea"",""occurrences"":1,""exclusive"":false},{""form"":""draconteis"",""occurrences"":1,""exclusive"":true}]"
common_lexeme	lexical_group	matus	ADJ	4	3	1		corroborated_independent	"[{""form"":""mati"",""occurrences"":2,""exclusive"":true},{""form"":""mato"",""occurrences"":1,""exclusive"":true},{""form"":""matus"",""occurrences"":1,""exclusive"":false}]"
common_lexeme	lexical_group	tympanizo	VERB	4	3	1		corroborated_independent	"[{""form"":""tympanizante"",""occurrences"":2,""exclusive"":true},{""form"":""tympanizans"",""occurrences"":1,""exclusive"":false},{""form"":""tympanizant"",""occurrences"":1,""exclusive"":true}]"
common_lexeme	lexical_group	aforis	ADV	3	3	0		derived_only	"[{""form"":""aforis"",""occurrences"":3,""exclusive"":true}]"
common_lexeme	lexical_group	anastrophe	NOUN	3	3	0		single_independent	"[{""form"":""anastrophe"",""occurrences"":3,""exclusive"":true}]"
common_lexeme	lexical_group	daimon	NOUN	3	3	0		single_independent	"[{""form"":""daimon"",""occurrences"":3,""exclusive"":true}]"
common_lexeme	lexical_group	defensito	VERB	3	3	0		corroborated_independent	"[{""form"":""defensitavit"",""occurrences"":2,""exclusive"":true},{""form"":""defensitaverat"",""occurrences"":1,""exclusive"":true}]"
common_lexeme	lexical_group	disparilitas	NOUN	3	3	0		corroborated_independent	"[{""form"":""disparilitatem"",""occurrences"":3,""exclusive"":true}]"
common_lexeme	lexical_group	dracaena	NOUN	3	3	0		single_independent	"[{""form"":""dracaena"",""occurrences"":3,""exclusive"":true}]"
common_lexeme	lexical_group	effluus	ADJ	3	3	0		corroborated_independent	"[{""form"":""effluus"",""occurrences"":3,""exclusive"":true}]"
common_lexeme	lexical_group	epibata	NOUN	3	3	0		corroborated_independent	"[{""form"":""epibatis"",""occurrences"":3,""exclusive"":true}]"
common_lexeme	lexical_group	erctum	NOUN	3	3	0		derived_only	"[{""form"":""erctum"",""occurrences"":3,""exclusive"":true}]"
common_lexeme	lexical_group	ergasterium	NOUN	3	3	0		corroborated_independent	"[{""form"":""ergasterium"",""occurrences"":3,""exclusive"":true}]"
common_lexeme	lexical_group	ergata	NOUN	3	3	0		corroborated_independent	"[{""form"":""ergata"",""occurrences"":3,""exclusive"":true}]"
common_lexeme	lexical_group	eurythmia	NOUN	3	3	0		corroborated_independent	"[{""form"":""eurythmia"",""occurrences"":3,""exclusive"":true}]"
common_lexeme	lexical_group	exagoga	NOUN	3	3	0		corroborated_independent	"[{""form"":""exagogam"",""occurrences"":2,""exclusive"":true},{""form"":""exagogae"",""occurrences"":1,""exclusive"":true}]"
common_lexeme	lexical_group	exintero	VERB	3	3	0		corroborated_independent	"[{""form"":""exintera"",""occurrences"":1,""exclusive"":true},{""form"":""exinterata"",""occurrences"":1,""exclusive"":true},{""form"":""exinteratus"",""occurrences"":1,""exclusive"":true}]"
common_lexeme	lexical_group	extuberatus	ADJ	3	3	0		single_independent	"[{""form"":""extuberatus"",""occurrences"":3,""exclusive"":true}]"
common_lexeme	lexical_group	exuccus	VERB	3	3	0		corroborated_independent	"[{""form"":""exuctus"",""occurrences"":3,""exclusive"":true}]"
common_lexeme	lexical_group	famigero	VERB	3	3	0		corroborated_independent	"[{""form"":""famigerata"",""occurrences"":2,""exclusive"":true},{""form"":""famigeratum"",""occurrences"":1,""exclusive"":true}]"
common_lexeme	lexical_group	filo	VERB	3	3	0		corroborated_independent	"[{""form"":""filat"",""occurrences"":2,""exclusive"":true},{""form"":""filas"",""occurrences"":1,""exclusive"":true}]"
common_lexeme	lexical_group	fratruelis	NOUN	3	3	0		corroborated_independent	"[{""form"":""fratruelis"",""occurrences"":3,""exclusive"":true}]"
common_lexeme	lexical_group	gabata	NOUN	3	3	0		corroborated_independent	"[{""form"":""gabatae"",""occurrences"":1,""exclusive"":true},{""form"":""gabatam"",""occurrences"":1,""exclusive"":true},{""form"":""gabatas"",""occurrences"":1,""exclusive"":true}]"
common_lexeme	lexical_group	gamma	NOUN	3	3	0		single_independent	"[{""form"":""gamma"",""occurrences"":3,""exclusive"":true}]"
common_lexeme	lexical_group	gizeria	NOUN	3	3	0		single_independent	"[{""form"":""gizeria"",""occurrences"":3,""exclusive"":true}]"
common_lexeme	lexical_group	gnaruris	ADJ	3	3	0		single_independent	"[{""form"":""gnarures"",""occurrences"":2,""exclusive"":true},{""form"":""gnaruris"",""occurrences"":1,""exclusive"":true}]"
common_lexeme	lexical_group	gracilentus	ADJ	3	3	0		corroborated_independent	"[{""form"":""gracilenti"",""occurrences"":1,""exclusive"":true},{""form"":""gracilentis"",""occurrences"":1,""exclusive"":true},{""form"":""gracilentum"",""occurrences"":1,""exclusive"":true}]"
common_lexeme	lexical_group	grama	NOUN	3	3	0		single_independent	"[{""form"":""gramarum"",""occurrences"":1,""exclusive"":true},{""form"":""gramas"",""occurrences"":1,""exclusive"":true},{""form"":""gramis"",""occurrences"":1,""exclusive"":true}]"
common_lexeme	lexical_group	haemachates	NOUN	3	3	0		single_independent	"[{""form"":""haemachates"",""occurrences"":2,""exclusive"":true},{""form"":""hæmachates"",""occurrences"":1,""exclusive"":true}]"
common_lexeme	lexical_group	helcium	NOUN	3	3	0		corroborated_independent	"[{""form"":""helcio"",""occurrences"":2,""exclusive"":true},{""form"":""helcia"",""occurrences"":1,""exclusive"":true}]"
common_lexeme	lexical_group	hypnale	NOUN	3	3	0		single_independent	"[{""form"":""hypnale"",""occurrences"":3,""exclusive"":true}]"
common_lexeme	lexical_group	hystrix	NOUN	3	3	0		single_independent	"[{""form"":""hystrix"",""occurrences"":3,""exclusive"":true}]"
common_lexeme	lexical_group	indugredior	VERB	3	3	0		single_independent	"[{""form"":""indugredi"",""occurrences"":3,""exclusive"":true}]"
common_lexeme	lexical_group	inigo	VERB	3	3	0		corroborated_independent	"[{""form"":""inigi"",""occurrences"":1,""exclusive"":true},{""form"":""inigunt"",""occurrences"":1,""exclusive"":true},{""form"":""iniguntur"",""occurrences"":1,""exclusive"":true}]"
common_lexeme	lexical_group	iunix	NOUN	3	3	0		single_independent	"[{""form"":""iunicem"",""occurrences"":2,""exclusive"":true},{""form"":""iunicum"",""occurrences"":1,""exclusive"":true}]"
common_lexeme	lexical_group	lacrumo	VERB	3	3	0		derived_only	"[{""form"":""lacrumo"",""occurrences"":3,""exclusive"":true}]"
common_lexeme	lexical_group	laterculensis	NOUN	3	3	0		single_independent	"[{""form"":""laterculensis"",""occurrences"":3,""exclusive"":true}]"
common_lexeme	lexical_group	leontophonos	NOUN	3	3	0		single_independent	"[{""form"":""leontophonos"",""occurrences"":3,""exclusive"":true}]"
common_lexeme	lexical_group	longiusculus	ADJ	3	3	0		corroborated_independent	"[{""form"":""longiusculae"",""occurrences"":2,""exclusive"":true},{""form"":""longiusculam"",""occurrences"":1,""exclusive"":true}]"
common_lexeme	lexical_group	magistro	VERB	3	3	0		corroborated_independent	"[{""form"":""magistrante"",""occurrences"":1,""exclusive"":true},{""form"":""magistrat"",""occurrences"":1,""exclusive"":true},{""form"":""magistrent"",""occurrences"":1,""exclusive"":true}]"
common_lexeme	lexical_group	monocolos	NOUN	3	3	0		derived_only	"[{""form"":""monocolos"",""occurrences"":3,""exclusive"":true}]"
common_lexeme	lexical_group	monogamus	NOUN	3	3	0		single_independent	"[{""form"":""monogamus"",""occurrences"":3,""exclusive"":true}]"
common_lexeme	lexical_group	munis	ADJ	3	3	0		corroborated_independent	"[{""form"":""munem"",""occurrences"":2,""exclusive"":true},{""form"":""mune"",""occurrences"":1,""exclusive"":true}]"
common_lexeme	lexical_group	mustio	NOUN	3	3	0		derived_only	"[{""form"":""mustio"",""occurrences"":3,""exclusive"":true}]"
common_lexeme	lexical_group	myropola	NOUN	3	3	0		single_independent	"[{""form"":""myropola"",""occurrences"":1,""exclusive"":true},{""form"":""myropolae"",""occurrences"":1,""exclusive"":true},{""form"":""myropolas"",""occurrences"":1,""exclusive"":true}]"
common_lexeme	lexical_group	nullificamen	NOUN	3	3	0		single_independent	"[{""form"":""nullificamen"",""occurrences"":3,""exclusive"":true}]"
common_lexeme	lexical_group	obprobratio	NOUN	3	3	0		single_independent	"[{""form"":""obprobratione"",""occurrences"":3,""exclusive"":true}]"
common_lexeme	lexical_group	odeum	NOUN	3	3	0		corroborated_independent	"[{""form"":""odeum"",""occurrences"":3,""exclusive"":true}]"
common_lexeme	lexical_group	paedagogium	NOUN	3	3	0		corroborated_independent	"[{""form"":""paedagogio"",""occurrences"":2,""exclusive"":true},{""form"":""paedagogii"",""occurrences"":1,""exclusive"":true}]"
common_lexeme	lexical_group	paro	NOUN	3	3	0		corroborated_independent	"[{""form"":""paroni"",""occurrences"":3,""exclusive"":true}]"
common_lexeme	lexical_group	pharmacum	NOUN	3	3	0		single_independent	"[{""form"":""pharmaca"",""occurrences"":3,""exclusive"":true}]"
common_lexeme	lexical_group	pigritor	VERB	3	3	0		single_independent	"[{""form"":""pigritaretur"",""occurrences"":2,""exclusive"":true},{""form"":""pigritatur"",""occurrences"":1,""exclusive"":true}]"
common_lexeme	lexical_group	plistolochia	NOUN	3	3	0		single_independent	"[{""form"":""plistolochia"",""occurrences"":3,""exclusive"":true}]"
common_lexeme	lexical_group	postid	ADV	3	3	0		derived_only	"[{""form"":""postid"",""occurrences"":3,""exclusive"":true}]"
common_lexeme	lexical_group	postilio	NOUN	3	3	0		corroborated_independent	"[{""form"":""postilionem"",""occurrences"":1,""exclusive"":true},{""form"":""postiliones"",""occurrences"":1,""exclusive"":true},{""form"":""postilionibus"",""occurrences"":1,""exclusive"":true}]"
common_lexeme	lexical_group	pressim	ADV	3	3	0		single_independent	"[{""form"":""pressim"",""occurrences"":3,""exclusive"":true}]"
common_lexeme	lexical_group	promptim	ADV	3	3	0		single_independent	"[{""form"":""promptim"",""occurrences"":3,""exclusive"":true}]"
common_lexeme	lexical_group	propylaea	NOUN	3	3	0		single_independent	"[{""form"":""propylaea"",""occurrences"":3,""exclusive"":true}]"
common_lexeme	lexical_group	prospicuus	ADJ	3	3	0		corroborated_independent	"[{""form"":""prospicua"",""occurrences"":3,""exclusive"":true}]"
common_lexeme	lexical_group	psalmographus	NOUN	3	3	0		corroborated_independent	"[{""form"":""psalmographus"",""occurrences"":2,""exclusive"":true},{""form"":""psalmographo"",""occurrences"":1,""exclusive"":true}]"
common_lexeme	lexical_group	puteo	VERB	3	3	0		corroborated_independent	"[{""form"":""putuit"",""occurrences"":2,""exclusive"":true},{""form"":""putuerit"",""occurrences"":1,""exclusive"":true}]"
common_lexeme	lexical_group	putidulus	ADJ	3	3	0		corroborated_independent	"[{""form"":""putidula"",""occurrences"":1,""exclusive"":true},{""form"":""putiduli"",""occurrences"":1,""exclusive"":true},{""form"":""putidulum"",""occurrences"":1,""exclusive"":true}]"
common_lexeme	lexical_group	refectus	NOUN	3	3	0		corroborated_independent	"[{""form"":""refectui"",""occurrences"":3,""exclusive"":true}]"
common_lexeme	lexical_group	rhapsodia	NOUN	3	3	0		corroborated_independent	"[{""form"":""rhapsodia"",""occurrences"":2,""exclusive"":true},{""form"":""rhapsodiae"",""occurrences"":1,""exclusive"":true}]"
common_lexeme	lexical_group	rheuma	NOUN	3	3	0		single_independent	"[{""form"":""rheuma"",""occurrences"":3,""exclusive"":true}]"
common_lexeme	lexical_group	rhonchus	NOUN	3	3	0		corroborated_independent	"[{""form"":""rhonchi"",""occurrences"":1,""exclusive"":true},{""form"":""rhonchis"",""occurrences"":1,""exclusive"":true},{""form"":""rhonchos"",""occurrences"":1,""exclusive"":true}]"
common_lexeme	lexical_group	saio	NOUN	3	3	0		derived_only	"[{""form"":""saio"",""occurrences"":3,""exclusive"":true}]"
common_lexeme	lexical_group	saphirus	NOUN	3	3	0		single_independent	"[{""form"":""saphiri"",""occurrences"":1,""exclusive"":true},{""form"":""saphiros"",""occurrences"":1,""exclusive"":true},{""form"":""saphirus"",""occurrences"":1,""exclusive"":true}]"
common_lexeme	lexical_group	schedius	ADJ	3	3	0		single_independent	"[{""form"":""schedius"",""occurrences"":3,""exclusive"":true}]"
common_lexeme	lexical_group	scolopendra	NOUN	3	3	0		single_independent	"[{""form"":""scolopendra"",""occurrences"":3,""exclusive"":true}]"
common_lexeme	lexical_group	segmen	NOUN	3	3	0		corroborated_independent	"[{""form"":""segmina"",""occurrences"":2,""exclusive"":true},{""form"":""segminibus"",""occurrences"":1,""exclusive"":true}]"
common_lexeme	lexical_group	septennis	ADJ	3	3	0		single_independent	"[{""form"":""septennis"",""occurrences"":3,""exclusive"":true}]"
common_lexeme	lexical_group	splendico	VERB	3	3	0		corroborated_independent	"[{""form"":""splendicant"",""occurrences"":2,""exclusive"":true},{""form"":""splendicarent"",""occurrences"":1,""exclusive"":true}]"
common_lexeme	lexical_group	subductarius	ADJ	3	3	0		corroborated_independent	"[{""form"":""subductarios"",""occurrences"":3,""exclusive"":true}]"
common_lexeme	lexical_group	suggrunda	NOUN	3	3	0		derived_only	"[{""form"":""suggrunda"",""occurrences"":3,""exclusive"":true}]"
common_lexeme	lexical_group	tautologia	NOUN	3	3	0		single_independent	"[{""form"":""tautologia"",""occurrences"":3,""exclusive"":true}]"
common_lexeme	lexical_group	terebra	NOUN	3	3	0		corroborated_independent	"[{""form"":""terebram"",""occurrences"":3,""exclusive"":true}]"
common_lexeme	lexical_group	terruncius	NOUN	3	3	0		single_independent	"[{""form"":""terruncius"",""occurrences"":3,""exclusive"":true}]"
common_lexeme	lexical_group	tertiocerius	NOUN	3	3	0		single_independent	"[{""form"":""tertiocerius"",""occurrences"":3,""exclusive"":true}]"
common_lexeme	lexical_group	tetrasticha	NOUN	3	3	0		corroborated_independent	"[{""form"":""tetrastichon"",""occurrences"":2,""exclusive"":true},{""form"":""tetrasticha"",""occurrences"":1,""exclusive"":true}]"
common_lexeme	lexical_group	thermipolium	NOUN	3	3	0		single_independent	"[{""form"":""thermipolio"",""occurrences"":2,""exclusive"":true},{""form"":""thermipolium"",""occurrences"":1,""exclusive"":true}]"
common_lexeme	lexical_group	tius	NOUN	3	3	0		derived_only	"[{""form"":""tius"",""occurrences"":3,""exclusive"":true}]"
common_lexeme	lexical_group	topia	NOUN	3	3	0		single_independent	"[{""form"":""topia"",""occurrences"":3,""exclusive"":true}]"
common_lexeme	lexical_group	trochilus	NOUN	3	3	0		single_independent	"[{""form"":""trochilus"",""occurrences"":3,""exclusive"":true}]"
common_lexeme	lexical_group	tufa	NOUN	3	3	0		single_independent	"[{""form"":""tufa"",""occurrences"":3,""exclusive"":true}]"
common_lexeme	lexical_group	vicennium	NOUN	3	3	0		corroborated_independent	"[{""form"":""vicennii"",""occurrences"":1,""exclusive"":true},{""form"":""vicennio"",""occurrences"":1,""exclusive"":true},{""form"":""vicennium"",""occurrences"":1,""exclusive"":true}]"
common_lexeme	lexical_group	xanthos	NOUN	3	3	0		single_independent	"[{""form"":""xanthos"",""occurrences"":3,""exclusive"":true}]"
common_lexeme	lexical_group	thalassio	NOUN	29	2	27		single_independent	"[{""form"":""thalassio"",""occurrences"":27,""exclusive"":false},{""form"":""thalassionem"",""occurrences"":1,""exclusive"":true},{""form"":""thalassionis"",""occurrences"":1,""exclusive"":true}]"
common_lexeme	lexical_group	poenalis	ADJ	18	2	16		corroborated_independent	"[{""form"":""ium"",""occurrences"":16,""exclusive"":false},{""form"":""poenalior"",""occurrences"":2,""exclusive"":true}]"
common_lexeme	lexical_group	prognosticon	NOUN	13	2	11		single_independent	"[{""form"":""prognostica"",""occurrences"":11,""exclusive"":false},{""form"":""prognosticon"",""occurrences"":2,""exclusive"":true}]"
common_lexeme	lexical_group	gaulus	NOUN	7	2	5		corroborated_independent	"[{""form"":""gaulos"",""occurrences"":4,""exclusive"":false},{""form"":""gauli"",""occurrences"":1,""exclusive"":true},{""form"":""gaulum"",""occurrences"":1,""exclusive"":false},{""form"":""gaulus"",""occurrences"":1,""exclusive"":true}]"
common_lexeme	lexical_group	urvo	VERB	6	2	4		single_independent	"[{""form"":""urbo"",""occurrences"":4,""exclusive"":false},{""form"":""urvo"",""occurrences"":2,""exclusive"":true}]"
common_lexeme	lexical_group	eleutheria	NOUN	4	2	2		corroborated_independent	"[{""form"":""eleutheria"",""occurrences"":2,""exclusive"":false},{""form"":""eleutheriam"",""occurrences"":1,""exclusive"":true},{""form"":""eleutherias"",""occurrences"":1,""exclusive"":true}]"
common_lexeme	lexical_group	embasiocoetas	NOUN	4	2	2		single_independent	"[{""form"":""embasicoetan"",""occurrences"":2,""exclusive"":true},{""form"":""embasicoetas"",""occurrences"":2,""exclusive"":false}]"
common_lexeme	lexical_group	harpago	VERB	4	2	2		corroborated_independent	"[{""form"":""harpaga"",""occurrences"":2,""exclusive"":false},{""form"":""harpagavit"",""occurrences"":1,""exclusive"":true},{""form"":""harpaget"",""occurrences"":1,""exclusive"":true}]"
common_lexeme	lexical_group	semanimus	ADJ	4	2	2		single_independent	"[{""form"":""semanimi"",""occurrences"":2,""exclusive"":false},{""form"":""semanima"",""occurrences"":1,""exclusive"":true},{""form"":""semanimo"",""occurrences"":1,""exclusive"":true}]"
common_lexeme	lexical_group	tinca	NOUN	3	2	1		corroborated_independent	"[{""form"":""tincam"",""occurrences"":2,""exclusive"":true},{""form"":""tincas"",""occurrences"":1,""exclusive"":false}]"
common_lexeme	lexical_group	adytus	NOUN	2	2	0		derived_only	"[{""form"":""adytus"",""occurrences"":2,""exclusive"":true}]"
common_lexeme	lexical_group	aeschrion	NOUN	2	2	0		derived_only	"[{""form"":""aeschrion"",""occurrences"":2,""exclusive"":true}]"
common_lexeme	lexical_group	antistrophus	ADJ	2	2	0		single_independent	"[{""form"":""antistrophus"",""occurrences"":2,""exclusive"":true}]"
common_lexeme	lexical_group	apocleti	NOUN	2	2	0		corroborated_independent	"[{""form"":""apocletos"",""occurrences"":2,""exclusive"":true}]"
common_lexeme	lexical_group	ballematia	NOUN	2	2	0		single_independent	"[{""form"":""ballematia"",""occurrences"":2,""exclusive"":true}]"
common_lexeme	lexical_group	balneus	NOUN	2	2	0		single_independent	"[{""form"":""balneus"",""occurrences"":2,""exclusive"":true}]"
common_lexeme	lexical_group	briso	VERB	2	2	0		single_independent	"[{""form"":""briso"",""occurrences"":2,""exclusive"":true}]"
common_lexeme	lexical_group	cachry	NOUN	2	2	0		single_independent	"[{""form"":""cachry"",""occurrences"":2,""exclusive"":true}]"
common_lexeme	lexical_group	chariton	NOUN	2	2	0		derived_only	"[{""form"":""chariton"",""occurrences"":2,""exclusive"":true}]"
common_lexeme	lexical_group	circelliones	NOUN	2	2	0		single_independent	"[{""form"":""circumcelliones"",""occurrences"":2,""exclusive"":true}]"
common_lexeme	lexical_group	curruca	NOUN	2	2	0		single_independent	"[{""form"":""curruca"",""occurrences"":2,""exclusive"":true}]"
common_lexeme	lexical_group	drepanis	NOUN	2	2	0		corroborated_independent	"[{""form"":""drepanis"",""occurrences"":2,""exclusive"":true}]"
common_lexeme	lexical_group	dropax	NOUN	2	2	0		corroborated_independent	"[{""form"":""dropace"",""occurrences"":2,""exclusive"":true}]"
common_lexeme	lexical_group	dualis	ADJ	2	2	0		corroborated_independent	"[{""form"":""dualem"",""occurrences"":2,""exclusive"":true}]"
common_lexeme	lexical_group	dulciloquus	ADJ	2	2	0		corroborated_independent	"[{""form"":""dulciloqua"",""occurrences"":1,""exclusive"":true},{""form"":""dulciloquos"",""occurrences"":1,""exclusive"":true}]"
common_lexeme	lexical_group	dyas	NOUN	2	2	0		corroborated_independent	"[{""form"":""dyade"",""occurrences"":1,""exclusive"":true},{""form"":""dyadem"",""occurrences"":1,""exclusive"":true}]"
common_lexeme	lexical_group	effoco	VERB	2	2	0		corroborated_independent	"[{""form"":""effocantur"",""occurrences"":1,""exclusive"":true},{""form"":""effocat"",""occurrences"":1,""exclusive"":true}]"
common_lexeme	lexical_group	elaeothesium	NOUN	2	2	0		single_independent	"[{""form"":""elaeothesium"",""occurrences"":2,""exclusive"":true}]"
common_lexeme	lexical_group	ellipsis	NOUN	2	2	0		corroborated_independent	"[{""form"":""ellipsis"",""occurrences"":2,""exclusive"":true}]"
common_lexeme	lexical_group	enthusiastae	NOUN	2	2	0		single_independent	"[{""form"":""enthusiastae"",""occurrences"":2,""exclusive"":true}]"
common_lexeme	lexical_group	enthymesis	NOUN	2	2	0		corroborated_independent	"[{""form"":""enthymesis"",""occurrences"":2,""exclusive"":true}]"
common_lexeme	lexical_group	epagoge	NOUN	2	2	0		corroborated_independent	"[{""form"":""epagogen"",""occurrences"":2,""exclusive"":true}]"
common_lexeme	lexical_group	epanodos	NOUN	2	2	0		single_independent	"[{""form"":""epanodos"",""occurrences"":2,""exclusive"":true}]"
common_lexeme	lexical_group	epicactis	NOUN	2	2	0		corroborated_independent	"[{""form"":""epicactis"",""occurrences"":2,""exclusive"":true}]"
common_lexeme	lexical_group	epichysis	NOUN	2	2	0		corroborated_independent	"[{""form"":""epichysis"",""occurrences"":2,""exclusive"":true}]"
common_lexeme	lexical_group	epimelas	NOUN	2	2	0		corroborated_independent	"[{""form"":""epimelas"",""occurrences"":2,""exclusive"":true}]"
common_lexeme	lexical_group	epiphonema	NOUN	2	2	0		corroborated_independent	"[{""form"":""epiphonema"",""occurrences"":2,""exclusive"":true}]"
common_lexeme	lexical_group	epistates	NOUN	2	2	0		corroborated_independent	"[{""form"":""epistatae"",""occurrences"":1,""exclusive"":true},{""form"":""epistates"",""occurrences"":1,""exclusive"":true}]"
common_lexeme	lexical_group	erythraeus	ADJ	2	2	0		single_independent	"[{""form"":""erythraeus"",""occurrences"":2,""exclusive"":true}]"
common_lexeme	lexical_group	ethopoeia	NOUN	2	2	0		single_independent	"[{""form"":""ethopoeia"",""occurrences"":2,""exclusive"":true}]"
common_lexeme	lexical_group	euphorbea	NOUN	2	2	0		corroborated_independent	"[{""form"":""euphorbea"",""occurrences"":2,""exclusive"":true}]"
common_lexeme	lexical_group	euphrone	NOUN	2	2	0		corroborated_independent	"[{""form"":""euphrone"",""occurrences"":2,""exclusive"":true}]"
common_lexeme	lexical_group	exormiston	NOUN	2	2	0		corroborated_independent	"[{""form"":""exormiston"",""occurrences"":2,""exclusive"":true}]"
common_lexeme	lexical_group	exporgo	VERB	2	2	0		corroborated_independent	"[{""form"":""exporge"",""occurrences"":1,""exclusive"":true},{""form"":""exporgi"",""occurrences"":1,""exclusive"":true}]"
common_lexeme	lexical_group	expunctio	NOUN	2	2	0		corroborated_independent	"[{""form"":""expunctio"",""occurrences"":2,""exclusive"":true}]"
common_lexeme	lexical_group	extrorsum	ADV	2	2	0		single_independent	"[{""form"":""extrorsum"",""occurrences"":2,""exclusive"":true}]"
common_lexeme	lexical_group	fascio	VERB	2	2	0		corroborated_independent	"[{""form"":""fasciabatur"",""occurrences"":1,""exclusive"":true},{""form"":""fasciandi"",""occurrences"":1,""exclusive"":true}]"
common_lexeme	lexical_group	festra	NOUN	2	2	0		corroborated_independent	"[{""form"":""festram"",""occurrences"":2,""exclusive"":true}]"
common_lexeme	lexical_group	flammivomus	ADJ	2	2	0		corroborated_independent	"[{""form"":""flammivoma"",""occurrences"":1,""exclusive"":true},{""form"":""flammivomo"",""occurrences"":1,""exclusive"":true}]"
common_lexeme	lexical_group	foro	VERB	2	2	0		corroborated_independent	"[{""form"":""foraverit"",""occurrences"":1,""exclusive"":true},{""form"":""foravit"",""occurrences"":1,""exclusive"":true}]"
common_lexeme	lexical_group	fraglo	VERB	2	2	0		corroborated_independent	"[{""form"":""fraglat"",""occurrences"":1,""exclusive"":true},{""form"":""fraglo"",""occurrences"":1,""exclusive"":true}]"
common_lexeme	lexical_group	frit	NOUN	2	2	0		corroborated_independent	"[{""form"":""frit"",""occurrences"":2,""exclusive"":true}]"
common_lexeme	lexical_group	fusterna	NOUN	2	2	0		corroborated_independent	"[{""form"":""fusterna"",""occurrences"":2,""exclusive"":true}]"
common_lexeme	lexical_group	genethlialogia	NOUN	2	2	0		single_independent	"[{""form"":""genethlialogiae"",""occurrences"":2,""exclusive"":true}]"
common_lexeme	lexical_group	geomantia	NOUN	2	2	0		derived_only	"[{""form"":""geomantia"",""occurrences"":2,""exclusive"":true}]"
common_lexeme	lexical_group	geometer	NOUN	2	2	0		derived_only	"[{""form"":""geometer"",""occurrences"":2,""exclusive"":true}]"
common_lexeme	lexical_group	glando	NOUN	2	2	0		single_independent	"[{""form"":""glando"",""occurrences"":2,""exclusive"":true}]"
common_lexeme	lexical_group	glaucina	NOUN	2	2	0		corroborated_independent	"[{""form"":""glaucina"",""occurrences"":2,""exclusive"":true}]"
common_lexeme	lexical_group	glaux	NOUN	2	2	0		single_independent	"[{""form"":""glaux"",""occurrences"":2,""exclusive"":true}]"
common_lexeme	lexical_group	glycyrriza	NOUN	2	2	0		derived_only	"[{""form"":""glycyrriza"",""occurrences"":2,""exclusive"":true}]"
common_lexeme	lexical_group	grangium	NOUN	2	2	0		single_independent	"[{""form"":""grangiis"",""occurrences"":2,""exclusive"":true}]"
common_lexeme	lexical_group	gubernamen	NOUN	2	2	0		derived_only	"[{""form"":""gubernamen"",""occurrences"":2,""exclusive"":true}]"
common_lexeme	lexical_group	gymnas	NOUN	2	2	0		single_independent	"[{""form"":""gymnas"",""occurrences"":2,""exclusive"":true}]"
common_lexeme	lexical_group	haphe	NOUN	2	2	0		corroborated_independent	"[{""form"":""haphe"",""occurrences"":2,""exclusive"":true}]"
common_lexeme	lexical_group	haruspicium	NOUN	2	2	0		corroborated_independent	"[{""form"":""haruspicii"",""occurrences"":1,""exclusive"":true},{""form"":""haruspicio"",""occurrences"":1,""exclusive"":true}]"
common_lexeme	lexical_group	hederiger	ADJ	2	2	0		corroborated_independent	"[{""form"":""hederigerae"",""occurrences"":2,""exclusive"":true}]"
common_lexeme	lexical_group	helciarius	NOUN	2	2	0		corroborated_independent	"[{""form"":""helciariorum"",""occurrences"":2,""exclusive"":true}]"
common_lexeme	lexical_group	helepolis	NOUN	2	2	0		single_independent	"[{""form"":""helepolis"",""occurrences"":2,""exclusive"":true}]"
common_lexeme	lexical_group	heliocaminus	NOUN	2	2	0		corroborated_independent	"[{""form"":""heliocamino"",""occurrences"":1,""exclusive"":true},{""form"":""heliocaminus"",""occurrences"":1,""exclusive"":true}]"
common_lexeme	lexical_group	heliotropium	NOUN	2	2	0		single_independent	"[{""form"":""heliotropium"",""occurrences"":2,""exclusive"":true}]"
common_lexeme	lexical_group	hemistichium	NOUN	2	2	0		corroborated_independent	"[{""form"":""hemistichia"",""occurrences"":1,""exclusive"":true},{""form"":""hemistichium"",""occurrences"":1,""exclusive"":true}]"
common_lexeme	lexical_group	hephaestitis	NOUN	2	2	0		single_independent	"[{""form"":""hephaestitis"",""occurrences"":2,""exclusive"":true}]"
common_lexeme	lexical_group	hexastylos	ADJ	2	2	0		derived_only	"[{""form"":""hexastylos"",""occurrences"":2,""exclusive"":true}]"
common_lexeme	lexical_group	hexecontalithos	NOUN	2	2	0		single_independent	"[{""form"":""hexecontalithos"",""occurrences"":2,""exclusive"":true}]"
common_lexeme	lexical_group	hilaritudo	NOUN	2	2	0		corroborated_independent	"[{""form"":""hilaritudine"",""occurrences"":2,""exclusive"":true}]"
common_lexeme	lexical_group	hippace	NOUN	2	2	0		single_independent	"[{""form"":""hippace"",""occurrences"":2,""exclusive"":true}]"
common_lexeme	lexical_group	hippophaes	NOUN	2	2	0		single_independent	"[{""form"":""hippophaes"",""occurrences"":2,""exclusive"":true}]"
common_lexeme	lexical_group	hippophaeston	NOUN	2	2	0		single_independent	"[{""form"":""hippophaeston"",""occurrences"":2,""exclusive"":true}]"
common_lexeme	lexical_group	hippos	NOUN	2	2	0		derived_only	"[{""form"":""hippos"",""occurrences"":2,""exclusive"":true}]"
common_lexeme	lexical_group	hir	NOUN	2	2	0		single_independent	"[{""form"":""hir"",""occurrences"":2,""exclusive"":true}]"
common_lexeme	lexical_group	hircuosus	ADJ	2	2	0		corroborated_independent	"[{""form"":""hircuosus"",""occurrences"":2,""exclusive"":true}]"
common_lexeme	lexical_group	homoeomeria	NOUN	2	2	0		corroborated_independent	"[{""form"":""homoeomerian"",""occurrences"":2,""exclusive"":true}]"
common_lexeme	lexical_group	hormiscion	NOUN	2	2	0		single_independent	"[{""form"":""hormiscion"",""occurrences"":2,""exclusive"":true}]"
common_lexeme	lexical_group	horoscopica	NOUN	2	2	0		derived_only	"[{""form"":""horoscopica"",""occurrences"":2,""exclusive"":true}]"
common_lexeme	lexical_group	horricomis	ADJ	2	2	0		corroborated_independent	"[{""form"":""horricomem"",""occurrences"":1,""exclusive"":true},{""form"":""horricomes"",""occurrences"":1,""exclusive"":true}]"
common_lexeme	lexical_group	hyle	NOUN	2	2	0		single_independent	"[{""form"":""hyle"",""occurrences"":2,""exclusive"":true}]"
common_lexeme	lexical_group	hyperdorius	ADJ	2	2	0		derived_only	"[{""form"":""hyperdorius"",""occurrences"":2,""exclusive"":true}]"
common_lexeme	lexical_group	inlunis	ADJ	2	2	0		single_independent	"[{""form"":""inluni"",""occurrences"":1,""exclusive"":true},{""form"":""inlunis"",""occurrences"":1,""exclusive"":true}]"
common_lexeme	lexical_group	inoculatio	NOUN	2	2	0		single_independent	"[{""form"":""inoculatio"",""occurrences"":2,""exclusive"":true}]"
common_lexeme	lexical_group	isemerinos	ADJ	2	2	0		derived_only	"[{""form"":""isemerinos"",""occurrences"":2,""exclusive"":true}]"
common_lexeme	lexical_group	istorsum	ADV	2	2	0		corroborated_independent	"[{""form"":""istorsum"",""occurrences"":2,""exclusive"":true}]"
common_lexeme	lexical_group	iterduca	NOUN	2	2	0		single_independent	"[{""form"":""iterduca"",""occurrences"":2,""exclusive"":true}]"
common_lexeme	lexical_group	iustificus	ADJ	2	2	0		single_independent	"[{""form"":""iustificam"",""occurrences"":2,""exclusive"":true}]"
common_lexeme	lexical_group	lallo	VERB	2	2	0		corroborated_independent	"[{""form"":""lallare"",""occurrences"":1,""exclusive"":true},{""form"":""lallat"",""occurrences"":1,""exclusive"":true}]"
common_lexeme	lexical_group	lanceo	VERB	2	2	0		corroborated_independent	"[{""form"":""lanceat"",""occurrences"":2,""exclusive"":true}]"
common_lexeme	lexical_group	lanionius	ADJ	2	2	0		corroborated_independent	"[{""form"":""lanioniam"",""occurrences"":2,""exclusive"":true}]"
common_lexeme	lexical_group	latria	NOUN	2	2	0		corroborated_independent	"[{""form"":""latriae"",""occurrences"":2,""exclusive"":true}]"
common_lexeme	lexical_group	levir	NOUN	2	2	0		single_independent	"[{""form"":""levir"",""occurrences"":2,""exclusive"":true}]"
common_lexeme	lexical_group	loricatio	NOUN	2	2	0		corroborated_independent	"[{""form"":""loricationem"",""occurrences"":1,""exclusive"":true},{""form"":""loricationes"",""occurrences"":1,""exclusive"":true}]"
common_lexeme	lexical_group	lorico	VERB	2	2	0		corroborated_independent	"[{""form"":""loricandi"",""occurrences"":1,""exclusive"":true},{""form"":""loricandus"",""occurrences"":1,""exclusive"":true}]"
common_lexeme	lexical_group	maceo	VERB	2	2	0		corroborated_independent	"[{""form"":""macet"",""occurrences"":2,""exclusive"":true}]"
common_lexeme	lexical_group	magmentum	NOUN	2	2	0		corroborated_independent	"[{""form"":""magmenta"",""occurrences"":1,""exclusive"":true},{""form"":""magmentum"",""occurrences"":1,""exclusive"":true}]"
common_lexeme	lexical_group	marathum	NOUN	2	2	0		single_independent	"[{""form"":""maratha"",""occurrences"":1,""exclusive"":true},{""form"":""marathum"",""occurrences"":1,""exclusive"":true}]"
common_lexeme	lexical_group	merois	NOUN	2	2	0		single_independent	"[{""form"":""merois"",""occurrences"":2,""exclusive"":true}]"
common_lexeme	lexical_group	mesochorus	NOUN	2	2	0		corroborated_independent	"[{""form"":""mesochorus"",""occurrences"":2,""exclusive"":true}]"
common_lexeme	lexical_group	mesomelas	NOUN	2	2	0		single_independent	"[{""form"":""mesomelas"",""occurrences"":2,""exclusive"":true}]"
common_lexeme	lexical_group	mia	NOUN	2	2	0		single_independent	"[{""form"":""miam"",""occurrences"":2,""exclusive"":true}]"
common_lexeme	lexical_group	molochites	NOUN	2	2	0		single_independent	"[{""form"":""molochites"",""occurrences"":2,""exclusive"":true}]"
common_lexeme	lexical_group	molybdaena	NOUN	2	2	0		single_independent	"[{""form"":""molybdaena"",""occurrences"":2,""exclusive"":true}]"
common_lexeme	lexical_group	monela	NOUN	2	2	0		single_independent	"[{""form"":""monela"",""occurrences"":2,""exclusive"":true}]"
common_lexeme	lexical_group	montensis	ADJ	2	2	0		single_independent	"[{""form"":""montensis"",""occurrences"":2,""exclusive"":true}]"
common_lexeme	lexical_group	mulcebris	ADJ	2	2	0		derived_only	"[{""form"":""mulcebris"",""occurrences"":2,""exclusive"":true}]"
common_lexeme	lexical_group	multibibus	ADJ	2	2	0		corroborated_independent	"[{""form"":""multibiba"",""occurrences"":2,""exclusive"":true}]"
common_lexeme	lexical_group	munifex	NOUN	2	2	0		single_independent	"[{""form"":""munifex"",""occurrences"":2,""exclusive"":true}]"
common_lexeme	lexical_group	murcidus	ADJ	2	2	0		corroborated_independent	"[{""form"":""murcidam"",""occurrences"":1,""exclusive"":true},{""form"":""murcidum"",""occurrences"":1,""exclusive"":true}]"
common_lexeme	lexical_group	myrmecitis	NOUN	2	2	0		single_independent	"[{""form"":""myrmecitis"",""occurrences"":2,""exclusive"":true}]"
common_lexeme	lexical_group	myropolium	NOUN	2	2	0		single_independent	"[{""form"":""myropolia"",""occurrences"":2,""exclusive"":true}]"
common_lexeme	lexical_group	nasturtium	NOUN	2	2	0		corroborated_independent	"[{""form"":""nasturtium"",""occurrences"":2,""exclusive"":true}]"
common_lexeme	lexical_group	nidulor	VERB	2	2	0		corroborated_independent	"[{""form"":""nidulantur"",""occurrences"":1,""exclusive"":true},{""form"":""nidulatur"",""occurrences"":1,""exclusive"":true}]"
common_lexeme	lexical_group	nomenclatio	NOUN	2	2	0		corroborated_independent	"[{""form"":""nomenclationem"",""occurrences"":1,""exclusive"":true},{""form"":""nomenclationis"",""occurrences"":1,""exclusive"":true}]"
common_lexeme	lexical_group	obstrigillo	VERB	2	2	0		corroborated_independent	"[{""form"":""obstrigillandi"",""occurrences"":1,""exclusive"":true},{""form"":""obstrigillant"",""occurrences"":1,""exclusive"":true}]"
common_lexeme	lexical_group	occepto	VERB	2	2	0		corroborated_independent	"[{""form"":""occeptat"",""occurrences"":2,""exclusive"":true}]"
common_lexeme	lexical_group	ochra	NOUN	2	2	0		single_independent	"[{""form"":""ochra"",""occurrences"":2,""exclusive"":true}]"
common_lexeme	lexical_group	octastylos	ADJ	2	2	0		derived_only	"[{""form"":""octastylos"",""occurrences"":2,""exclusive"":true}]"
common_lexeme	lexical_group	oecos	NOUN	2	2	0		derived_only	"[{""form"":""oecos"",""occurrences"":2,""exclusive"":true}]"
common_lexeme	lexical_group	oletas	NOUN	2	2	0		single_independent	"[{""form"":""oletate"",""occurrences"":2,""exclusive"":true}]"
common_lexeme	lexical_group	omniformis	ADJ	2	2	0		corroborated_independent	"[{""form"":""omniforme"",""occurrences"":2,""exclusive"":true}]"
common_lexeme	lexical_group	onear	NOUN	2	2	0		single_independent	"[{""form"":""onear"",""occurrences"":2,""exclusive"":true}]"
common_lexeme	lexical_group	onomatopoeia	NOUN	2	2	0		derived_only	"[{""form"":""onomatopoeia"",""occurrences"":2,""exclusive"":true}]"
common_lexeme	lexical_group	oplomachus	NOUN	2	2	0		single_independent	"[{""form"":""oplomachus"",""occurrences"":2,""exclusive"":true}]"
common_lexeme	lexical_group	osmen	NOUN	2	2	0		derived_only	"[{""form"":""osmen"",""occurrences"":2,""exclusive"":true}]"
common_lexeme	lexical_group	palimbacchius	NOUN	2	2	0		single_independent	"[{""form"":""palimbacchius"",""occurrences"":2,""exclusive"":true}]"
common_lexeme	lexical_group	panchrus	NOUN	2	2	0		single_independent	"[{""form"":""panchrus"",""occurrences"":2,""exclusive"":true}]"
common_lexeme	lexical_group	patagiatus	ADJ	2	2	0		corroborated_independent	"[{""form"":""patagiatam"",""occurrences"":2,""exclusive"":true}]"
common_lexeme	lexical_group	perlecebrae	NOUN	2	2	0		single_independent	"[{""form"":""perlecebrae"",""occurrences"":2,""exclusive"":true}]"
common_lexeme	lexical_group	phaecasiatus	ADJ	2	2	0		corroborated_independent	"[{""form"":""phaecasiati"",""occurrences"":1,""exclusive"":true},{""form"":""phaecasiatum"",""occurrences"":1,""exclusive"":true}]"
common_lexeme	lexical_group	phallus	NOUN	2	2	0		corroborated_independent	"[{""form"":""phallos"",""occurrences"":2,""exclusive"":true}]"
common_lexeme	lexical_group	phengites	NOUN	2	2	0		corroborated_independent	"[{""form"":""phengites"",""occurrences"":2,""exclusive"":true}]"
common_lexeme	lexical_group	pheos	NOUN	2	2	0		single_independent	"[{""form"":""pheos"",""occurrences"":2,""exclusive"":true}]"
common_lexeme	lexical_group	philanthropos	NOUN	2	2	0		single_independent	"[{""form"":""philanthropos"",""occurrences"":2,""exclusive"":true}]"
common_lexeme	lexical_group	phlegontis	NOUN	2	2	0		single_independent	"[{""form"":""phlegontis"",""occurrences"":2,""exclusive"":true}]"
common_lexeme	lexical_group	phonos	NOUN	2	2	0		single_independent	"[{""form"":""phonos"",""occurrences"":2,""exclusive"":true}]"
common_lexeme	lexical_group	phronesis	NOUN	2	2	0		single_independent	"[{""form"":""phronesis"",""occurrences"":2,""exclusive"":true}]"
common_lexeme	lexical_group	phrynion	NOUN	2	2	0		single_independent	"[{""form"":""phrynion"",""occurrences"":2,""exclusive"":true}]"
common_lexeme	lexical_group	physeter	NOUN	2	2	0		corroborated_independent	"[{""form"":""physeter"",""occurrences"":1,""exclusive"":true},{""form"":""physetere"",""occurrences"":1,""exclusive"":true}]"
common_lexeme	lexical_group	plagiator	NOUN	2	2	0		single_independent	"[{""form"":""plagiator"",""occurrences"":2,""exclusive"":true}]"
common_lexeme	lexical_group	plagipatida	NOUN	2	2	0		corroborated_independent	"[{""form"":""plagipatidae"",""occurrences"":1,""exclusive"":true},{""form"":""plagipatidas"",""occurrences"":1,""exclusive"":true}]"
common_lexeme	lexical_group	plinthium	NOUN	2	2	0		single_independent	"[{""form"":""plinthium"",""occurrences"":2,""exclusive"":true}]"
common_lexeme	lexical_group	plinthus	NOUN	2	2	0		single_independent	"[{""form"":""plinthus"",""occurrences"":2,""exclusive"":true}]"
common_lexeme	lexical_group	plumipeda	NOUN	2	2	0		single_independent	"[{""form"":""plumipedas"",""occurrences"":2,""exclusive"":true}]"
common_lexeme	lexical_group	polyptoton	NOUN	2	2	0		single_independent	"[{""form"":""polyptoton"",""occurrences"":2,""exclusive"":true}]"
common_lexeme	lexical_group	propin	NOUN	2	2	0		single_independent	"[{""form"":""propin"",""occurrences"":2,""exclusive"":true}]"
common_lexeme	lexical_group	proserpinaca	NOUN	2	2	0		single_independent	"[{""form"":""proserpinaca"",""occurrences"":2,""exclusive"":true}]"
common_lexeme	lexical_group	psalma	NOUN	2	2	0		single_independent	"[{""form"":""psalma"",""occurrences"":2,""exclusive"":true}]"
common_lexeme	lexical_group	psalmicen	NOUN	2	2	0		single_independent	"[{""form"":""psalmicen"",""occurrences"":2,""exclusive"":true}]"
common_lexeme	lexical_group	psychrolutes	NOUN	2	2	0		single_independent	"[{""form"":""psychrolutam"",""occurrences"":1,""exclusive"":true},{""form"":""psychrolutes"",""occurrences"":1,""exclusive"":true}]"
common_lexeme	lexical_group	pupus	NOUN	2	2	0		corroborated_independent	"[{""form"":""pupos"",""occurrences"":1,""exclusive"":true},{""form"":""pupus"",""occurrences"":1,""exclusive"":true}]"
common_lexeme	lexical_group	purpurissum	NOUN	2	2	0		corroborated_independent	"[{""form"":""purpurisso"",""occurrences"":2,""exclusive"":true}]"
common_lexeme	lexical_group	putea	NOUN	2	2	0		derived_only	"[{""form"":""putea"",""occurrences"":2,""exclusive"":true}]"
common_lexeme	lexical_group	pyriphlegethon	NOUN	2	2	0		single_independent	"[{""form"":""pyriphlegethon"",""occurrences"":2,""exclusive"":true}]"
common_lexeme	lexical_group	quartocerius	ADJ	2	2	0		single_independent	"[{""form"":""quartocerius"",""occurrences"":2,""exclusive"":true}]"
common_lexeme	lexical_group	quintuplex	ADJ	2	2	0		single_independent	"[{""form"":""quintuplex"",""occurrences"":2,""exclusive"":true}]"
common_lexeme	lexical_group	quinus	ADJ	2	2	0		single_independent	"[{""form"":""quinus"",""occurrences"":2,""exclusive"":true}]"
common_lexeme	lexical_group	quirquir	ADV	2	2	0		derived_only	"[{""form"":""quirquir"",""occurrences"":2,""exclusive"":true}]"
common_lexeme	lexical_group	quotumus	ADJ	2	2	0		corroborated_independent	"[{""form"":""quotumas"",""occurrences"":1,""exclusive"":true},{""form"":""quotumo"",""occurrences"":1,""exclusive"":true}]"
common_lexeme	lexical_group	recula	NOUN	2	2	0		corroborated_independent	"[{""form"":""reculam"",""occurrences"":2,""exclusive"":true}]"
common_lexeme	lexical_group	rhododaphne	NOUN	2	2	0		single_independent	"[{""form"":""rhododaphne"",""occurrences"":2,""exclusive"":true}]"
common_lexeme	lexical_group	rumigo	VERB	2	2	0		corroborated_independent	"[{""form"":""rumigabam"",""occurrences"":1,""exclusive"":true},{""form"":""rumigantem"",""occurrences"":1,""exclusive"":true}]"
common_lexeme	lexical_group	rurestris	ADJ	2	2	0		corroborated_independent	"[{""form"":""rurestre"",""occurrences"":2,""exclusive"":true}]"
common_lexeme	lexical_group	saliatus	NOUN	2	2	0		corroborated_independent	"[{""form"":""saliatu"",""occurrences"":2,""exclusive"":true}]"
common_lexeme	lexical_group	saperda	NOUN	2	2	0		corroborated_independent	"[{""form"":""saperdae"",""occurrences"":1,""exclusive"":true},{""form"":""saperdas"",""occurrences"":1,""exclusive"":true}]"
common_lexeme	lexical_group	saurus	NOUN	2	2	0		derived_only	"[{""form"":""saurus"",""occurrences"":2,""exclusive"":true}]"
common_lexeme	lexical_group	sceptriger	ADJ	2	2	0		corroborated_independent	"[{""form"":""sceptrigera"",""occurrences"":1,""exclusive"":true},{""form"":""sceptrigerum"",""occurrences"":1,""exclusive"":true}]"
common_lexeme	lexical_group	schedium	NOUN	2	2	0		corroborated_independent	"[{""form"":""schedio"",""occurrences"":2,""exclusive"":true}]"
common_lexeme	lexical_group	schistos	ADJ	2	2	0		single_independent	"[{""form"":""schistos"",""occurrences"":2,""exclusive"":true}]"
common_lexeme	lexical_group	scutus	NOUN	2	2	0		derived_only	"[{""form"":""scutus"",""occurrences"":2,""exclusive"":true}]"
common_lexeme	lexical_group	secundicerius	NOUN	2	2	0		single_independent	"[{""form"":""secundicerius"",""occurrences"":2,""exclusive"":true}]"
common_lexeme	lexical_group	semperum	ADV	2	2	0		derived_only	"[{""form"":""semperum"",""occurrences"":2,""exclusive"":true}]"
common_lexeme	lexical_group	sequella	NOUN	2	2	0		derived_only	"[{""form"":""sequella"",""occurrences"":2,""exclusive"":true}]"
common_lexeme	lexical_group	sexsiens	ADV	2	2	0		derived_only	"[{""form"":""sexsiens"",""occurrences"":2,""exclusive"":true}]"
common_lexeme	lexical_group	silicernius	NOUN	2	2	0		derived_only	"[{""form"":""silicernius"",""occurrences"":2,""exclusive"":true}]"
common_lexeme	lexical_group	sillybus	NOUN	2	2	0		single_independent	"[{""form"":""sillybis"",""occurrences"":1,""exclusive"":true},{""form"":""sillybo"",""occurrences"":1,""exclusive"":true}]"
common_lexeme	lexical_group	simma	NOUN	2	2	0		derived_only	"[{""form"":""simma"",""occurrences"":2,""exclusive"":true}]"
common_lexeme	lexical_group	specificatio	NOUN	2	2	0		single_independent	"[{""form"":""specificatio"",""occurrences"":1,""exclusive"":true},{""form"":""specificationis"",""occurrences"":1,""exclusive"":true}]"
common_lexeme	lexical_group	spinturnicium	NOUN	2	2	0		corroborated_independent	"[{""form"":""spinturnicia"",""occurrences"":1,""exclusive"":true},{""form"":""spinturnicium"",""occurrences"":1,""exclusive"":true}]"
common_lexeme	lexical_group	stephanitis	NOUN	2	2	0		single_independent	"[{""form"":""stephanitis"",""occurrences"":2,""exclusive"":true}]"
common_lexeme	lexical_group	stoebe	NOUN	2	2	0		single_independent	"[{""form"":""stoebe"",""occurrences"":2,""exclusive"":true}]"
common_lexeme	lexical_group	stramenticius	ADJ	2	2	0		corroborated_independent	"[{""form"":""stramenticiae"",""occurrences"":1,""exclusive"":true},{""form"":""stramenticium"",""occurrences"":1,""exclusive"":true}]"
common_lexeme	lexical_group	subarro	VERB	2	2	0		single_independent	"[{""form"":""subarraverit"",""occurrences"":1,""exclusive"":true},{""form"":""subarravit"",""occurrences"":1,""exclusive"":true}]"
common_lexeme	lexical_group	succinctim	ADV	2	2	0		single_independent	"[{""form"":""succinctim"",""occurrences"":2,""exclusive"":true}]"
common_lexeme	lexical_group	succuba	NOUN	2	2	0		corroborated_independent	"[{""form"":""succubam"",""occurrences"":2,""exclusive"":true}]"
common_lexeme	lexical_group	sympoticus	ADJ	2	2	0		corroborated_independent	"[{""form"":""sympoticae"",""occurrences"":2,""exclusive"":true}]"
common_lexeme	lexical_group	synaxis	NOUN	2	2	0		single_independent	"[{""form"":""synaxeos"",""occurrences"":2,""exclusive"":true}]"
common_lexeme	lexical_group	syron	NOUN	2	2	0		single_independent	"[{""form"":""syron"",""occurrences"":2,""exclusive"":true}]"
common_lexeme	lexical_group	teges	NOUN	2	2	0		corroborated_independent	"[{""form"":""tegetibus"",""occurrences"":2,""exclusive"":true}]"
common_lexeme	lexical_group	tegeticula	NOUN	2	2	0		corroborated_independent	"[{""form"":""tegeticulae"",""occurrences"":1,""exclusive"":true},{""form"":""tegeticulas"",""occurrences"":1,""exclusive"":true}]"
common_lexeme	lexical_group	terraneola	NOUN	2	2	0		corroborated_independent	"[{""form"":""terraneola"",""occurrences"":1,""exclusive"":true},{""form"":""terraneolam"",""occurrences"":1,""exclusive"":true}]"
common_lexeme	lexical_group	terticeps	ADJ	2	2	0		single_independent	"[{""form"":""terticeps"",""occurrences"":2,""exclusive"":true}]"
common_lexeme	lexical_group	thalamegus	NOUN	2	2	0		corroborated_independent	"[{""form"":""thalamego"",""occurrences"":2,""exclusive"":true}]"
common_lexeme	lexical_group	theronarca	NOUN	2	2	0		derived_only	"[{""form"":""theronarca"",""occurrences"":2,""exclusive"":true}]"
common_lexeme	lexical_group	thesmophoria	NOUN	2	2	0		single_independent	"[{""form"":""thesmophoria"",""occurrences"":2,""exclusive"":true}]"
common_lexeme	lexical_group	thryallis	NOUN	2	2	0		single_independent	"[{""form"":""thryallis"",""occurrences"":2,""exclusive"":true}]"
common_lexeme	lexical_group	tmesis	NOUN	2	2	0		single_independent	"[{""form"":""tmesis"",""occurrences"":2,""exclusive"":true}]"
common_lexeme	lexical_group	tolutim	ADV	2	2	0		single_independent	"[{""form"":""tolutim"",""occurrences"":2,""exclusive"":true}]"
common_lexeme	lexical_group	trabecula	NOUN	2	2	0		corroborated_independent	"[{""form"":""trabeculae"",""occurrences"":1,""exclusive"":true},{""form"":""trabeculam"",""occurrences"":1,""exclusive"":true}]"
common_lexeme	lexical_group	tragopogon	NOUN	2	2	0		single_independent	"[{""form"":""tragopogon"",""occurrences"":2,""exclusive"":true}]"
common_lexeme	lexical_group	trapezophorum	NOUN	2	2	0		corroborated_independent	"[{""form"":""trapezophora"",""occurrences"":1,""exclusive"":true},{""form"":""trapezophorum"",""occurrences"":1,""exclusive"":true}]"
common_lexeme	lexical_group	trichrus	NOUN	2	2	0		single_independent	"[{""form"":""trichrus"",""occurrences"":2,""exclusive"":true}]"
common_lexeme	lexical_group	trua	NOUN	2	2	0		single_independent	"[{""form"":""trua"",""occurrences"":2,""exclusive"":true}]"
common_lexeme	lexical_group	tutulus	NOUN	2	2	0		single_independent	"[{""form"":""tutulus"",""occurrences"":2,""exclusive"":true}]"
common_lexeme	lexical_group	unctus	NOUN	2	2	0		corroborated_independent	"[{""form"":""unctui"",""occurrences"":2,""exclusive"":true}]"
common_lexeme	lexical_group	urigo	NOUN	2	2	0		corroborated_independent	"[{""form"":""urigine"",""occurrences"":1,""exclusive"":true},{""form"":""uriginibus"",""occurrences"":1,""exclusive"":true}]"
common_lexeme	lexical_group	vectito	VERB	2	2	0		single_independent	"[{""form"":""vectitavit"",""occurrences"":2,""exclusive"":true}]"
common_lexeme	lexical_group	vinculo	VERB	2	2	0		corroborated_independent	"[{""form"":""vinculandos"",""occurrences"":1,""exclusive"":true},{""form"":""vinculavit"",""occurrences"":1,""exclusive"":true}]"
common_lexeme	lexical_group	vinnulus	ADJ	2	2	0		corroborated_independent	"[{""form"":""vinnula"",""occurrences"":1,""exclusive"":true},{""form"":""vinnulorum"",""occurrences"":1,""exclusive"":true}]"
common_lexeme	lexical_group	vitigineus	ADJ	2	2	0		corroborated_independent	"[{""form"":""vitigineis"",""occurrences"":1,""exclusive"":true},{""form"":""vitigineos"",""occurrences"":1,""exclusive"":true}]"
common_lexeme	lexical_group	vocifico	VERB	2	2	0		corroborated_independent	"[{""form"":""vocificant"",""occurrences"":1,""exclusive"":true},{""form"":""vocificantes"",""occurrences"":1,""exclusive"":true}]"
common_lexeme	lexical_group	zetema	NOUN	2	2	0		derived_only	"[{""form"":""zetema"",""occurrences"":2,""exclusive"":true}]"
common_lexeme	lexical_group	zopissa	NOUN	2	2	0		single_independent	"[{""form"":""zopissa"",""occurrences"":2,""exclusive"":true}]"
common_lexeme	lexical_group	horoscopus	ADJ	21	1	20		corroborated_independent	"[{""form"":""horoscopos"",""occurrences"":7,""exclusive"":false},{""form"":""horoscopi"",""occurrences"":4,""exclusive"":false},{""form"":""horoscopum"",""occurrences"":4,""exclusive"":false},{""form"":""horoscopo"",""occurrences"":3,""exclusive"":false},{""form"":""horoscopa"",""occurrences"":1,""exclusive"":true},{""form"":""horoscope"",""occurrences"":1,""exclusive"":false},{""form"":""horoscopus"",""occurrences"":1,""exclusive"":false}]"
common_lexeme	lexical_group	herculaneus	ADJ	13	1	12		single_independent	"[{""form"":""herculaneum"",""occurrences"":8,""exclusive"":false},{""form"":""herculaneus"",""occurrences"":4,""exclusive"":false},{""form"":""herculanea"",""occurrences"":1,""exclusive"":true}]"
common_lexeme	lexical_group	rallus	ADJ	6	1	5		corroborated_independent	"[{""form"":""ralla"",""occurrences"":5,""exclusive"":false},{""form"":""rallam"",""occurrences"":1,""exclusive"":true}]"
common_lexeme	lexical_group	phlox	NOUN	5	1	4		single_independent	"[{""form"":""phlogis"",""occurrences"":4,""exclusive"":false},{""form"":""phlox"",""occurrences"":1,""exclusive"":true}]"
common_lexeme	lexical_group	cranium	NOUN	3	1	2		single_independent	"[{""form"":""crania"",""occurrences"":1,""exclusive"":false},{""form"":""cranii"",""occurrences"":1,""exclusive"":false},{""form"":""cranium"",""occurrences"":1,""exclusive"":true}]"
common_lexeme	lexical_group	erigeron	NOUN	3	1	2		corroborated_independent	"[{""form"":""ontis"",""occurrences"":2,""exclusive"":false},{""form"":""erigeron"",""occurrences"":1,""exclusive"":true}]"
common_lexeme	lexical_group	galeopsis	NOUN	3	1	2		single_independent	"[{""form"":""galeobdolon"",""occurrences"":1,""exclusive"":false},{""form"":""galeopsis"",""occurrences"":1,""exclusive"":true},{""form"":""galion"",""occurrences"":1,""exclusive"":false}]"
common_lexeme	lexical_group	magmentarius	ADJ	3	1	2		corroborated_independent	"[{""form"":""magmentarium"",""occurrences"":2,""exclusive"":false},{""form"":""magmentaria"",""occurrences"":1,""exclusive"":true}]"
common_lexeme	lexical_group	mateola	NOUN	3	1	2		corroborated_independent	"[{""form"":""mateola"",""occurrences"":2,""exclusive"":false},{""form"":""mateolis"",""occurrences"":1,""exclusive"":true}]"
common_lexeme	lexical_group	murtetum	NOUN	3	1	2		corroborated_independent	"[{""form"":""murteta"",""occurrences"":2,""exclusive"":false},{""form"":""murteto"",""occurrences"":1,""exclusive"":true}]"
common_lexeme	lexical_group	perfica	NOUN	3	1	2		corroborated_independent	"[{""form"":""perfica"",""occurrences"":2,""exclusive"":false},{""form"":""perficam"",""occurrences"":1,""exclusive"":true}]"
common_lexeme	lexical_group	exebenus	NOUN	2	1	1		corroborated_independent	"[{""form"":""exebenus"",""occurrences"":1,""exclusive"":true},{""form"":""exhebenus"",""occurrences"":1,""exclusive"":false}]"
common_lexeme	lexical_group	gastrum	NOUN	2	1	1		corroborated_independent	"[{""form"":""gastri"",""occurrences"":1,""exclusive"":true},{""form"":""gastris"",""occurrences"":1,""exclusive"":false}]"
common_lexeme	lexical_group	gubernum	NOUN	2	1	1		corroborated_independent	"[{""form"":""guberni"",""occurrences"":1,""exclusive"":false},{""form"":""gubernum"",""occurrences"":1,""exclusive"":true}]"
common_lexeme	lexical_group	lenonius	ADJ	2	1	1		corroborated_independent	"[{""form"":""lenonie"",""occurrences"":1,""exclusive"":false},{""form"":""lenonius"",""occurrences"":1,""exclusive"":true}]"
common_lexeme	lexical_group	lygdos	NOUN	2	1	1		corroborated_independent	"[{""form"":""lygdon"",""occurrences"":1,""exclusive"":true},{""form"":""lygdos"",""occurrences"":1,""exclusive"":false}]"
common_lexeme	lexical_group	pisinnus	ADJ	2	1	1		single_independent	"[{""form"":""pisinni"",""occurrences"":1,""exclusive"":false},{""form"":""pisinnus"",""occurrences"":1,""exclusive"":true}]"
common_lexeme	lexical_group	praebendo	VERB	2	1	1		single_independent	"[{""form"":""praebendari"",""occurrences"":1,""exclusive"":true},{""form"":""praebendato"",""occurrences"":1,""exclusive"":false}]"
common_lexeme	lexical_group	quadrimestris	ADJ	2	1	1		corroborated_independent	"[{""form"":""quadrimestre"",""occurrences"":1,""exclusive"":false},{""form"":""quadrimestres"",""occurrences"":1,""exclusive"":true}]"
common_lexeme	lexical_group	schidia	NOUN	2	1	1		corroborated_independent	"[{""form"":""schidiae"",""occurrences"":1,""exclusive"":false},{""form"":""schidiis"",""occurrences"":1,""exclusive"":true}]"
common_lexeme	lexical_group	talassio	NOUN	2	1	1		single_independent	"[{""form"":""talassio"",""occurrences"":1,""exclusive"":false},{""form"":""talassionem"",""occurrences"":1,""exclusive"":true}]"
common_lexeme	lexical_group	theogonia	NOUN	2	1	1		single_independent	"[{""form"":""theogonia"",""occurrences"":1,""exclusive"":false},{""form"":""theogoniam"",""occurrences"":1,""exclusive"":true}]"
common_lexeme	lexical_group	toparches	NOUN	2	1	1		single_independent	"[{""form"":""toparcha"",""occurrences"":1,""exclusive"":false},{""form"":""toparchas"",""occurrences"":1,""exclusive"":true}]"
common_lexeme	lexical_group	zema	NOUN	2	1	1		single_independent	"[{""form"":""zema"",""occurrences"":1,""exclusive"":true},{""form"":""zuma"",""occurrences"":1,""exclusive"":false}]"
common_lexeme	lexical_group	accubuo	ADV	1	1	0		single_independent	"[{""form"":""accubuo"",""occurrences"":1,""exclusive"":true}]"
common_lexeme	lexical_group	alimon	NOUN	1	1	0		corroborated_independent	"[{""form"":""alimon"",""occurrences"":1,""exclusive"":true}]"
common_lexeme	lexical_group	altero	VERB	1	1	0		single_independent	"[{""form"":""alterandi"",""occurrences"":1,""exclusive"":true}]"
common_lexeme	lexical_group	anabibazon	NOUN	1	1	0		single_independent	"[{""form"":""anabibazon"",""occurrences"":1,""exclusive"":true}]"
common_lexeme	lexical_group	androgynaecus	ADJ	1	1	0		single_independent	"[{""form"":""androgynaecas"",""occurrences"":1,""exclusive"":true}]"
common_lexeme	lexical_group	antigraphus	NOUN	1	1	0		single_independent	"[{""form"":""antigraphus"",""occurrences"":1,""exclusive"":true}]"
common_lexeme	lexical_group	aorgesias	NOUN	1	1	0		derived_only	"[{""form"":""aorgesias"",""occurrences"":1,""exclusive"":true}]"
common_lexeme	lexical_group	aphorus	NOUN	1	1	0		single_independent	"[{""form"":""aphorus"",""occurrences"":1,""exclusive"":true}]"
common_lexeme	lexical_group	argentumexterebronides	NOUN	1	1	0		single_independent	"[{""form"":""argentumexterebronides"",""occurrences"":1,""exclusive"":true}]"
common_lexeme	lexical_group	asma	NOUN	1	1	0		single_independent	"[{""form"":""asma"",""occurrences"":1,""exclusive"":true}]"
common_lexeme	lexical_group	aulio	NOUN	1	1	0		single_independent	"[{""form"":""aulio"",""occurrences"":1,""exclusive"":true}]"
common_lexeme	lexical_group	auxesis	NOUN	1	1	0		single_independent	"[{""form"":""auxesis"",""occurrences"":1,""exclusive"":true}]"
common_lexeme	lexical_group	axo	VERB	1	1	0		single_independent	"[{""form"":""axo"",""occurrences"":1,""exclusive"":true}]"
common_lexeme	lexical_group	bridus	NOUN	1	1	0		single_independent	"[{""form"":""bridus"",""occurrences"":1,""exclusive"":true}]"
common_lexeme	lexical_group	cachrys	NOUN	1	1	0		single_independent	"[{""form"":""cachrys"",""occurrences"":1,""exclusive"":true}]"
common_lexeme	lexical_group	cadra	NOUN	1	1	0		single_independent	"[{""form"":""cadra"",""occurrences"":1,""exclusive"":true}]"
common_lexeme	lexical_group	camelasia	NOUN	1	1	0		single_independent	"[{""form"":""camelasia"",""occurrences"":1,""exclusive"":true}]"
common_lexeme	lexical_group	capillago	NOUN	1	1	0		corroborated_independent	"[{""form"":""capillago"",""occurrences"":1,""exclusive"":true}]"
common_lexeme	lexical_group	catalepton	NOUN	1	1	0		single_independent	"[{""form"":""catalepton"",""occurrences"":1,""exclusive"":true}]"
common_lexeme	lexical_group	caullator	NOUN	1	1	0		derived_only	"[{""form"":""caullator"",""occurrences"":1,""exclusive"":true}]"
common_lexeme	lexical_group	characteristica	NOUN	1	1	0		single_independent	"[{""form"":""characteristicae"",""occurrences"":1,""exclusive"":true}]"
common_lexeme	lexical_group	chrysallion	NOUN	1	1	0		single_independent	"[{""form"":""chrysallion"",""occurrences"":1,""exclusive"":true}]"
common_lexeme	lexical_group	circumfulgeo	VERB	1	1	0		corroborated_independent	"[{""form"":""circumfulsus"",""occurrences"":1,""exclusive"":true}]"
common_lexeme	lexical_group	cistiber	ADJ	1	1	0		single_independent	"[{""form"":""cistibero"",""occurrences"":1,""exclusive"":true}]"
common_lexeme	lexical_group	clenodium	NOUN	1	1	0		single_independent	"[{""form"":""clenodia"",""occurrences"":1,""exclusive"":true}]"
common_lexeme	lexical_group	compsissume	ADV	1	1	0		single_independent	"[{""form"":""compsissume"",""occurrences"":1,""exclusive"":true}]"
common_lexeme	lexical_group	coramble	NOUN	1	1	0		corroborated_independent	"[{""form"":""coramble"",""occurrences"":1,""exclusive"":true}]"
common_lexeme	lexical_group	covus	NOUN	1	1	0		single_independent	"[{""form"":""covus"",""occurrences"":1,""exclusive"":true}]"
common_lexeme	lexical_group	cryphia	NOUN	1	1	0		single_independent	"[{""form"":""cryphia"",""occurrences"":1,""exclusive"":true}]"
common_lexeme	lexical_group	cuccuma	VERB	1	1	0		corroborated_independent	"[{""form"":""cuccuma"",""occurrences"":1,""exclusive"":true}]"
common_lexeme	lexical_group	dipundiarius	NOUN	1	1	0		single_independent	"[{""form"":""dipundiarius"",""occurrences"":1,""exclusive"":true}]"
common_lexeme	lexical_group	discursatio	NOUN	1	1	0		corroborated_independent	"[{""form"":""discursatio"",""occurrences"":1,""exclusive"":true}]"
common_lexeme	lexical_group	dishiasco	VERB	1	1	0		corroborated_independent	"[{""form"":""dishiascent"",""occurrences"":1,""exclusive"":true}]"
common_lexeme	lexical_group	dismaritus	NOUN	1	1	0		single_independent	"[{""form"":""dismarite"",""occurrences"":1,""exclusive"":true}]"
common_lexeme	lexical_group	dispenno	VERB	1	1	0		corroborated_independent	"[{""form"":""dispennite"",""occurrences"":1,""exclusive"":true}]"
common_lexeme	lexical_group	dodecaeteris	NOUN	1	1	0		corroborated_independent	"[{""form"":""dodecaeteris"",""occurrences"":1,""exclusive"":true}]"
common_lexeme	lexical_group	dracontites	NOUN	1	1	0		single_independent	"[{""form"":""dracontites"",""occurrences"":1,""exclusive"":true}]"
common_lexeme	lexical_group	dromeda	NOUN	1	1	0		single_independent	"[{""form"":""dromeda"",""occurrences"":1,""exclusive"":true}]"
common_lexeme	lexical_group	drosolithus	NOUN	1	1	0		corroborated_independent	"[{""form"":""drosolithus"",""occurrences"":1,""exclusive"":true}]"
common_lexeme	lexical_group	ductito	VERB	1	1	0		corroborated_independent	"[{""form"":""ductitavit"",""occurrences"":1,""exclusive"":true}]"
common_lexeme	lexical_group	duodennis	ADJ	1	1	0		single_independent	"[{""form"":""duodennis"",""occurrences"":1,""exclusive"":true}]"
common_lexeme	lexical_group	duodenus	ADJ	1	1	0		single_independent	"[{""form"":""duodenus"",""occurrences"":1,""exclusive"":true}]"
common_lexeme	lexical_group	duoetvicensimani	NOUN	1	1	0		single_independent	"[{""form"":""duoetvicensimani"",""occurrences"":1,""exclusive"":true}]"
common_lexeme	lexical_group	duopondium	NOUN	1	1	0		single_independent	"[{""form"":""duopondium"",""occurrences"":1,""exclusive"":true}]"
common_lexeme	lexical_group	durateus	ADJ	1	1	0		corroborated_independent	"[{""form"":""durateus"",""occurrences"":1,""exclusive"":true}]"
common_lexeme	lexical_group	dyraspes	NOUN	1	1	0		single_independent	"[{""form"":""dyraspes"",""occurrences"":1,""exclusive"":true}]"
common_lexeme	lexical_group	ebrio	VERB	1	1	0		corroborated_independent	"[{""form"":""ebriati"",""occurrences"":1,""exclusive"":true}]"
common_lexeme	lexical_group	echios	NOUN	1	1	0		corroborated_independent	"[{""form"":""echios"",""occurrences"":1,""exclusive"":true}]"
common_lexeme	lexical_group	ectasis	NOUN	1	1	0		corroborated_independent	"[{""form"":""ectasis"",""occurrences"":1,""exclusive"":true}]"
common_lexeme	lexical_group	efflicto	VERB	1	1	0		corroborated_independent	"[{""form"":""efflictentur"",""occurrences"":1,""exclusive"":true}]"
common_lexeme	lexical_group	effractarius	NOUN	1	1	0		corroborated_independent	"[{""form"":""effractarius"",""occurrences"":1,""exclusive"":true}]"
common_lexeme	lexical_group	elacatenes	NOUN	1	1	0		single_independent	"[{""form"":""elacatae"",""occurrences"":1,""exclusive"":true}]"
common_lexeme	lexical_group	elaeomeli	NOUN	1	1	0		single_independent	"[{""form"":""elaeomeli"",""occurrences"":1,""exclusive"":true}]"
common_lexeme	lexical_group	elecebra	NOUN	1	1	0		corroborated_independent	"[{""form"":""elecebrae"",""occurrences"":1,""exclusive"":true}]"
common_lexeme	lexical_group	electo	VERB	1	1	0		corroborated_independent	"[{""form"":""electabo"",""occurrences"":1,""exclusive"":true}]"
common_lexeme	lexical_group	elegidarion	NOUN	1	1	0		corroborated_independent	"[{""form"":""elegidarion"",""occurrences"":1,""exclusive"":true}]"
common_lexeme	lexical_group	eleutherium	NOUN	1	1	0		single_independent	"[{""form"":""eleutherium"",""occurrences"":1,""exclusive"":true}]"
common_lexeme	lexical_group	elinguo	VERB	1	1	0		corroborated_independent	"[{""form"":""elinguandam"",""occurrences"":1,""exclusive"":true}]"
common_lexeme	lexical_group	elucifico	VERB	1	1	0		corroborated_independent	"[{""form"":""elucificare"",""occurrences"":1,""exclusive"":true}]"
common_lexeme	lexical_group	emancupatio	NOUN	1	1	0		derived_only	"[{""form"":""emancupatio"",""occurrences"":1,""exclusive"":true}]"
common_lexeme	lexical_group	embadon	NOUN	1	1	0		single_independent	"[{""form"":""embadon"",""occurrences"":1,""exclusive"":true}]"
common_lexeme	lexical_group	embadum	NOUN	1	1	0		derived_only	"[{""form"":""embadum"",""occurrences"":1,""exclusive"":true}]"
common_lexeme	lexical_group	emporos	NOUN	1	1	0		single_independent	"[{""form"":""emporos"",""occurrences"":1,""exclusive"":true}]"
common_lexeme	lexical_group	emptito	VERB	1	1	0		corroborated_independent	"[{""form"":""emptitatos"",""occurrences"":1,""exclusive"":true}]"
common_lexeme	lexical_group	emutatio	NOUN	1	1	0		corroborated_independent	"[{""form"":""emutatio"",""occurrences"":1,""exclusive"":true}]"
common_lexeme	lexical_group	encardia	NOUN	1	1	0		corroborated_independent	"[{""form"":""encardia"",""occurrences"":1,""exclusive"":true}]"
common_lexeme	lexical_group	encyclios	ADJ	1	1	0		corroborated_independent	"[{""form"":""encyclios"",""occurrences"":1,""exclusive"":true}]"
common_lexeme	lexical_group	energema	NOUN	1	1	0		corroborated_independent	"[{""form"":""energema"",""occurrences"":1,""exclusive"":true}]"
common_lexeme	lexical_group	enneadecaeteris	NOUN	1	1	0		corroborated_independent	"[{""form"":""enneadecaeteris"",""occurrences"":1,""exclusive"":true}]"
common_lexeme	lexical_group	enneaphyllon	NOUN	1	1	0		corroborated_independent	"[{""form"":""enneaphyllon"",""occurrences"":1,""exclusive"":true}]"
common_lexeme	lexical_group	ennoea	NOUN	1	1	0		single_independent	"[{""form"":""ennoea"",""occurrences"":1,""exclusive"":true}]"
common_lexeme	lexical_group	enorchis	NOUN	1	1	0		corroborated_independent	"[{""form"":""enorchis"",""occurrences"":1,""exclusive"":true}]"
common_lexeme	lexical_group	enterocele	NOUN	1	1	0		corroborated_independent	"[{""form"":""enterocelas"",""occurrences"":1,""exclusive"":true}]"
common_lexeme	lexical_group	entheus	ADJ	1	1	0		corroborated_independent	"[{""form"":""entheos"",""occurrences"":1,""exclusive"":true}]"
common_lexeme	lexical_group	enthryscum	NOUN	1	1	0		derived_only	"[{""form"":""enthryscum"",""occurrences"":1,""exclusive"":true}]"
common_lexeme	lexical_group	epanaphora	NOUN	1	1	0		corroborated_independent	"[{""form"":""epanaphora"",""occurrences"":1,""exclusive"":true}]"
common_lexeme	lexical_group	epaphaeresis	NOUN	1	1	0		corroborated_independent	"[{""form"":""epaphaeresin"",""occurrences"":1,""exclusive"":true}]"
common_lexeme	lexical_group	epenthesis	NOUN	1	1	0		corroborated_independent	"[{""form"":""epenthesis"",""occurrences"":1,""exclusive"":true}]"
common_lexeme	lexical_group	ephedra	NOUN	1	1	0		corroborated_independent	"[{""form"":""ephedra"",""occurrences"":1,""exclusive"":true}]"
common_lexeme	lexical_group	ephedron	NOUN	1	1	0		derived_only	"[{""form"":""ephedron"",""occurrences"":1,""exclusive"":true}]"
common_lexeme	lexical_group	ephemeron	NOUN	1	1	0		corroborated_independent	"[{""form"":""ephemeron"",""occurrences"":1,""exclusive"":true}]"
common_lexeme	lexical_group	epicitharisma	NOUN	1	1	0		corroborated_independent	"[{""form"":""epicitharisma"",""occurrences"":1,""exclusive"":true}]"
common_lexeme	lexical_group	epiclintae	NOUN	1	1	0		single_independent	"[{""form"":""epiclintae"",""occurrences"":1,""exclusive"":true}]"
common_lexeme	lexical_group	epidemus	ADJ	1	1	0		corroborated_independent	"[{""form"":""epidemus"",""occurrences"":1,""exclusive"":true}]"
common_lexeme	lexical_group	epidermis	NOUN	1	1	0		corroborated_independent	"[{""form"":""epidermis"",""occurrences"":1,""exclusive"":true}]"
common_lexeme	lexical_group	epidromus	NOUN	1	1	0		corroborated_independent	"[{""form"":""epidromum"",""occurrences"":1,""exclusive"":true}]"
common_lexeme	lexical_group	epigrammation	NOUN	1	1	0		corroborated_independent	"[{""form"":""epigrammation"",""occurrences"":1,""exclusive"":true}]"
common_lexeme	lexical_group	epipetron	NOUN	1	1	0		single_independent	"[{""form"":""epipetron"",""occurrences"":1,""exclusive"":true}]"
common_lexeme	lexical_group	epitasis	NOUN	1	1	0		single_independent	"[{""form"":""epitasis"",""occurrences"":1,""exclusive"":true}]"
common_lexeme	lexical_group	epitogium	NOUN	1	1	0		corroborated_independent	"[{""form"":""epitogium"",""occurrences"":1,""exclusive"":true}]"
common_lexeme	lexical_group	epizeuxis	NOUN	1	1	0		corroborated_independent	"[{""form"":""epizeuxis"",""occurrences"":1,""exclusive"":true}]"
common_lexeme	lexical_group	epulo	NOUN	1	1	0		corroborated_independent	"[{""form"":""epuloni"",""occurrences"":1,""exclusive"":true}]"
common_lexeme	lexical_group	erneum	NOUN	1	1	0		corroborated_independent	"[{""form"":""erneum"",""occurrences"":1,""exclusive"":true}]"
common_lexeme	lexical_group	eromenion	NOUN	1	1	0		single_independent	"[{""form"":""eromenion"",""occurrences"":1,""exclusive"":true}]"
common_lexeme	lexical_group	erythallis	NOUN	1	1	0		corroborated_independent	"[{""form"":""erythallis"",""occurrences"":1,""exclusive"":true}]"
common_lexeme	lexical_group	erythraicon	NOUN	1	1	0		corroborated_independent	"[{""form"":""erythraicon"",""occurrences"":1,""exclusive"":true}]"
common_lexeme	lexical_group	erythros	ADJ	1	1	0		corroborated_independent	"[{""form"":""erythros"",""occurrences"":1,""exclusive"":true}]"
common_lexeme	lexical_group	eschatocollion	NOUN	1	1	0		single_independent	"[{""form"":""eschatocollion"",""occurrences"":1,""exclusive"":true}]"
common_lexeme	lexical_group	eumeces	NOUN	1	1	0		corroborated_independent	"[{""form"":""eumeces"",""occurrences"":1,""exclusive"":true}]"
common_lexeme	lexical_group	eunuchizatus	ADJ	1	1	0		single_independent	"[{""form"":""eunuchizatus"",""occurrences"":1,""exclusive"":true}]"
common_lexeme	lexical_group	eupetalos	NOUN	1	1	0		corroborated_independent	"[{""form"":""eupetalos"",""occurrences"":1,""exclusive"":true}]"
common_lexeme	lexical_group	euphorbia	NOUN	1	1	0		single_independent	"[{""form"":""euphorbia"",""occurrences"":1,""exclusive"":true}]"
common_lexeme	lexical_group	euroborus	NOUN	1	1	0		single_independent	"[{""form"":""euroborus"",""occurrences"":1,""exclusive"":true}]"
common_lexeme	lexical_group	euscheme	ADV	1	1	0		corroborated_independent	"[{""form"":""euscheme"",""occurrences"":1,""exclusive"":true}]"
common_lexeme	lexical_group	exalbesco	VERB	1	1	0		corroborated_independent	"[{""form"":""exalbuit"",""occurrences"":1,""exclusive"":true}]"
common_lexeme	lexical_group	examurgo	VERB	1	1	0		single_independent	"[{""form"":""examurgatur"",""occurrences"":1,""exclusive"":true}]"
common_lexeme	lexical_group	exballisto	VERB	1	1	0		corroborated_independent	"[{""form"":""exballistabo"",""occurrences"":1,""exclusive"":true}]"
common_lexeme	lexical_group	excusamen	NOUN	1	1	0		single_independent	"[{""form"":""excusamen"",""occurrences"":1,""exclusive"":true}]"
common_lexeme	lexical_group	exedum	NOUN	1	1	0		corroborated_independent	"[{""form"":""exedum"",""occurrences"":1,""exclusive"":true}]"
common_lexeme	lexical_group	exnunc	ADV	1	1	0		single_independent	"[{""form"":""exnunc"",""occurrences"":1,""exclusive"":true}]"
common_lexeme	lexical_group	exopinisso	VERB	1	1	0		corroborated_independent	"[{""form"":""exopinissent"",""occurrences"":1,""exclusive"":true}]"
common_lexeme	lexical_group	expeculiatus	ADJ	1	1	0		corroborated_independent	"[{""form"":""expeculiatos"",""occurrences"":1,""exclusive"":true}]"
common_lexeme	lexical_group	expunctrix	NOUN	1	1	0		corroborated_independent	"[{""form"":""expunctrix"",""occurrences"":1,""exclusive"":true}]"
common_lexeme	lexical_group	exsucus	ADJ	1	1	0		derived_only	"[{""form"":""exsucus"",""occurrences"":1,""exclusive"":true}]"
common_lexeme	lexical_group	exsugo	VERB	1	1	0		corroborated_independent	"[{""form"":""exucta"",""occurrences"":1,""exclusive"":true}]"
common_lexeme	lexical_group	fabaginus	ADJ	1	1	0		corroborated_independent	"[{""form"":""fabaginum"",""occurrences"":1,""exclusive"":true}]"
common_lexeme	lexical_group	facul	ADV	1	1	0		corroborated_independent	"[{""form"":""facul"",""occurrences"":1,""exclusive"":true}]"
common_lexeme	lexical_group	famigeratio	NOUN	1	1	0		corroborated_independent	"[{""form"":""famigeratio"",""occurrences"":1,""exclusive"":true}]"
common_lexeme	lexical_group	februatio	NOUN	1	1	0		corroborated_independent	"[{""form"":""februatio"",""occurrences"":1,""exclusive"":true}]"
common_lexeme	lexical_group	fircus	NOUN	1	1	0		corroborated_independent	"[{""form"":""fircus"",""occurrences"":1,""exclusive"":true}]"
common_lexeme	lexical_group	flato	VERB	1	1	0		corroborated_independent	"[{""form"":""flatabant"",""occurrences"":1,""exclusive"":true}]"
common_lexeme	lexical_group	flebotomia	NOUN	1	1	0		derived_only	"[{""form"":""flebotomia"",""occurrences"":1,""exclusive"":true}]"
common_lexeme	lexical_group	florilegus	ADJ	1	1	0		corroborated_independent	"[{""form"":""florilegae"",""occurrences"":1,""exclusive"":true}]"
common_lexeme	lexical_group	fluto	VERB	1	1	0		corroborated_independent	"[{""form"":""flutas"",""occurrences"":1,""exclusive"":true}]"
common_lexeme	lexical_group	fracidus	ADJ	1	1	0		corroborated_independent	"[{""form"":""fracida"",""occurrences"":1,""exclusive"":true}]"
common_lexeme	lexical_group	frausus	ADJ	1	1	0		corroborated_independent	"[{""form"":""frausus"",""occurrences"":1,""exclusive"":true}]"
common_lexeme	lexical_group	frontosus	ADJ	1	1	0		corroborated_independent	"[{""form"":""frontosior"",""occurrences"":1,""exclusive"":true}]"
common_lexeme	lexical_group	fugela	NOUN	1	1	0		corroborated_independent	"[{""form"":""fugela"",""occurrences"":1,""exclusive"":true}]"
common_lexeme	lexical_group	fulix	NOUN	1	1	0		corroborated_independent	"[{""form"":""fulix"",""occurrences"":1,""exclusive"":true}]"
common_lexeme	lexical_group	furcifera	NOUN	1	1	0		corroborated_independent	"[{""form"":""furciferae"",""occurrences"":1,""exclusive"":true}]"
common_lexeme	lexical_group	fustitudinus	ADJ	1	1	0		corroborated_independent	"[{""form"":""fustitudinas"",""occurrences"":1,""exclusive"":true}]"
common_lexeme	lexical_group	gallidraga	NOUN	1	1	0		single_independent	"[{""form"":""gallidraga"",""occurrences"":1,""exclusive"":true}]"
common_lexeme	lexical_group	gastrimargus	NOUN	1	1	0		derived_only	"[{""form"":""gastrimargus"",""occurrences"":1,""exclusive"":true}]"
common_lexeme	lexical_group	gauranis	NOUN	1	1	0		derived_only	"[{""form"":""gauranis"",""occurrences"":1,""exclusive"":true}]"
common_lexeme	lexical_group	geodes	NOUN	1	1	0		single_independent	"[{""form"":""geodes"",""occurrences"":1,""exclusive"":true}]"
common_lexeme	lexical_group	germinasco	VERB	1	1	0		corroborated_independent	"[{""form"":""germinascere"",""occurrences"":1,""exclusive"":true}]"
common_lexeme	lexical_group	geronticos	ADV	1	1	0		derived_only	"[{""form"":""geronticos"",""occurrences"":1,""exclusive"":true}]"
common_lexeme	lexical_group	geseoretae	NOUN	1	1	0		single_independent	"[{""form"":""geseoretae"",""occurrences"":1,""exclusive"":true}]"
common_lexeme	lexical_group	getium	NOUN	1	1	0		derived_only	"[{""form"":""getium"",""occurrences"":1,""exclusive"":true}]"
common_lexeme	lexical_group	geum	NOUN	1	1	0		single_independent	"[{""form"":""geum"",""occurrences"":1,""exclusive"":true}]"
common_lexeme	lexical_group	gigeria	NOUN	1	1	0		single_independent	"[{""form"":""gigeria"",""occurrences"":1,""exclusive"":true}]"
common_lexeme	lexical_group	gingiliphus	NOUN	1	1	0		single_independent	"[{""form"":""gingilipho"",""occurrences"":1,""exclusive"":true}]"
common_lexeme	lexical_group	ginnus	NOUN	1	1	0		corroborated_independent	"[{""form"":""ginno"",""occurrences"":1,""exclusive"":true}]"
common_lexeme	lexical_group	girba	NOUN	1	1	0		derived_only	"[{""form"":""girba"",""occurrences"":1,""exclusive"":true}]"
common_lexeme	lexical_group	glabreta	NOUN	1	1	0		single_independent	"[{""form"":""glabreta"",""occurrences"":1,""exclusive"":true}]"
common_lexeme	lexical_group	glandionida	NOUN	1	1	0		corroborated_independent	"[{""form"":""glandionidam"",""occurrences"":1,""exclusive"":true}]"
common_lexeme	lexical_group	glaucea	NOUN	1	1	0		derived_only	"[{""form"":""glaucea"",""occurrences"":1,""exclusive"":true}]"
common_lexeme	lexical_group	glaucio	VERB	1	1	0		derived_only	"[{""form"":""glaucio"",""occurrences"":1,""exclusive"":true}]"
common_lexeme	lexical_group	glaucuma	NOUN	1	1	0		single_independent	"[{""form"":""glaucumam"",""occurrences"":1,""exclusive"":true}]"
common_lexeme	lexical_group	glechonites	NOUN	1	1	0		single_independent	"[{""form"":""glechonites"",""occurrences"":1,""exclusive"":true}]"
common_lexeme	lexical_group	glittus	ADJ	1	1	0		single_independent	"[{""form"":""glittus"",""occurrences"":1,""exclusive"":true}]"
common_lexeme	lexical_group	gluttus	NOUN	1	1	0		single_independent	"[{""form"":""gluttu"",""occurrences"":1,""exclusive"":true}]"
common_lexeme	lexical_group	gnaphalion	NOUN	1	1	0		single_independent	"[{""form"":""gnaphalion"",""occurrences"":1,""exclusive"":true}]"
common_lexeme	lexical_group	gnavus	ADJ	1	1	0		corroborated_independent	"[{""form"":""gnaviores"",""occurrences"":1,""exclusive"":true}]"
common_lexeme	lexical_group	gnome	NOUN	1	1	0		single_independent	"[{""form"":""gnome"",""occurrences"":1,""exclusive"":true}]"
common_lexeme	lexical_group	gnostice	NOUN	1	1	0		single_independent	"[{""form"":""gnostice"",""occurrences"":1,""exclusive"":true}]"
common_lexeme	lexical_group	goniaea	NOUN	1	1	0		single_independent	"[{""form"":""goniaea"",""occurrences"":1,""exclusive"":true}]"
common_lexeme	lexical_group	granus	NOUN	1	1	0		derived_only	"[{""form"":""granus"",""occurrences"":1,""exclusive"":true}]"
common_lexeme	lexical_group	gromphaena	NOUN	1	1	0		single_independent	"[{""form"":""gromphaena"",""occurrences"":1,""exclusive"":true}]"
common_lexeme	lexical_group	gulo	NOUN	1	1	0		single_independent	"[{""form"":""gulo"",""occurrences"":1,""exclusive"":true}]"
common_lexeme	lexical_group	gurdus	ADJ	1	1	0		single_independent	"[{""form"":""gurdos"",""occurrences"":1,""exclusive"":true}]"
common_lexeme	lexical_group	haemoptois	NOUN	1	1	0		derived_only	"[{""form"":""haemoptois"",""occurrences"":1,""exclusive"":true}]"
common_lexeme	lexical_group	halagora	NOUN	1	1	0		corroborated_independent	"[{""form"":""halagora"",""occurrences"":1,""exclusive"":true}]"
common_lexeme	lexical_group	halon	NOUN	1	1	0		derived_only	"[{""form"":""halon"",""occurrences"":1,""exclusive"":true}]"
common_lexeme	lexical_group	hamaxa	NOUN	1	1	0		single_independent	"[{""form"":""hamaxa"",""occurrences"":1,""exclusive"":true}]"
common_lexeme	lexical_group	hammitis	NOUN	1	1	0		single_independent	"[{""form"":""hammitis"",""occurrences"":1,""exclusive"":true}]"
common_lexeme	lexical_group	hapsus	NOUN	1	1	0		single_independent	"[{""form"":""hapsus"",""occurrences"":1,""exclusive"":true}]"
common_lexeme	lexical_group	hecatombion	NOUN	1	1	0		derived_only	"[{""form"":""hecatombion"",""occurrences"":1,""exclusive"":true}]"
common_lexeme	lexical_group	hecatompolis	NOUN	1	1	0		single_independent	"[{""form"":""hecatompolis"",""occurrences"":1,""exclusive"":true}]"
common_lexeme	lexical_group	hegemonicon	NOUN	1	1	0		derived_only	"[{""form"":""hegemonicon"",""occurrences"":1,""exclusive"":true}]"
common_lexeme	lexical_group	helioscopios	NOUN	1	1	0		single_independent	"[{""form"":""helioscopios"",""occurrences"":1,""exclusive"":true}]"
common_lexeme	lexical_group	heliotropion	NOUN	1	1	0		derived_only	"[{""form"":""heliotropion"",""occurrences"":1,""exclusive"":true}]"
common_lexeme	lexical_group	hemerobion	NOUN	1	1	0		single_independent	"[{""form"":""hemerobion"",""occurrences"":1,""exclusive"":true}]"
common_lexeme	lexical_group	hemerocalles	NOUN	1	1	0		single_independent	"[{""form"":""hemerocalles"",""occurrences"":1,""exclusive"":true}]"
common_lexeme	lexical_group	hemicadium	NOUN	1	1	0		single_independent	"[{""form"":""hemicadium"",""occurrences"":1,""exclusive"":true}]"
common_lexeme	lexical_group	henosis	NOUN	1	1	0		single_independent	"[{""form"":""henosis"",""occurrences"":1,""exclusive"":true}]"
common_lexeme	lexical_group	hepatiarius	ADJ	1	1	0		single_independent	"[{""form"":""hepatiarius"",""occurrences"":1,""exclusive"":true}]"
common_lexeme	lexical_group	heptapylos	ADJ	1	1	0		single_independent	"[{""form"":""heptapylos"",""occurrences"":1,""exclusive"":true}]"
common_lexeme	lexical_group	herbigradus	ADJ	1	1	0		corroborated_independent	"[{""form"":""herbigradam"",""occurrences"":1,""exclusive"":true}]"
common_lexeme	lexical_group	herbuscula	NOUN	1	1	0		corroborated_independent	"[{""form"":""herbusculis"",""occurrences"":1,""exclusive"":true}]"
common_lexeme	lexical_group	hermaphroditus	ADJ	1	1	0		corroborated_independent	"[{""form"":""hermaphroditas"",""occurrences"":1,""exclusive"":true}]"
common_lexeme	lexical_group	herna	NOUN	1	1	0		derived_only	"[{""form"":""herna"",""occurrences"":1,""exclusive"":true}]"
common_lexeme	lexical_group	hernia	NOUN	1	1	0		corroborated_independent	"[{""form"":""hernias"",""occurrences"":1,""exclusive"":true}]"
common_lexeme	lexical_group	hexaclinon	NOUN	1	1	0		corroborated_independent	"[{""form"":""hexaclinon"",""occurrences"":1,""exclusive"":true}]"
common_lexeme	lexical_group	hexaptota	NOUN	1	1	0		single_independent	"[{""form"":""hexaptota"",""occurrences"":1,""exclusive"":true}]"
common_lexeme	lexical_group	hippagines	NOUN	1	1	0		corroborated_independent	"[{""form"":""hippagines"",""occurrences"":1,""exclusive"":true}]"
common_lexeme	lexical_group	hippeus	NOUN	1	1	0		single_independent	"[{""form"":""hippeus"",""occurrences"":1,""exclusive"":true}]"
common_lexeme	lexical_group	hippophlomon	NOUN	1	1	0		single_independent	"[{""form"":""hippophlomon"",""occurrences"":1,""exclusive"":true}]"
common_lexeme	lexical_group	hodoeporicon	NOUN	1	1	0		single_independent	"[{""form"":""hodoeporicon"",""occurrences"":1,""exclusive"":true}]"
common_lexeme	lexical_group	holcus	NOUN	1	1	0		single_independent	"[{""form"":""holcus"",""occurrences"":1,""exclusive"":true}]"
common_lexeme	lexical_group	holochrysos	ADJ	1	1	0		derived_only	"[{""form"":""holochrysos"",""occurrences"":1,""exclusive"":true}]"
common_lexeme	lexical_group	holoschoenos	NOUN	1	1	0		single_independent	"[{""form"":""holoschoenos"",""occurrences"":1,""exclusive"":true}]"
common_lexeme	lexical_group	holosteon	NOUN	1	1	0		single_independent	"[{""form"":""holosteon"",""occurrences"":1,""exclusive"":true}]"
common_lexeme	lexical_group	homoeoptoton	NOUN	1	1	0		single_independent	"[{""form"":""homoeoptoton"",""occurrences"":1,""exclusive"":true}]"
common_lexeme	lexical_group	hordicidia	NOUN	1	1	0		single_independent	"[{""form"":""hordicidia"",""occurrences"":1,""exclusive"":true}]"
common_lexeme	lexical_group	horoscopium	NOUN	1	1	0		single_independent	"[{""form"":""horoscopium"",""occurrences"":1,""exclusive"":true}]"
common_lexeme	lexical_group	hostus	NOUN	1	1	0		corroborated_independent	"[{""form"":""hosto"",""occurrences"":1,""exclusive"":true}]"
common_lexeme	lexical_group	hygremplastrum	NOUN	1	1	0		single_independent	"[{""form"":""hygremplastrum"",""occurrences"":1,""exclusive"":true}]"
common_lexeme	lexical_group	hyperboreus	ADJ	1	1	0		single_independent	"[{""form"":""hyperboreus"",""occurrences"":1,""exclusive"":true}]"
common_lexeme	lexical_group	ianto	VERB	1	1	0		single_independent	"[{""form"":""iantes"",""occurrences"":1,""exclusive"":true}]"
common_lexeme	lexical_group	iasione	NOUN	1	1	0		single_independent	"[{""form"":""iasione"",""occurrences"":1,""exclusive"":true}]"
common_lexeme	lexical_group	iatraliptice	NOUN	1	1	0		single_independent	"[{""form"":""iatraliptice"",""occurrences"":1,""exclusive"":true}]"
common_lexeme	lexical_group	ibrida	NOUN	1	1	0		corroborated_independent	"[{""form"":""ibridae"",""occurrences"":1,""exclusive"":true}]"
common_lexeme	lexical_group	icosaproti	NOUN	1	1	0		single_independent	"[{""form"":""icosaproti"",""occurrences"":1,""exclusive"":true}]"
common_lexeme	lexical_group	ideatio	NOUN	1	1	0		single_independent	"[{""form"":""ideationem"",""occurrences"":1,""exclusive"":true}]"
common_lexeme	lexical_group	idiographus	ADJ	1	1	0		corroborated_independent	"[{""form"":""idiographum"",""occurrences"":1,""exclusive"":true}]"
common_lexeme	lexical_group	idyllium	NOUN	1	1	0		corroborated_independent	"[{""form"":""idyllia"",""occurrences"":1,""exclusive"":true}]"
common_lexeme	lexical_group	ieientaculum	NOUN	1	1	0		derived_only	"[{""form"":""ieientaculum"",""occurrences"":1,""exclusive"":true}]"
common_lexeme	lexical_group	ignitulus	ADJ	1	1	0		single_independent	"[{""form"":""ignitulus"",""occurrences"":1,""exclusive"":true}]"
common_lexeme	lexical_group	ignorabilis	ADJ	1	1	0		corroborated_independent	"[{""form"":""ignorabilius"",""occurrences"":1,""exclusive"":true}]"
common_lexeme	lexical_group	illigneus	ADJ	1	1	0		single_independent	"[{""form"":""illigneam"",""occurrences"":1,""exclusive"":true}]"
common_lexeme	lexical_group	illunis	ADJ	1	1	0		corroborated_independent	"[{""form"":""illuni"",""occurrences"":1,""exclusive"":true}]"
common_lexeme	lexical_group	imperspicuus	ADJ	1	1	0		corroborated_independent	"[{""form"":""imperspicua"",""occurrences"":1,""exclusive"":true}]"
common_lexeme	lexical_group	imulus	ADJ	1	1	0		corroborated_independent	"[{""form"":""imula"",""occurrences"":1,""exclusive"":true}]"
common_lexeme	lexical_group	incubo	NOUN	1	1	0		corroborated_independent	"[{""form"":""incuboni"",""occurrences"":1,""exclusive"":true}]"
common_lexeme	lexical_group	incursim	ADV	1	1	0		single_independent	"[{""form"":""incursim"",""occurrences"":1,""exclusive"":true}]"
common_lexeme	lexical_group	indifficulter	ADV	1	1	0		derived_only	"[{""form"":""indifficulter"",""occurrences"":1,""exclusive"":true}]"
common_lexeme	lexical_group	indigitamenta	NOUN	1	1	0		single_independent	"[{""form"":""indigitamenta"",""occurrences"":1,""exclusive"":true}]"
common_lexeme	lexical_group	indupedio	VERB	1	1	0		corroborated_independent	"[{""form"":""indupediri"",""occurrences"":1,""exclusive"":true}]"
common_lexeme	lexical_group	infimitas	NOUN	1	1	0		single_independent	"[{""form"":""infimitas"",""occurrences"":1,""exclusive"":true}]"
common_lexeme	lexical_group	inforo	VERB	1	1	0		corroborated_independent	"[{""form"":""inforo"",""occurrences"":1,""exclusive"":true}]"
common_lexeme	lexical_group	inopportunitas	NOUN	1	1	0		derived_only	"[{""form"":""inopportunitas"",""occurrences"":1,""exclusive"":true}]"
common_lexeme	lexical_group	inpolitia	NOUN	1	1	0		single_independent	"[{""form"":""inpolitiae"",""occurrences"":1,""exclusive"":true}]"
common_lexeme	lexical_group	instinguo	VERB	1	1	0		corroborated_independent	"[{""form"":""instinxerat"",""occurrences"":1,""exclusive"":true}]"
common_lexeme	lexical_group	interprimo	VERB	1	1	0		single_independent	"[{""form"":""interprimunt"",""occurrences"":1,""exclusive"":true}]"
common_lexeme	lexical_group	intoxico	VERB	1	1	0		single_independent	"[{""form"":""intoxicat"",""occurrences"":1,""exclusive"":true}]"
common_lexeme	lexical_group	intusium	NOUN	1	1	0		single_independent	"[{""form"":""intusium"",""occurrences"":1,""exclusive"":true}]"
common_lexeme	lexical_group	invecticius	ADJ	1	1	0		corroborated_independent	"[{""form"":""invecticium"",""occurrences"":1,""exclusive"":true}]"
common_lexeme	lexical_group	invinius	ADJ	1	1	0		single_independent	"[{""form"":""invinius"",""occurrences"":1,""exclusive"":true}]"
common_lexeme	lexical_group	involvolus	NOUN	1	1	0		single_independent	"[{""form"":""involvolum"",""occurrences"":1,""exclusive"":true}]"
common_lexeme	lexical_group	ischaemon	NOUN	1	1	0		single_independent	"[{""form"":""ischaemon"",""occurrences"":1,""exclusive"":true}]"
common_lexeme	lexical_group	iscurra	NOUN	1	1	0		derived_only	"[{""form"":""iscurra"",""occurrences"":1,""exclusive"":true}]"
common_lexeme	lexical_group	isoetes	NOUN	1	1	0		single_independent	"[{""form"":""isoetes"",""occurrences"":1,""exclusive"":true}]"
common_lexeme	lexical_group	isopleuros	ADJ	1	1	0		single_independent	"[{""form"":""isopleuros"",""occurrences"":1,""exclusive"":true}]"
common_lexeme	lexical_group	isopyron	NOUN	1	1	0		single_independent	"[{""form"":""isopyron"",""occurrences"":1,""exclusive"":true}]"
common_lexeme	lexical_group	iurgo	VERB	1	1	0		single_independent	"[{""form"":""iurigandum"",""occurrences"":1,""exclusive"":true}]"
common_lexeme	lexical_group	lachanizo	VERB	1	1	0		single_independent	"[{""form"":""lachanizare"",""occurrences"":1,""exclusive"":true}]"
common_lexeme	lexical_group	laeotomus	NOUN	1	1	0		single_independent	"[{""form"":""laeotomus"",""occurrences"":1,""exclusive"":true}]"
common_lexeme	lexical_group	lagine	NOUN	1	1	0		derived_only	"[{""form"":""lagine"",""occurrences"":1,""exclusive"":true}]"
common_lexeme	lexical_group	lago	NOUN	1	1	0		single_independent	"[{""form"":""lago"",""occurrences"":1,""exclusive"":true}]"
common_lexeme	lexical_group	lagopus	NOUN	1	1	0		single_independent	"[{""form"":""lagopus"",""occurrences"":1,""exclusive"":true}]"
common_lexeme	lexical_group	lagynos	NOUN	1	1	0		derived_only	"[{""form"":""lagynos"",""occurrences"":1,""exclusive"":true}]"
common_lexeme	lexical_group	lalisio	NOUN	1	1	0		corroborated_independent	"[{""form"":""lalisio"",""occurrences"":1,""exclusive"":true}]"
common_lexeme	lexical_group	lanisticius	ADJ	1	1	0		corroborated_independent	"[{""form"":""lanisticia"",""occurrences"":1,""exclusive"":true}]"
common_lexeme	lexical_group	lappago	NOUN	1	1	0		single_independent	"[{""form"":""lappago"",""occurrences"":1,""exclusive"":true}]"
common_lexeme	lexical_group	lasar	NOUN	1	1	0		single_independent	"[{""form"":""lasar"",""occurrences"":1,""exclusive"":true}]"
common_lexeme	lexical_group	lastaurus	NOUN	1	1	0		corroborated_independent	"[{""form"":""lastaurum"",""occurrences"":1,""exclusive"":true}]"
common_lexeme	lexical_group	latifico	VERB	1	1	0		corroborated_independent	"[{""form"":""latificet"",""occurrences"":1,""exclusive"":true}]"
common_lexeme	lexical_group	leber	NOUN	1	1	0		single_independent	"[{""form"":""leber"",""occurrences"":1,""exclusive"":true}]"
common_lexeme	lexical_group	leontios	NOUN	1	1	0		single_independent	"[{""form"":""leontios"",""occurrences"":1,""exclusive"":true}]"
common_lexeme	lexical_group	leontopetalon	NOUN	1	1	0		single_independent	"[{""form"":""leontopetalon"",""occurrences"":1,""exclusive"":true}]"
common_lexeme	lexical_group	leontopodion	NOUN	1	1	0		single_independent	"[{""form"":""leontopodion"",""occurrences"":1,""exclusive"":true}]"
common_lexeme	lexical_group	leucanthes	NOUN	1	1	0		single_independent	"[{""form"":""leucanthes"",""occurrences"":1,""exclusive"":true}]"
common_lexeme	lexical_group	leuceoron	NOUN	1	1	0		single_independent	"[{""form"":""leuceoron"",""occurrences"":1,""exclusive"":true}]"
common_lexeme	lexical_group	leucochrysos	NOUN	1	1	0		single_independent	"[{""form"":""leucochrysos"",""occurrences"":1,""exclusive"":true}]"
common_lexeme	lexical_group	leucogaea	NOUN	1	1	0		single_independent	"[{""form"":""leucogaea"",""occurrences"":1,""exclusive"":true}]"
common_lexeme	lexical_group	leucographis	NOUN	1	1	0		single_independent	"[{""form"":""leucographis"",""occurrences"":1,""exclusive"":true}]"
common_lexeme	lexical_group	leucophaeatus	ADJ	1	1	0		corroborated_independent	"[{""form"":""leucophaeatus"",""occurrences"":1,""exclusive"":true}]"
common_lexeme	lexical_group	leucophthalmos	NOUN	1	1	0		single_independent	"[{""form"":""leucophthalmos"",""occurrences"":1,""exclusive"":true}]"
common_lexeme	lexical_group	leucopoecilos	NOUN	1	1	0		single_independent	"[{""form"":""leucopoecilos"",""occurrences"":1,""exclusive"":true}]"
common_lexeme	lexical_group	leucos	ADJ	1	1	0		single_independent	"[{""form"":""leucos"",""occurrences"":1,""exclusive"":true}]"
common_lexeme	lexical_group	libadion	NOUN	1	1	0		single_independent	"[{""form"":""libadion"",""occurrences"":1,""exclusive"":true}]"
common_lexeme	lexical_group	libanochrus	NOUN	1	1	0		single_independent	"[{""form"":""libanochrus"",""occurrences"":1,""exclusive"":true}]"
common_lexeme	lexical_group	libellenses	NOUN	1	1	0		derived_only	"[{""form"":""libellenses"",""occurrences"":1,""exclusive"":true}]"
common_lexeme	lexical_group	licitor	VERB	1	1	0		corroborated_independent	"[{""form"":""licitatur"",""occurrences"":1,""exclusive"":true}]"
common_lexeme	lexical_group	ligma	NOUN	1	1	0		derived_only	"[{""form"":""ligma"",""occurrences"":1,""exclusive"":true}]"
common_lexeme	lexical_group	ligumen	VERB	1	1	0		single_independent	"[{""form"":""ligumen"",""occurrences"":1,""exclusive"":true}]"
common_lexeme	lexical_group	limenarcha	NOUN	1	1	0		single_independent	"[{""form"":""limenarcha"",""occurrences"":1,""exclusive"":true}]"
common_lexeme	lexical_group	limoniatis	NOUN	1	1	0		single_independent	"[{""form"":""limoniatis"",""occurrences"":1,""exclusive"":true}]"
common_lexeme	lexical_group	lineo	VERB	1	1	0		corroborated_independent	"[{""form"":""lineavit"",""occurrences"":1,""exclusive"":true}]"
common_lexeme	lexical_group	linozostis	NOUN	1	1	0		single_independent	"[{""form"":""linozostis"",""occurrences"":1,""exclusive"":true}]"
common_lexeme	lexical_group	liratim	ADV	1	1	0		single_independent	"[{""form"":""liratim"",""occurrences"":1,""exclusive"":true}]"
common_lexeme	lexical_group	lithospermon	NOUN	1	1	0		single_independent	"[{""form"":""lithospermon"",""occurrences"":1,""exclusive"":true}]"
common_lexeme	lexical_group	liticen	NOUN	1	1	0		corroborated_independent	"[{""form"":""liticinibus"",""occurrences"":1,""exclusive"":true}]"
common_lexeme	lexical_group	locutuleius	ADJ	1	1	0		corroborated_independent	"[{""form"":""locutuleios"",""occurrences"":1,""exclusive"":true}]"
common_lexeme	lexical_group	logaeum	NOUN	1	1	0		single_independent	"[{""form"":""logaeo"",""occurrences"":1,""exclusive"":true}]"
common_lexeme	lexical_group	lonchitis	NOUN	1	1	0		single_independent	"[{""form"":""lonchitis"",""occurrences"":1,""exclusive"":true}]"
common_lexeme	lexical_group	longavo	NOUN	1	1	0		derived_only	"[{""form"":""longavo"",""occurrences"":1,""exclusive"":true}]"
common_lexeme	lexical_group	loquitor	VERB	1	1	0		corroborated_independent	"[{""form"":""loquitatur"",""occurrences"":1,""exclusive"":true}]"
common_lexeme	lexical_group	lucipeta	NOUN	1	1	0		derived_only	"[{""form"":""lucipeta"",""occurrences"":1,""exclusive"":true}]"
common_lexeme	lexical_group	lucripeta	NOUN	1	1	0		single_independent	"[{""form"":""lucripeta"",""occurrences"":1,""exclusive"":true}]"
common_lexeme	lexical_group	lucunculus	NOUN	1	1	0		corroborated_independent	"[{""form"":""lucunculos"",""occurrences"":1,""exclusive"":true}]"
common_lexeme	lexical_group	luscinius	NOUN	1	1	0		corroborated_independent	"[{""form"":""luscinios"",""occurrences"":1,""exclusive"":true}]"
common_lexeme	lexical_group	luxus	ADJ	1	1	0		corroborated_independent	"[{""form"":""luxam"",""occurrences"":1,""exclusive"":true}]"
common_lexeme	lexical_group	lychnites	NOUN	1	1	0		single_independent	"[{""form"":""lychnites"",""occurrences"":1,""exclusive"":true}]"
common_lexeme	lexical_group	lygdinus	ADJ	1	1	0		single_independent	"[{""form"":""lygdinus"",""occurrences"":1,""exclusive"":true}]"
common_lexeme	lexical_group	lyron	NOUN	1	1	0		single_independent	"[{""form"":""lyron"",""occurrences"":1,""exclusive"":true}]"
common_lexeme	lexical_group	lysimachos	NOUN	1	1	0		single_independent	"[{""form"":""lysimachos"",""occurrences"":1,""exclusive"":true}]"
common_lexeme	lexical_group	macariotes	NOUN	1	1	0		single_independent	"[{""form"":""macariotes"",""occurrences"":1,""exclusive"":true}]"
common_lexeme	lexical_group	machaerophorus	NOUN	1	1	0		corroborated_independent	"[{""form"":""machaerophoris"",""occurrences"":1,""exclusive"":true}]"
common_lexeme	lexical_group	macritudo	NOUN	1	1	0		single_independent	"[{""form"":""macritudine"",""occurrences"":1,""exclusive"":true}]"
common_lexeme	lexical_group	madido	VERB	1	1	0		corroborated_independent	"[{""form"":""madidans"",""occurrences"":1,""exclusive"":true}]"
common_lexeme	lexical_group	madulsa	NOUN	1	1	0		corroborated_independent	"[{""form"":""madulsam"",""occurrences"":1,""exclusive"":true}]"
common_lexeme	lexical_group	malacisso	VERB	1	1	0		corroborated_independent	"[{""form"":""malacissandus"",""occurrences"":1,""exclusive"":true}]"
common_lexeme	lexical_group	mallo	NOUN	1	1	0		single_independent	"[{""form"":""mallo"",""occurrences"":1,""exclusive"":true}]"
common_lexeme	lexical_group	malope	NOUN	1	1	0		single_independent	"[{""form"":""malope"",""occurrences"":1,""exclusive"":true}]"
common_lexeme	lexical_group	maltha	NOUN	1	1	0		corroborated_independent	"[{""form"":""maltham"",""occurrences"":1,""exclusive"":true}]"
common_lexeme	lexical_group	malundrum	NOUN	1	1	0		single_independent	"[{""form"":""malundrum"",""occurrences"":1,""exclusive"":true}]"
common_lexeme	lexical_group	mammo	VERB	1	1	0		corroborated_independent	"[{""form"":""mammantibus"",""occurrences"":1,""exclusive"":true}]"
common_lexeme	lexical_group	manucla	NOUN	1	1	0		single_independent	"[{""form"":""manucla"",""occurrences"":1,""exclusive"":true}]"
common_lexeme	lexical_group	manutius	NOUN	1	1	0		derived_only	"[{""form"":""manutius"",""occurrences"":1,""exclusive"":true}]"
common_lexeme	lexical_group	martiatica	NOUN	1	1	0		derived_only	"[{""form"":""martiatica"",""occurrences"":1,""exclusive"":true}]"
common_lexeme	lexical_group	maspetum	NOUN	1	1	0		single_independent	"[{""form"":""maspetum"",""occurrences"":1,""exclusive"":true}]"
common_lexeme	lexical_group	mastos	NOUN	1	1	0		single_independent	"[{""form"":""mastos"",""occurrences"":1,""exclusive"":true}]"
common_lexeme	lexical_group	mechanisma	NOUN	1	1	0		single_independent	"[{""form"":""mechanisma"",""occurrences"":1,""exclusive"":true}]"
common_lexeme	lexical_group	melandryum	NOUN	1	1	0		corroborated_independent	"[{""form"":""melandrya"",""occurrences"":1,""exclusive"":true}]"
common_lexeme	lexical_group	melichloros	NOUN	1	1	0		single_independent	"[{""form"":""melichloros"",""occurrences"":1,""exclusive"":true}]"
common_lexeme	lexical_group	melichros	NOUN	1	1	0		single_independent	"[{""form"":""melichros"",""occurrences"":1,""exclusive"":true}]"
common_lexeme	lexical_group	mella	NOUN	1	1	0		corroborated_independent	"[{""form"":""mellam"",""occurrences"":1,""exclusive"":true}]"
common_lexeme	lexical_group	mellifico	VERB	1	1	0		corroborated_independent	"[{""form"":""mellificavi"",""occurrences"":1,""exclusive"":true}]"
common_lexeme	lexical_group	mendaciloquus	ADJ	1	1	0		corroborated_independent	"[{""form"":""mendaciloquius"",""occurrences"":1,""exclusive"":true}]"
common_lexeme	lexical_group	mentigo	NOUN	1	1	0		single_independent	"[{""form"":""mentigo"",""occurrences"":1,""exclusive"":true}]"
common_lexeme	lexical_group	merobibus	ADJ	1	1	0		corroborated_independent	"[{""form"":""merobiba"",""occurrences"":1,""exclusive"":true}]"
common_lexeme	lexical_group	mesancula	NOUN	1	1	0		single_independent	"[{""form"":""mesanculae"",""occurrences"":1,""exclusive"":true}]"
common_lexeme	lexical_group	mesauloe	NOUN	1	1	0		single_independent	"[{""form"":""mesauloe"",""occurrences"":1,""exclusive"":true}]"
common_lexeme	lexical_group	mesoleucos	NOUN	1	1	0		single_independent	"[{""form"":""mesoleucos"",""occurrences"":1,""exclusive"":true}]"
common_lexeme	lexical_group	mesonyctius	ADJ	1	1	0		single_independent	"[{""form"":""mesonyctius"",""occurrences"":1,""exclusive"":true}]"
common_lexeme	lexical_group	metopa	NOUN	1	1	0		single_independent	"[{""form"":""metopa"",""occurrences"":1,""exclusive"":true}]"
common_lexeme	lexical_group	metoposcopus	NOUN	1	1	0		corroborated_independent	"[{""form"":""metoposcopum"",""occurrences"":1,""exclusive"":true}]"
common_lexeme	lexical_group	microcosmus	NOUN	1	1	0		single_independent	"[{""form"":""microcosmus"",""occurrences"":1,""exclusive"":true}]"
common_lexeme	lexical_group	micturio	VERB	1	1	0		corroborated_independent	"[{""form"":""micturiunt"",""occurrences"":1,""exclusive"":true}]"
common_lexeme	lexical_group	milleformis	ADJ	1	1	0		corroborated_independent	"[{""form"":""milleformi"",""occurrences"":1,""exclusive"":true}]"
common_lexeme	lexical_group	milva	NOUN	1	1	0		corroborated_independent	"[{""form"":""milva"",""occurrences"":1,""exclusive"":true}]"
common_lexeme	lexical_group	miscellaneus	ADJ	1	1	0		corroborated_independent	"[{""form"":""miscellaneae"",""occurrences"":1,""exclusive"":true}]"
common_lexeme	lexical_group	mitella	NOUN	1	1	0		corroborated_independent	"[{""form"":""mitella"",""occurrences"":1,""exclusive"":true}]"
common_lexeme	lexical_group	mitellita	NOUN	1	1	0		corroborated_independent	"[{""form"":""mitellita"",""occurrences"":1,""exclusive"":true}]"
common_lexeme	lexical_group	moenio	VERB	1	1	0		corroborated_independent	"[{""form"":""moenio"",""occurrences"":1,""exclusive"":true}]"
common_lexeme	lexical_group	monetrix	NOUN	1	1	0		single_independent	"[{""form"":""monetrix"",""occurrences"":1,""exclusive"":true}]"
common_lexeme	lexical_group	monobolon	NOUN	1	1	0		single_independent	"[{""form"":""monobolon"",""occurrences"":1,""exclusive"":true}]"
common_lexeme	lexical_group	monolinum	NOUN	1	1	0		single_independent	"[{""form"":""monolinum"",""occurrences"":1,""exclusive"":true}]"
common_lexeme	lexical_group	monopteros	ADJ	1	1	0		single_independent	"[{""form"":""monopteros"",""occurrences"":1,""exclusive"":true}]"
common_lexeme	lexical_group	monoptota	NOUN	1	1	0		single_independent	"[{""form"":""monoptota"",""occurrences"":1,""exclusive"":true}]"
common_lexeme	lexical_group	monotropus	NOUN	1	1	0		corroborated_independent	"[{""form"":""monotropi"",""occurrences"":1,""exclusive"":true}]"
common_lexeme	lexical_group	mormorion	NOUN	1	1	0		single_independent	"[{""form"":""mormorion"",""occurrences"":1,""exclusive"":true}]"
common_lexeme	lexical_group	motacilla	NOUN	1	1	0		single_independent	"[{""form"":""motacilla"",""occurrences"":1,""exclusive"":true}]"
common_lexeme	lexical_group	mozicia	NOUN	1	1	0		derived_only	"[{""form"":""mozicia"",""occurrences"":1,""exclusive"":true}]"
common_lexeme	lexical_group	muceo	VERB	1	1	0		corroborated_independent	"[{""form"":""muceat"",""occurrences"":1,""exclusive"":true}]"
common_lexeme	lexical_group	mufrius	NOUN	1	1	0		corroborated_independent	"[{""form"":""mufrius"",""occurrences"":1,""exclusive"":true}]"
common_lexeme	lexical_group	munifico	VERB	1	1	0		corroborated_independent	"[{""form"":""munificat"",""occurrences"":1,""exclusive"":true}]"
common_lexeme	lexical_group	muricidus	ADJ	1	1	0		corroborated_independent	"[{""form"":""muricide"",""occurrences"":1,""exclusive"":true}]"
common_lexeme	lexical_group	murobatharius	NOUN	1	1	0		single_independent	"[{""form"":""murobatharii"",""occurrences"":1,""exclusive"":true}]"
common_lexeme	lexical_group	murrio	VERB	1	1	0		single_independent	"[{""form"":""murrio"",""occurrences"":1,""exclusive"":true}]"
common_lexeme	lexical_group	murro	VERB	1	1	0		derived_only	"[{""form"":""murro"",""occurrences"":1,""exclusive"":true}]"
common_lexeme	lexical_group	mutito	VERB	1	1	0		corroborated_independent	"[{""form"":""mutitarent"",""occurrences"":1,""exclusive"":true}]"
common_lexeme	lexical_group	mycetias	NOUN	1	1	0		single_independent	"[{""form"":""mycetias"",""occurrences"":1,""exclusive"":true}]"
common_lexeme	lexical_group	mygale	NOUN	1	1	0		single_independent	"[{""form"":""mygale"",""occurrences"":1,""exclusive"":true}]"
common_lexeme	lexical_group	myrias	NOUN	1	1	0		single_independent	"[{""form"":""myriadas"",""occurrences"":1,""exclusive"":true}]"
common_lexeme	lexical_group	myrmecias	NOUN	1	1	0		single_independent	"[{""form"":""myrmecias"",""occurrences"":1,""exclusive"":true}]"
common_lexeme	lexical_group	myrothecium	NOUN	1	1	0		single_independent	"[{""form"":""myrothecium"",""occurrences"":1,""exclusive"":true}]"
common_lexeme	lexical_group	myrsinitis	NOUN	1	1	0		derived_only	"[{""form"":""myrsinitis"",""occurrences"":1,""exclusive"":true}]"
common_lexeme	lexical_group	myrtites	NOUN	1	1	0		single_independent	"[{""form"":""myrtites"",""occurrences"":1,""exclusive"":true}]"
common_lexeme	lexical_group	napy	NOUN	1	1	0		single_independent	"[{""form"":""napy"",""occurrences"":1,""exclusive"":true}]"
common_lexeme	lexical_group	nauculor	VERB	1	1	0		corroborated_independent	"[{""form"":""nauculatur"",""occurrences"":1,""exclusive"":true}]"
common_lexeme	lexical_group	necromantii	NOUN	1	1	0		single_independent	"[{""form"":""necromantii"",""occurrences"":1,""exclusive"":true}]"
common_lexeme	lexical_group	necrothytus	ADJ	1	1	0		single_independent	"[{""form"":""necrothytis"",""occurrences"":1,""exclusive"":true}]"
common_lexeme	lexical_group	nema	NOUN	1	1	0		single_independent	"[{""form"":""nema"",""occurrences"":1,""exclusive"":true}]"
common_lexeme	lexical_group	nepenthes	NOUN	1	1	0		single_independent	"[{""form"":""nepenthes"",""occurrences"":1,""exclusive"":true}]"
common_lexeme	lexical_group	nessotrophium	NOUN	1	1	0		single_independent	"[{""form"":""nessotrophium"",""occurrences"":1,""exclusive"":true}]"
common_lexeme	lexical_group	nictus	NOUN	1	1	0		single_independent	"[{""form"":""nictus"",""occurrences"":1,""exclusive"":true}]"
common_lexeme	lexical_group	novennis	ADJ	1	1	0		single_independent	"[{""form"":""novennis"",""occurrences"":1,""exclusive"":true}]"
common_lexeme	lexical_group	novennium	NOUN	1	1	0		single_independent	"[{""form"":""novennium"",""occurrences"":1,""exclusive"":true}]"
common_lexeme	lexical_group	nugo	NOUN	1	1	0		corroborated_independent	"[{""form"":""nugonibus"",""occurrences"":1,""exclusive"":true}]"
common_lexeme	lexical_group	nullificatio	NOUN	1	1	0		single_independent	"[{""form"":""nullificatio"",""occurrences"":1,""exclusive"":true}]"
common_lexeme	lexical_group	nutritius	NOUN	1	1	0		single_independent	"[{""form"":""nutritios"",""occurrences"":1,""exclusive"":true}]"
common_lexeme	lexical_group	nyma	NOUN	1	1	0		single_independent	"[{""form"":""nyma"",""occurrences"":1,""exclusive"":true}]"
common_lexeme	lexical_group	oblicus	ADJ	1	1	0		single_independent	"[{""form"":""oblico"",""occurrences"":1,""exclusive"":true}]"
common_lexeme	lexical_group	obtrudo	VERB	1	1	0		single_independent	"[{""form"":""optrudere"",""occurrences"":1,""exclusive"":true}]"
common_lexeme	lexical_group	obturbo	VERB	1	1	0		corroborated_independent	"[{""form"":""opturba"",""occurrences"":1,""exclusive"":true}]"
common_lexeme	lexical_group	occillo	VERB	1	1	0		corroborated_independent	"[{""form"":""occillet"",""occurrences"":1,""exclusive"":true}]"
common_lexeme	lexical_group	ocliferius	ADJ	1	1	0		corroborated_independent	"[{""form"":""ocliferia"",""occurrences"":1,""exclusive"":true}]"
common_lexeme	lexical_group	oclopeta	NOUN	1	1	0		single_independent	"[{""form"":""oclopetam"",""occurrences"":1,""exclusive"":true}]"
common_lexeme	lexical_group	odontitis	NOUN	1	1	0		single_independent	"[{""form"":""odontitis"",""occurrences"":1,""exclusive"":true}]"
common_lexeme	lexical_group	oecus	NOUN	1	1	0		single_independent	"[{""form"":""oecus"",""occurrences"":1,""exclusive"":true}]"
common_lexeme	lexical_group	oenomeli	NOUN	1	1	0		derived_only	"[{""form"":""oenomeli"",""occurrences"":1,""exclusive"":true}]"
common_lexeme	lexical_group	oenopolium	NOUN	1	1	0		single_independent	"[{""form"":""oenopolio"",""occurrences"":1,""exclusive"":true}]"
common_lexeme	lexical_group	offla	NOUN	1	1	0		corroborated_independent	"[{""form"":""offlam"",""occurrences"":1,""exclusive"":true}]"
common_lexeme	lexical_group	olca	NOUN	1	1	0		single_independent	"[{""form"":""olca"",""occurrences"":1,""exclusive"":true}]"
common_lexeme	lexical_group	omphalocarpos	NOUN	1	1	0		single_independent	"[{""form"":""omphalocarpos"",""occurrences"":1,""exclusive"":true}]"
common_lexeme	lexical_group	onagrus	NOUN	1	1	0		single_independent	"[{""form"":""onagrus"",""occurrences"":1,""exclusive"":true}]"
common_lexeme	lexical_group	ononis	NOUN	1	1	0		single_independent	"[{""form"":""ononis"",""occurrences"":1,""exclusive"":true}]"
common_lexeme	lexical_group	onopradon	NOUN	1	1	0		derived_only	"[{""form"":""onopradon"",""occurrences"":1,""exclusive"":true}]"
common_lexeme	lexical_group	onopyxos	NOUN	1	1	0		single_independent	"[{""form"":""onopyxos"",""occurrences"":1,""exclusive"":true}]"
common_lexeme	lexical_group	onosma	NOUN	1	1	0		single_independent	"[{""form"":""onosma"",""occurrences"":1,""exclusive"":true}]"
common_lexeme	lexical_group	onothera	NOUN	1	1	0		derived_only	"[{""form"":""onothera"",""occurrences"":1,""exclusive"":true}]"
common_lexeme	lexical_group	opalus	NOUN	1	1	0		single_independent	"[{""form"":""opalus"",""occurrences"":1,""exclusive"":true}]"
common_lexeme	lexical_group	ophicardelos	NOUN	1	1	0		single_independent	"[{""form"":""ophicardelos"",""occurrences"":1,""exclusive"":true}]"
common_lexeme	lexical_group	ophrys	NOUN	1	1	0		single_independent	"[{""form"":""ophrys"",""occurrences"":1,""exclusive"":true}]"
common_lexeme	lexical_group	opimatus	ADJ	1	1	0		corroborated_independent	"[{""form"":""opimata"",""occurrences"":1,""exclusive"":true}]"
common_lexeme	lexical_group	oporice	NOUN	1	1	0		single_independent	"[{""form"":""oporice"",""occurrences"":1,""exclusive"":true}]"
common_lexeme	lexical_group	opthalmicus	NOUN	1	1	0		single_independent	"[{""form"":""opthalmicus"",""occurrences"":1,""exclusive"":true}]"
common_lexeme	lexical_group	optimitas	NOUN	1	1	0		single_independent	"[{""form"":""optimitas"",""occurrences"":1,""exclusive"":true}]"
common_lexeme	lexical_group	ornithogale	NOUN	1	1	0		single_independent	"[{""form"":""ornithogale"",""occurrences"":1,""exclusive"":true}]"
common_lexeme	lexical_group	orobethron	NOUN	1	1	0		single_independent	"[{""form"":""orobethron"",""occurrences"":1,""exclusive"":true}]"
common_lexeme	lexical_group	orthocissos	NOUN	1	1	0		single_independent	"[{""form"":""orthocissos"",""occurrences"":1,""exclusive"":true}]"
common_lexeme	lexical_group	orthopygium	NOUN	1	1	0		corroborated_independent	"[{""form"":""orthopygium"",""occurrences"":1,""exclusive"":true}]"
common_lexeme	lexical_group	oscillatio	NOUN	1	1	0		corroborated_independent	"[{""form"":""oscillationis"",""occurrences"":1,""exclusive"":true}]"
common_lexeme	lexical_group	ostrys	NOUN	1	1	0		derived_only	"[{""form"":""ostrys"",""occurrences"":1,""exclusive"":true}]"
common_lexeme	lexical_group	othonna	NOUN	1	1	0		single_independent	"[{""form"":""othonna"",""occurrences"":1,""exclusive"":true}]"
common_lexeme	lexical_group	ovilio	NOUN	1	1	0		single_independent	"[{""form"":""ovilio"",""occurrences"":1,""exclusive"":true}]"
common_lexeme	lexical_group	oxycominum	NOUN	1	1	0		single_independent	"[{""form"":""oxycomina"",""occurrences"":1,""exclusive"":true}]"
common_lexeme	lexical_group	oxys	NOUN	1	1	0		single_independent	"[{""form"":""oxys"",""occurrences"":1,""exclusive"":true}]"
common_lexeme	lexical_group	paegniarius	ADJ	1	1	0		corroborated_independent	"[{""form"":""paegniariis"",""occurrences"":1,""exclusive"":true}]"
common_lexeme	lexical_group	palasea	NOUN	1	1	0		single_independent	"[{""form"":""palasea"",""occurrences"":1,""exclusive"":true}]"
common_lexeme	lexical_group	palimpissa	NOUN	1	1	0		single_independent	"[{""form"":""palimpissa"",""occurrences"":1,""exclusive"":true}]"
common_lexeme	lexical_group	panuvellium	NOUN	1	1	0		derived_only	"[{""form"":""panuvellium"",""occurrences"":1,""exclusive"":true}]"
common_lexeme	lexical_group	papyrius	ADJ	1	1	0		single_independent	"[{""form"":""papyrius"",""occurrences"":1,""exclusive"":true}]"
common_lexeme	lexical_group	paradoxos	ADJ	1	1	0		derived_only	"[{""form"":""paradoxos"",""occurrences"":1,""exclusive"":true}]"
common_lexeme	lexical_group	paraenetice	NOUN	1	1	0		single_independent	"[{""form"":""paraeneticen"",""occurrences"":1,""exclusive"":true}]"
common_lexeme	lexical_group	parallelogrammum	NOUN	1	1	0		derived_only	"[{""form"":""parallelogrammum"",""occurrences"":1,""exclusive"":true}]"
common_lexeme	lexical_group	parapherna	NOUN	1	1	0		single_independent	"[{""form"":""parapherna"",""occurrences"":1,""exclusive"":true}]"
common_lexeme	lexical_group	parasitatio	NOUN	1	1	0		corroborated_independent	"[{""form"":""parasitatio"",""occurrences"":1,""exclusive"":true}]"
common_lexeme	lexical_group	parastichis	NOUN	1	1	0		corroborated_independent	"[{""form"":""parastichide"",""occurrences"":1,""exclusive"":true}]"
common_lexeme	lexical_group	pardalianches	NOUN	1	1	0		single_independent	"[{""form"":""pardalianches"",""occurrences"":1,""exclusive"":true}]"
common_lexeme	lexical_group	parhelion	NOUN	1	1	0		single_independent	"[{""form"":""parhelion"",""occurrences"":1,""exclusive"":true}]"
common_lexeme	lexical_group	parhippus	NOUN	1	1	0		single_independent	"[{""form"":""parhippus"",""occurrences"":1,""exclusive"":true}]"
common_lexeme	lexical_group	paromoeon	NOUN	1	1	0		derived_only	"[{""form"":""paromoeon"",""occurrences"":1,""exclusive"":true}]"
common_lexeme	lexical_group	parrhesia	NOUN	1	1	0		derived_only	"[{""form"":""parrhesia"",""occurrences"":1,""exclusive"":true}]"
common_lexeme	lexical_group	parrhesiastes	NOUN	1	1	0		single_independent	"[{""form"":""parrhesiastes"",""occurrences"":1,""exclusive"":true}]"
common_lexeme	lexical_group	pasceolus	NOUN	1	1	0		corroborated_independent	"[{""form"":""pasceolo"",""occurrences"":1,""exclusive"":true}]"
common_lexeme	lexical_group	patagiarius	NOUN	1	1	0		corroborated_independent	"[{""form"":""patagiarii"",""occurrences"":1,""exclusive"":true}]"
common_lexeme	lexical_group	patena	NOUN	1	1	0		corroborated_independent	"[{""form"":""patenis"",""occurrences"":1,""exclusive"":true}]"
common_lexeme	lexical_group	patrisso	VERB	1	1	0		corroborated_independent	"[{""form"":""patrisses"",""occurrences"":1,""exclusive"":true}]"
common_lexeme	lexical_group	pedico	NOUN	1	1	0		single_independent	"[{""form"":""pediconibus"",""occurrences"":1,""exclusive"":true}]"
common_lexeme	lexical_group	peditastellus	NOUN	1	1	0		corroborated_independent	"[{""form"":""peditastelli"",""occurrences"":1,""exclusive"":true}]"
common_lexeme	lexical_group	peganon	NOUN	1	1	0		single_independent	"[{""form"":""peganon"",""occurrences"":1,""exclusive"":true}]"
common_lexeme	lexical_group	pelecinos	NOUN	1	1	0		single_independent	"[{""form"":""pelecinos"",""occurrences"":1,""exclusive"":true}]"
common_lexeme	lexical_group	pellucidus	ADJ	1	1	0		corroborated_independent	"[{""form"":""pellucidus"",""occurrences"":1,""exclusive"":true}]"
common_lexeme	lexical_group	pennatulus	ADJ	1	1	0		single_independent	"[{""form"":""pennatulus"",""occurrences"":1,""exclusive"":true}]"
common_lexeme	lexical_group	pentadoros	ADJ	1	1	0		single_independent	"[{""form"":""pentadoros"",""occurrences"":1,""exclusive"":true}]"
common_lexeme	lexical_group	pentagonon	NOUN	1	1	0		derived_only	"[{""form"":""pentagonon"",""occurrences"":1,""exclusive"":true}]"
common_lexeme	lexical_group	pentaphyllon	NOUN	1	1	0		single_independent	"[{""form"":""pentaphyllon"",""occurrences"":1,""exclusive"":true}]"
common_lexeme	lexical_group	pentaptota	NOUN	1	1	0		single_independent	"[{""form"":""pentaptota"",""occurrences"":1,""exclusive"":true}]"
common_lexeme	lexical_group	pentaspaston	NOUN	1	1	0		single_independent	"[{""form"":""pentaspaston"",""occurrences"":1,""exclusive"":true}]"
common_lexeme	lexical_group	penthemimeres	NOUN	1	1	0		single_independent	"[{""form"":""penthemimeres"",""occurrences"":1,""exclusive"":true}]"
common_lexeme	lexical_group	penthiacum	NOUN	1	1	0		single_independent	"[{""form"":""penthiacum"",""occurrences"":1,""exclusive"":true}]"
common_lexeme	lexical_group	pentorobon	NOUN	1	1	0		single_independent	"[{""form"":""pentorobon"",""occurrences"":1,""exclusive"":true}]"
common_lexeme	lexical_group	percolopo	VERB	1	1	0		corroborated_independent	"[{""form"":""percolopabant"",""occurrences"":1,""exclusive"":true}]"
common_lexeme	lexical_group	percultor	NOUN	1	1	0		single_independent	"[{""form"":""percultor"",""occurrences"":1,""exclusive"":true}]"
common_lexeme	lexical_group	perileucos	NOUN	1	1	0		single_independent	"[{""form"":""perileucos"",""occurrences"":1,""exclusive"":true}]"
common_lexeme	lexical_group	perprurisco	VERB	1	1	0		corroborated_independent	"[{""form"":""perpruriscens"",""occurrences"":1,""exclusive"":true}]"
common_lexeme	lexical_group	persolla	NOUN	1	1	0		corroborated_independent	"[{""form"":""persollae"",""occurrences"":1,""exclusive"":true}]"
common_lexeme	lexical_group	persollata	NOUN	1	1	0		single_independent	"[{""form"":""persollata"",""occurrences"":1,""exclusive"":true}]"
common_lexeme	lexical_group	pesoluta	NOUN	1	1	0		single_independent	"[{""form"":""pesoluta"",""occurrences"":1,""exclusive"":true}]"
common_lexeme	lexical_group	petraeus	ADJ	1	1	0		single_independent	"[{""form"":""petraeus"",""occurrences"":1,""exclusive"":true}]"
common_lexeme	lexical_group	petrensis	ADJ	1	1	0		single_independent	"[{""form"":""petrensis"",""occurrences"":1,""exclusive"":true}]"
common_lexeme	lexical_group	peusis	NOUN	1	1	0		derived_only	"[{""form"":""peusis"",""occurrences"":1,""exclusive"":true}]"
common_lexeme	lexical_group	pezicae	NOUN	1	1	0		single_independent	"[{""form"":""pezicae"",""occurrences"":1,""exclusive"":true}]"
common_lexeme	lexical_group	phager	NOUN	1	1	0		corroborated_independent	"[{""form"":""phagro"",""occurrences"":1,""exclusive"":true}]"
common_lexeme	lexical_group	pharanitis	NOUN	1	1	0		single_independent	"[{""form"":""pharanitis"",""occurrences"":1,""exclusive"":true}]"
common_lexeme	lexical_group	pharnacion	NOUN	1	1	0		single_independent	"[{""form"":""pharnacion"",""occurrences"":1,""exclusive"":true}]"
common_lexeme	lexical_group	phasganion	NOUN	1	1	0		single_independent	"[{""form"":""phasganion"",""occurrences"":1,""exclusive"":true}]"
common_lexeme	lexical_group	philanthropia	NOUN	1	1	0		single_independent	"[{""form"":""philanthropia"",""occurrences"":1,""exclusive"":true}]"
common_lexeme	lexical_group	philetaeria	NOUN	1	1	0		single_independent	"[{""form"":""philetaeria"",""occurrences"":1,""exclusive"":true}]"
common_lexeme	lexical_group	phlogitis	NOUN	1	1	0		single_independent	"[{""form"":""phlogitis"",""occurrences"":1,""exclusive"":true}]"
common_lexeme	lexical_group	phlomis	NOUN	1	1	0		single_independent	"[{""form"":""phlomis"",""occurrences"":1,""exclusive"":true}]"
common_lexeme	lexical_group	phlomos	NOUN	1	1	0		single_independent	"[{""form"":""phlomos"",""occurrences"":1,""exclusive"":true}]"
proper_name	lexical_group	ulpianus	NOUN	9027	9027	0		single_independent	"[{""form"":""ulpianus"",""occurrences"":9027,""exclusive"":true}]"
proper_name	lexical_group	lampadio	NOUN	415	415	0		single_independent	"[{""form"":""lampadio"",""occurrences"":415,""exclusive"":true}]"
proper_name	lexical_group	aaron	NOUN	404	404	0		corroborated_independent	"[{""form"":""aaron"",""occurrences"":404,""exclusive"":true}]"
proper_name	lexical_group	isaac	NOUN	332	317	15		single_independent	"[{""form"":""isaac"",""occurrences"":317,""exclusive"":true},{""form"":""isaacus"",""occurrences"":12,""exclusive"":false},{""form"":""isac"",""occurrences"":3,""exclusive"":false}]"
proper_name	lexical_group	antiochus	NOUN	249	249	0		corroborated_independent	"[{""form"":""antiochus"",""occurrences"":249,""exclusive"":true}]"
proper_name	lexical_group	samuel	NOUN	249	249	0		derived_only	"[{""form"":""samuel"",""occurrences"":249,""exclusive"":true}]"
proper_name	lexical_group	iob	NOUN	220	220	0		single_independent	"[{""form"":""iob"",""occurrences"":220,""exclusive"":true}]"
proper_name	lexical_group	philisthiim	NOUN	209	209	0		derived_only	"[{""form"":""philisthiim"",""occurrences"":209,""exclusive"":true}]"
proper_name	lexical_group	esau	NOUN	178	178	0		single_independent	"[{""form"":""esau"",""occurrences"":178,""exclusive"":true}]"
proper_name	lexical_group	ephraim	NOUN	176	176	0		single_independent	"[{""form"":""ephraim"",""occurrences"":176,""exclusive"":true}]"
proper_name	lexical_group	laelius	NOUN	177	168	9		corroborated_independent	"[{""form"":""laelius"",""occurrences"":167,""exclusive"":true},{""form"":""laelia"",""occurrences"":9,""exclusive"":false},{""form"":""lælius"",""occurrences"":1,""exclusive"":true}]"
proper_name	lexical_group	scaevola	NOUN	164	164	0		corroborated_independent	"[{""form"":""scaevola"",""occurrences"":162,""exclusive"":true},{""form"":""scævola"",""occurrences"":2,""exclusive"":true}]"
proper_name	lexical_group	moab	NOUN	159	159	0		single_independent	"[{""form"":""moab"",""occurrences"":159,""exclusive"":true}]"
proper_name	lexical_group	irenaeus	NOUN	148	148	0		derived_only	"[{""form"":""irenaeus"",""occurrences"":148,""exclusive"":true}]"
proper_name	lexical_group	simon	NOUN	145	145	0		single_independent	"[{""form"":""simon"",""occurrences"":145,""exclusive"":true}]"
proper_name	lexical_group	joseph	NOUN	358	143	215		single_independent	"[{""form"":""ioseph"",""occurrences"":215,""exclusive"":false},{""form"":""joseph"",""occurrences"":143,""exclusive"":true}]"
proper_name	lexical_group	iacobus	NOUN	143	143	0		derived_only	"[{""form"":""iacobus"",""occurrences"":143,""exclusive"":true}]"
proper_name	lexical_group	demetrius	NOUN	142	142	0		corroborated_independent	"[{""form"":""demetrius"",""occurrences"":142,""exclusive"":true}]"
proper_name	lexical_group	stephanus	NOUN	138	138	0		single_independent	"[{""form"":""stephanus"",""occurrences"":138,""exclusive"":true}]"
proper_name	lexical_group	apollonius	NOUN	137	137	0		corroborated_independent	"[{""form"":""apollonius"",""occurrences"":137,""exclusive"":true}]"
proper_name	lexical_group	apulia	NOUN	134	134	0		corroborated_independent	"[{""form"":""apulia"",""occurrences"":134,""exclusive"":true}]"
proper_name	lexical_group	tyrius	ADJ	204	133	71		corroborated_independent	"[{""form"":""tyrii"",""occurrences"":70,""exclusive"":false},{""form"":""tyrio"",""occurrences"":60,""exclusive"":true},{""form"":""tyrios"",""occurrences"":42,""exclusive"":true},{""form"":""tyrius"",""occurrences"":31,""exclusive"":true},{""form"":""tyriī"",""occurrences"":1,""exclusive"":false}]"
proper_name	lexical_group	cain	NOUN	127	127	0		single_independent	"[{""form"":""cain"",""occurrences"":127,""exclusive"":true}]"
proper_name	lexical_group	nabuchodonosor	NOUN	126	126	0		derived_only	"[{""form"":""nabuchodonosor"",""occurrences"":126,""exclusive"":true}]"
proper_name	lexical_group	philotas	NOUN	124	124	0		single_independent	"[{""form"":""philotas"",""occurrences"":124,""exclusive"":true}]"
proper_name	lexical_group	galaad	NOUN	123	123	0		derived_only	"[{""form"":""galaad"",""occurrences"":123,""exclusive"":true}]"
proper_name	lexical_group	ammon	NOUN	147	121	26		corroborated_independent	"[{""form"":""ammon"",""occurrences"":121,""exclusive"":true},{""form"":""hammon"",""occurrences"":26,""exclusive"":false}]"
proper_name	lexical_group	gracchi	NOUN	121	121	0		single_independent	"[{""form"":""gracchi"",""occurrences"":121,""exclusive"":true}]"
proper_name	lexical_group	cornelia	NOUN	120	120	0		corroborated_independent	"[{""form"":""cornelia"",""occurrences"":120,""exclusive"":true}]"
proper_name	lexical_group	aetna	NOUN	114	114	0		corroborated_independent	"[{""form"":""aetna"",""occurrences"":110,""exclusive"":true},{""form"":""ætna"",""occurrences"":4,""exclusive"":true}]"
proper_name	lexical_group	numidae	NOUN	106	106	0		single_independent	"[{""form"":""numidae"",""occurrences"":106,""exclusive"":true}]"
proper_name	lexical_group	cyrus	NOUN	104	103	1		corroborated_independent	"[{""form"":""cyrus"",""occurrences"":103,""exclusive"":true},{""form"":""cyrea"",""occurrences"":1,""exclusive"":false}]"
proper_name	lexical_group	assur	NOUN	103	103	0		single_independent	"[{""form"":""assur"",""occurrences"":103,""exclusive"":true}]"
proper_name	lexical_group	trebatius	NOUN	102	102	0		corroborated_independent	"[{""form"":""trebatius"",""occurrences"":102,""exclusive"":true}]"
proper_name	lexical_group	psyche	NOUN	99	99	0		single_independent	"[{""form"":""psyche"",""occurrences"":99,""exclusive"":true}]"
proper_name	lexical_group	benjamin	NOUN	98	98	0		corroborated_independent	"[{""form"":""benjamin"",""occurrences"":98,""exclusive"":true}]"
proper_name	lexical_group	maximinus	NOUN	97	97	0		derived_only	"[{""form"":""maximinus"",""occurrences"":97,""exclusive"":true}]"
proper_name	lexical_group	ezechias	NOUN	96	96	0		single_independent	"[{""form"":""ezechias"",""occurrences"":96,""exclusive"":true}]"
proper_name	lexical_group	langobardi	NOUN	93	93	0		corroborated_independent	"[{""form"":""langobardi"",""occurrences"":93,""exclusive"":true}]"
proper_name	lexical_group	democritus	NOUN	90	90	0		corroborated_independent	"[{""form"":""democritus"",""occurrences"":90,""exclusive"":true}]"
proper_name	lexical_group	ruben	NOUN	89	89	0		derived_only	"[{""form"":""ruben"",""occurrences"":89,""exclusive"":true}]"
proper_name	lexical_group	scythae	NOUN	87	87	0		single_independent	"[{""form"":""scythae"",""occurrences"":83,""exclusive"":true},{""form"":""scythæ"",""occurrences"":4,""exclusive"":true}]"
proper_name	lexical_group	sem	NOUN	87	87	0		derived_only	"[{""form"":""sem"",""occurrences"":87,""exclusive"":true}]"
proper_name	lexical_group	sirmio	NOUN	87	87	0		corroborated_independent	"[{""form"":""sirmio"",""occurrences"":87,""exclusive"":true}]"
proper_name	lexical_group	turnus	NOUN	87	87	0		corroborated_independent	"[{""form"":""turnus"",""occurrences"":87,""exclusive"":true}]"
proper_name	lexical_group	argi	NOUN	243	86	157		corroborated_independent	"[{""form"":""argos"",""occurrences"":136,""exclusive"":false},{""form"":""argis"",""occurrences"":85,""exclusive"":true},{""form"":""argi"",""occurrences"":21,""exclusive"":false},{""form"":""argīs"",""occurrences"":1,""exclusive"":true}]"
proper_name	lexical_group	abel	NOUN	91	85	6		corroborated_independent	"[{""form"":""abel"",""occurrences"":85,""exclusive"":true},{""form"":""abelus"",""occurrences"":6,""exclusive"":false}]"
proper_name	lexical_group	lucilius	NOUN	83	83	0		corroborated_independent	"[{""form"":""lucilius"",""occurrences"":83,""exclusive"":true}]"
proper_name	lexical_group	pyrrhus	NOUN	81	80	1		corroborated_independent	"[{""form"":""pyrrhus"",""occurrences"":80,""exclusive"":true},{""form"":""pyrrhidae"",""occurrences"":1,""exclusive"":false}]"
proper_name	lexical_group	trimalchio	NOUN	77	77	0		derived_only	"[{""form"":""trimalchio"",""occurrences"":77,""exclusive"":true}]"
proper_name	lexical_group	argivi	NOUN	113	75	38		corroborated_independent	"[{""form"":""argivi"",""occurrences"":38,""exclusive"":false},{""form"":""argivos"",""occurrences"":26,""exclusive"":true},{""form"":""argivorum"",""occurrences"":25,""exclusive"":true},{""form"":""argivis"",""occurrences"":24,""exclusive"":true}]"
proper_name	lexical_group	servilio	NOUN	75	75	0		derived_only	"[{""form"":""servilio"",""occurrences"":75,""exclusive"":true}]"
proper_name	lexical_group	tullus	NOUN	75	75	0		corroborated_independent	"[{""form"":""tullus"",""occurrences"":75,""exclusive"":true}]"
proper_name	lexical_group	alcides	NOUN	74	74	0		corroborated_independent	"[{""form"":""alciden"",""occurrences"":57,""exclusive"":true},{""form"":""alcide"",""occurrences"":17,""exclusive"":true}]"
proper_name	lexical_group	ticinum	NOUN	74	74	0		corroborated_independent	"[{""form"":""ticinum"",""occurrences"":74,""exclusive"":true}]"
proper_name	lexical_group	annibal	NOUN	73	73	0		corroborated_independent	"[{""form"":""annibal"",""occurrences"":73,""exclusive"":true}]"
proper_name	lexical_group	loth	NOUN	73	73	0		derived_only	"[{""form"":""loth"",""occurrences"":73,""exclusive"":true}]"
proper_name	lexical_group	antigonus	NOUN	72	72	0		corroborated_independent	"[{""form"":""antigonus"",""occurrences"":72,""exclusive"":true}]"
proper_name	lexical_group	chilpericus	NOUN	70	70	0		single_independent	"[{""form"":""chilpericus"",""occurrences"":70,""exclusive"":true}]"
proper_name	lexical_group	japhet	NOUN	70	70	0		derived_only	"[{""form"":""japhet"",""occurrences"":70,""exclusive"":true}]"
proper_name	lexical_group	theodorus	NOUN	70	70	0		corroborated_independent	"[{""form"":""theodorus"",""occurrences"":70,""exclusive"":true}]"
proper_name	lexical_group	theophrastus	NOUN	70	70	0		corroborated_independent	"[{""form"":""theophrastus"",""occurrences"":70,""exclusive"":true}]"
proper_name	lexical_group	hister	NOUN	125	69	56		corroborated_independent	"[{""form"":""histri"",""occurrences"":52,""exclusive"":false},{""form"":""histrum"",""occurrences"":45,""exclusive"":true},{""form"":""histro"",""occurrences"":24,""exclusive"":true},{""form"":""tri"",""occurrences"":4,""exclusive"":false}]"
proper_name	lexical_group	mediolanenses	NOUN	68	68	0		derived_only	"[{""form"":""mediolanenses"",""occurrences"":68,""exclusive"":true}]"
proper_name	lexical_group	tobias	NOUN	68	68	0		derived_only	"[{""form"":""tobias"",""occurrences"":68,""exclusive"":true}]"
proper_name	lexical_group	cethegus	NOUN	67	67	0		corroborated_independent	"[{""form"":""cethegus"",""occurrences"":45,""exclusive"":true},{""form"":""cethegi"",""occurrences"":22,""exclusive"":true}]"
proper_name	lexical_group	aelia	NOUN	66	66	0		derived_only	"[{""form"":""aelia"",""occurrences"":66,""exclusive"":true}]"
proper_name	lexical_group	enoch	NOUN	66	66	0		corroborated_independent	"[{""form"":""enoch"",""occurrences"":66,""exclusive"":true}]"
proper_name	lexical_group	ofilius	NOUN	66	66	0		corroborated_independent	"[{""form"":""ofilius"",""occurrences"":66,""exclusive"":true}]"
proper_name	lexical_group	pamphilus	NOUN	66	66	0		corroborated_independent	"[{""form"":""pamphilus"",""occurrences"":66,""exclusive"":true}]"
proper_name	lexical_group	rachel	NOUN	65	65	0		derived_only	"[{""form"":""rachel"",""occurrences"":65,""exclusive"":true}]"
proper_name	lexical_group	abimelech	NOUN	64	64	0		single_independent	"[{""form"":""abimelech"",""occurrences"":64,""exclusive"":true}]"
proper_name	lexical_group	cham	NOUN	64	64	0		corroborated_independent	"[{""form"":""cham"",""occurrences"":64,""exclusive"":true}]"
proper_name	lexical_group	scythia	NOUN	64	64	0		single_independent	"[{""form"":""scythia"",""occurrences"":64,""exclusive"":true}]"
proper_name	lexical_group	achaei	NOUN	63	63	0		single_independent	"[{""form"":""achaei"",""occurrences"":62,""exclusive"":true},{""form"":""achæi"",""occurrences"":1,""exclusive"":true}]"
proper_name	lexical_group	balaam	NOUN	63	63	0		derived_only	"[{""form"":""balaam"",""occurrences"":63,""exclusive"":true}]"
proper_name	lexical_group	gabaa	NOUN	63	63	0		derived_only	"[{""form"":""gabaa"",""occurrences"":63,""exclusive"":true}]"
proper_name	lexical_group	theodoricus	NOUN	61	61	0		derived_only	"[{""form"":""theodoricus"",""occurrences"":61,""exclusive"":true}]"
proper_name	lexical_group	mediolanensis	ADJ	60	60	0		single_independent	"[{""form"":""mediolanensis"",""occurrences"":60,""exclusive"":true}]"
proper_name	lexical_group	gallio	NOUN	59	59	0		single_independent	"[{""form"":""gallio"",""occurrences"":59,""exclusive"":true}]"
proper_name	lexical_group	panormum	NOUN	59	59	0		derived_only	"[{""form"":""panormum"",""occurrences"":59,""exclusive"":true}]"
proper_name	lexical_group	iosephus	NOUN	58	58	0		single_independent	"[{""form"":""iosephus"",""occurrences"":58,""exclusive"":true}]"
proper_name	lexical_group	melchisedech	NOUN	58	58	0		derived_only	"[{""form"":""melchisedech"",""occurrences"":58,""exclusive"":true}]"
proper_name	lexical_group	seleucus	NOUN	58	58	0		corroborated_independent	"[{""form"":""seleucus"",""occurrences"":58,""exclusive"":true}]"
proper_name	lexical_group	bellona	NOUN	59	57	2		corroborated_independent	"[{""form"":""bellona"",""occurrences"":57,""exclusive"":true},{""form"":""duellona"",""occurrences"":2,""exclusive"":false}]"
proper_name	lexical_group	madian	NOUN	57	57	0		derived_only	"[{""form"":""madian"",""occurrences"":57,""exclusive"":true}]"
proper_name	lexical_group	phryges	NOUN	56	56	0		single_independent	"[{""form"":""phryges"",""occurrences"":56,""exclusive"":true}]"
proper_name	lexical_group	samson	NOUN	56	56	0		derived_only	"[{""form"":""samson"",""occurrences"":56,""exclusive"":true}]"
proper_name	lexical_group	achivi	NOUN	89	55	34		corroborated_independent	"[{""form"":""achivi"",""occurrences"":34,""exclusive"":false},{""form"":""achivis"",""occurrences"":27,""exclusive"":true},{""form"":""achivos"",""occurrences"":18,""exclusive"":true},{""form"":""achivorum"",""occurrences"":10,""exclusive"":true}]"
proper_name	lexical_group	simeon	NOUN	55	55	0		derived_only	"[{""form"":""simeon"",""occurrences"":55,""exclusive"":true}]"
proper_name	lexical_group	sosia	NOUN	55	55	0		corroborated_independent	"[{""form"":""sosia"",""occurrences"":55,""exclusive"":true}]"
proper_name	lexical_group	achab	NOUN	54	54	0		single_independent	"[{""form"":""achab"",""occurrences"":54,""exclusive"":true}]"
proper_name	lexical_group	job	NOUN	54	54	0		derived_only	"[{""form"":""job"",""occurrences"":54,""exclusive"":true}]"
proper_name	lexical_group	lugdunensis	ADJ	53	53	0		single_independent	"[{""form"":""lugdunensis"",""occurrences"":53,""exclusive"":true}]"
proper_name	lexical_group	lilybaeum	NOUN	52	52	0		single_independent	"[{""form"":""lilybaeum"",""occurrences"":50,""exclusive"":true},{""form"":""lilybæum"",""occurrences"":2,""exclusive"":true}]"
proper_name	lexical_group	lycia	NOUN	52	52	0		single_independent	"[{""form"":""lycia"",""occurrences"":52,""exclusive"":true}]"
proper_name	lexical_group	saxones	NOUN	52	52	0		single_independent	"[{""form"":""saxonibus"",""occurrences"":52,""exclusive"":true}]"
proper_name	lexical_group	michael	NOUN	51	51	0		single_independent	"[{""form"":""michael"",""occurrences"":51,""exclusive"":true}]"
proper_name	lexical_group	thyestes	NOUN	51	51	0		single_independent	"[{""form"":""thyestes"",""occurrences"":51,""exclusive"":true}]"
proper_name	lexical_group	basilius	NOUN	50	50	0		single_independent	"[{""form"":""basilius"",""occurrences"":50,""exclusive"":true}]"
proper_name	lexical_group	dyrrachium	NOUN	50	50	0		corroborated_independent	"[{""form"":""dyrrachium"",""occurrences"":50,""exclusive"":true}]"
proper_name	lexical_group	thrasea	NOUN	50	50	0		single_independent	"[{""form"":""thrasea"",""occurrences"":50,""exclusive"":true}]"
proper_name	lexical_group	verginius	NOUN	50	50	0		derived_only	"[{""form"":""verginius"",""occurrences"":50,""exclusive"":true}]"
proper_name	lexical_group	zabulon	NOUN	50	50	0		single_independent	"[{""form"":""zabulon"",""occurrences"":50,""exclusive"":true}]"
proper_name	lexical_group	apronius	NOUN	49	49	0		corroborated_independent	"[{""form"":""apronius"",""occurrences"":49,""exclusive"":true}]"
proper_name	lexical_group	eleazar	NOUN	49	49	0		single_independent	"[{""form"":""eleazar"",""occurrences"":49,""exclusive"":true}]"
proper_name	lexical_group	jonathas	NOUN	49	49	0		derived_only	"[{""form"":""jonathas"",""occurrences"":49,""exclusive"":true}]"
proper_name	lexical_group	laban	NOUN	49	49	0		derived_only	"[{""form"":""laban"",""occurrences"":49,""exclusive"":true}]"
proper_name	lexical_group	zorobabel	NOUN	48	48	0		derived_only	"[{""form"":""zorobabel"",""occurrences"":48,""exclusive"":true}]"
proper_name	lexical_group	dalmatae	NOUN	50	47	3		corroborated_independent	"[{""form"":""dalmatae"",""occurrences"":47,""exclusive"":true},{""form"":""delmatae"",""occurrences"":3,""exclusive"":false}]"
proper_name	lexical_group	aman	NOUN	47	47	0		derived_only	"[{""form"":""aman"",""occurrences"":47,""exclusive"":true}]"
proper_name	lexical_group	gedeon	NOUN	47	47	0		derived_only	"[{""form"":""gedeon"",""occurrences"":47,""exclusive"":true}]"
proper_name	lexical_group	libys	NOUN	47	47	0		single_independent	"[{""form"":""libys"",""occurrences"":47,""exclusive"":true}]"
proper_name	lexical_group	macarius	NOUN	47	47	0		derived_only	"[{""form"":""macarius"",""occurrences"":47,""exclusive"":true}]"
proper_name	lexical_group	pyrrus	VERB	47	47	0		single_independent	"[{""form"":""pyrrus"",""occurrences"":47,""exclusive"":true}]"
proper_name	lexical_group	roboam	NOUN	47	47	0		derived_only	"[{""form"":""roboam"",""occurrences"":47,""exclusive"":true}]"
proper_name	lexical_group	burgundia	NOUN	45	45	0		single_independent	"[{""form"":""burgundia"",""occurrences"":45,""exclusive"":true}]"
proper_name	lexical_group	caiphas	NOUN	45	45	0		single_independent	"[{""form"":""caiphas"",""occurrences"":45,""exclusive"":true}]"
proper_name	lexical_group	nathan	NOUN	45	45	0		derived_only	"[{""form"":""nathan"",""occurrences"":45,""exclusive"":true}]"
proper_name	lexical_group	sebastianus	NOUN	45	45	0		derived_only	"[{""form"":""sebastianus"",""occurrences"":45,""exclusive"":true}]"
proper_name	lexical_group	eumolpus	NOUN	45	44	1		corroborated_independent	"[{""form"":""eumolpus"",""occurrences"":44,""exclusive"":true},{""form"":""eumolpidae"",""occurrences"":1,""exclusive"":false}]"
proper_name	lexical_group	aureliani	NOUN	44	44	0		derived_only	"[{""form"":""aureliani"",""occurrences"":44,""exclusive"":true}]"
proper_name	lexical_group	tydeus	NOUN	73	43	30		single_independent	"[{""form"":""tydeus"",""occurrences"":43,""exclusive"":true},{""form"":""tydides"",""occurrences"":30,""exclusive"":false}]"
proper_name	lexical_group	matthaeus	NOUN	52	43	9		single_independent	"[{""form"":""matthaeus"",""occurrences"":43,""exclusive"":true},{""form"":""mattheus"",""occurrences"":9,""exclusive"":false}]"
proper_name	lexical_group	bersabee	NOUN	43	43	0		derived_only	"[{""form"":""bersabee"",""occurrences"":43,""exclusive"":true}]"
proper_name	lexical_group	geth	NOUN	43	43	0		derived_only	"[{""form"":""geth"",""occurrences"":43,""exclusive"":true}]"
proper_name	lexical_group	caepio	NOUN	42	42	0		single_independent	"[{""form"":""caepio"",""occurrences"":42,""exclusive"":true}]"
proper_name	lexical_group	eratosthenes	NOUN	42	42	0		corroborated_independent	"[{""form"":""eratosthenes"",""occurrences"":42,""exclusive"":true}]"
proper_name	lexical_group	heraclitus	NOUN	42	42	0		corroborated_independent	"[{""form"":""heraclitus"",""occurrences"":42,""exclusive"":true}]"
proper_name	lexical_group	ostia	NOUN	42	42	0		corroborated_independent	"[{""form"":""ostiam"",""occurrences"":31,""exclusive"":true},{""form"":""ostiae"",""occurrences"":11,""exclusive"":true}]"
proper_name	lexical_group	amyntas	NOUN	41	41	0		corroborated_independent	"[{""form"":""amyntas"",""occurrences"":41,""exclusive"":true}]"
proper_name	lexical_group	azarias	NOUN	41	41	0		single_independent	"[{""form"":""azarias"",""occurrences"":41,""exclusive"":true}]"
proper_name	lexical_group	epaminondas	NOUN	41	41	0		corroborated_independent	"[{""form"":""epaminondas"",""occurrences"":41,""exclusive"":true}]"
proper_name	lexical_group	lysimachus	NOUN	41	41	0		corroborated_independent	"[{""form"":""lysimachus"",""occurrences"":41,""exclusive"":true}]"
proper_name	lexical_group	oppianicus	NOUN	41	41	0		derived_only	"[{""form"":""oppianicus"",""occurrences"":41,""exclusive"":true}]"
proper_name	lexical_group	syphax	NOUN	41	41	0		single_independent	"[{""form"":""syphax"",""occurrences"":41,""exclusive"":true}]"
proper_name	lexical_group	heraclea	NOUN	66	40	26		corroborated_independent	"[{""form"":""heraclea"",""occurrences"":40,""exclusive"":true},{""form"":""ium"",""occurrences"":16,""exclusive"":false},{""form"":""heraclia"",""occurrences"":6,""exclusive"":false},{""form"":""heracleenses"",""occurrences"":3,""exclusive"":false},{""form"":""heraclienses"",""occurrences"":1,""exclusive"":false}]"
proper_name	lexical_group	aurelia	NOUN	40	40	0		corroborated_independent	"[{""form"":""aurelia"",""occurrences"":40,""exclusive"":true}]"
proper_name	lexical_group	caath	NOUN	40	40	0		derived_only	"[{""form"":""caath"",""occurrences"":40,""exclusive"":true}]"
proper_name	lexical_group	posidonius	NOUN	40	40	0		corroborated_independent	"[{""form"":""posidonius"",""occurrences"":40,""exclusive"":true}]"
proper_name	lexical_group	rebecca	NOUN	40	40	0		derived_only	"[{""form"":""rebecca"",""occurrences"":40,""exclusive"":true}]"
proper_name	lexical_group	scythis	NOUN	40	40	0		single_independent	"[{""form"":""scythis"",""occurrences"":40,""exclusive"":true}]"
proper_name	lexical_group	achaz	NOUN	39	39	0		derived_only	"[{""form"":""achaz"",""occurrences"":39,""exclusive"":true}]"
proper_name	lexical_group	athanasius	NOUN	39	39	0		corroborated_independent	"[{""form"":""athanasius"",""occurrences"":39,""exclusive"":true}]"
proper_name	lexical_group	caleb	NOUN	39	39	0		derived_only	"[{""form"":""caleb"",""occurrences"":39,""exclusive"":true}]"
proper_name	lexical_group	heraclius	ADJ	39	39	0		single_independent	"[{""form"":""heraclius"",""occurrences"":39,""exclusive"":true}]"
proper_name	lexical_group	lysias	NOUN	39	39	0		single_independent	"[{""form"":""lysias"",""occurrences"":39,""exclusive"":true}]"
proper_name	lexical_group	aetius	NOUN	38	38	0		single_independent	"[{""form"":""aetius"",""occurrences"":38,""exclusive"":true}]"
proper_name	lexical_group	anaxagoras	NOUN	38	38	0		corroborated_independent	"[{""form"":""anaxagoras"",""occurrences"":38,""exclusive"":true}]"
proper_name	lexical_group	iericho	NOUN	38	38	0		derived_only	"[{""form"":""iericho"",""occurrences"":38,""exclusive"":true}]"
proper_name	lexical_group	sirmium	NOUN	38	38	0		single_independent	"[{""form"":""sirmium"",""occurrences"":38,""exclusive"":true}]"
proper_name	lexical_group	thessali	NOUN	38	38	0		single_independent	"[{""form"":""thessali"",""occurrences"":38,""exclusive"":true}]"
proper_name	lexical_group	zacharias	NOUN	38	38	0		single_independent	"[{""form"":""zacharias"",""occurrences"":38,""exclusive"":true}]"
proper_name	lexical_group	danai	NOUN	103	37	66		corroborated_independent	"[{""form"":""danai"",""occurrences"":66,""exclusive"":false},{""form"":""danaos"",""occurrences"":33,""exclusive"":true},{""form"":""danaorum"",""occurrences"":4,""exclusive"":true}]"
proper_name	lexical_group	belisarius	NOUN	37	37	0		single_independent	"[{""form"":""belisarius"",""occurrences"":37,""exclusive"":true}]"
proper_name	lexical_group	eliseus	NOUN	37	37	0		single_independent	"[{""form"":""eliseus"",""occurrences"":37,""exclusive"":true}]"
proper_name	lexical_group	ninus	NOUN	37	37	0		single_independent	"[{""form"":""ninus"",""occurrences"":37,""exclusive"":true}]"
proper_name	lexical_group	porsena	NOUN	37	37	0		single_independent	"[{""form"":""porsenna"",""occurrences"":31,""exclusive"":true},{""form"":""porsena"",""occurrences"":6,""exclusive"":true}]"
proper_name	lexical_group	thessalis	NOUN	37	37	0		single_independent	"[{""form"":""thessalis"",""occurrences"":37,""exclusive"":true}]"
proper_name	lexical_group	aeolus	NOUN	36	36	0		corroborated_independent	"[{""form"":""aeolus"",""occurrences"":35,""exclusive"":true},{""form"":""æolus"",""occurrences"":1,""exclusive"":true}]"
proper_name	lexical_group	aesculapius	NOUN	36	36	0		single_independent	"[{""form"":""aesculapius"",""occurrences"":36,""exclusive"":true}]"
proper_name	lexical_group	heliogabalus	NOUN	36	36	0		single_independent	"[{""form"":""heliogabalus"",""occurrences"":36,""exclusive"":true}]"
proper_name	lexical_group	herodotus	NOUN	36	36	0		corroborated_independent	"[{""form"":""herodotus"",""occurrences"":36,""exclusive"":true}]"
proper_name	lexical_group	ismahel	NOUN	36	36	0		derived_only	"[{""form"":""ismahel"",""occurrences"":36,""exclusive"":true}]"
proper_name	lexical_group	nephthali	NOUN	36	36	0		derived_only	"[{""form"":""nephthali"",""occurrences"":36,""exclusive"":true}]"
proper_name	lexical_group	thais	NOUN	36	36	0		corroborated_independent	"[{""form"":""thais"",""occurrences"":36,""exclusive"":true}]"
proper_name	lexical_group	timotheus	NOUN	36	36	0		corroborated_independent	"[{""form"":""timotheus"",""occurrences"":36,""exclusive"":true}]"
proper_name	lexical_group	catullus	NOUN	35	35	0		corroborated_independent	"[{""form"":""catullus"",""occurrences"":35,""exclusive"":true}]"
proper_name	lexical_group	gorgias	NOUN	35	35	0		corroborated_independent	"[{""form"":""gorgias"",""occurrences"":35,""exclusive"":true}]"
proper_name	lexical_group	hyginus	NOUN	35	35	0		corroborated_independent	"[{""form"":""hyginus"",""occurrences"":35,""exclusive"":true}]"
proper_name	lexical_group	issachar	NOUN	35	35	0		derived_only	"[{""form"":""issachar"",""occurrences"":35,""exclusive"":true}]"
proper_name	lexical_group	joppe	NOUN	35	35	0		single_independent	"[{""form"":""joppe"",""occurrences"":35,""exclusive"":true}]"
proper_name	lexical_group	mummius	NOUN	35	35	0		corroborated_independent	"[{""form"":""mummius"",""occurrences"":35,""exclusive"":true}]"
proper_name	lexical_group	petronius	NOUN	35	35	0		single_independent	"[{""form"":""petronius"",""occurrences"":35,""exclusive"":true}]"
proper_name	lexical_group	sinai	NOUN	35	35	0		derived_only	"[{""form"":""sinai"",""occurrences"":35,""exclusive"":true}]"
proper_name	lexical_group	thamar	NOUN	35	35	0		derived_only	"[{""form"":""thamar"",""occurrences"":35,""exclusive"":true}]"
proper_name	lexical_group	hamilcar	NOUN	35	34	1		corroborated_independent	"[{""form"":""hamilcar"",""occurrences"":34,""exclusive"":true},{""form"":""amilcar"",""occurrences"":1,""exclusive"":false}]"
proper_name	lexical_group	aeacides	NOUN	34	34	0		single_independent	"[{""form"":""aeacides"",""occurrences"":34,""exclusive"":true}]"
proper_name	lexical_group	cithaeron	NOUN	34	34	0		single_independent	"[{""form"":""cithaeron"",""occurrences"":33,""exclusive"":true},{""form"":""cithæron"",""occurrences"":1,""exclusive"":true}]"
proper_name	lexical_group	galerius	NOUN	34	34	0		single_independent	"[{""form"":""galerius"",""occurrences"":34,""exclusive"":true}]"
proper_name	lexical_group	hylas	NOUN	34	34	0		single_independent	"[{""form"":""hylas"",""occurrences"":34,""exclusive"":true}]"
proper_name	lexical_group	jericho	NOUN	34	34	0		single_independent	"[{""form"":""jericho"",""occurrences"":34,""exclusive"":true}]"
proper_name	lexical_group	longinus	NOUN	34	34	0		corroborated_independent	"[{""form"":""longinus"",""occurrences"":34,""exclusive"":true}]"
proper_name	lexical_group	priscillianus	NOUN	34	34	0		derived_only	"[{""form"":""priscillianus"",""occurrences"":34,""exclusive"":true}]"
proper_name	lexical_group	anio	NOUN	33	33	0		corroborated_independent	"[{""form"":""anio"",""occurrences"":28,""exclusive"":true},{""form"":""anien"",""occurrences"":5,""exclusive"":true}]"
proper_name	lexical_group	galgala	NOUN	33	33	0		derived_only	"[{""form"":""galgala"",""occurrences"":33,""exclusive"":true}]"
proper_name	lexical_group	lot	NOUN	33	33	0		single_independent	"[{""form"":""lot"",""occurrences"":33,""exclusive"":true}]"
proper_name	lexical_group	tethys	NOUN	33	33	0		corroborated_independent	"[{""form"":""tethys"",""occurrences"":33,""exclusive"":true}]"
proper_name	lexical_group	tigellinus	NOUN	33	33	0		single_independent	"[{""form"":""tigellinus"",""occurrences"":33,""exclusive"":true}]"
proper_name	lexical_group	troilus	NOUN	33	33	0		corroborated_independent	"[{""form"":""troilus"",""occurrences"":33,""exclusive"":true}]"
proper_name	lexical_group	aeschines	NOUN	32	32	0		single_independent	"[{""form"":""aeschines"",""occurrences"":32,""exclusive"":true}]"
proper_name	lexical_group	hadriaticum	NOUN	32	32	0		single_independent	"[{""form"":""hadriaticum"",""occurrences"":32,""exclusive"":true}]"
proper_name	lexical_group	josaphat	NOUN	32	32	0		derived_only	"[{""form"":""josaphat"",""occurrences"":32,""exclusive"":true}]"
proper_name	lexical_group	lycus	NOUN	32	32	0		single_independent	"[{""form"":""lycus"",""occurrences"":32,""exclusive"":true}]"
proper_name	lexical_group	neoptolemus	NOUN	32	32	0		corroborated_independent	"[{""form"":""neoptolemus"",""occurrences"":32,""exclusive"":true}]"
proper_name	lexical_group	phinees	NOUN	32	32	0		derived_only	"[{""form"":""phinees"",""occurrences"":32,""exclusive"":true}]"
proper_name	lexical_group	sisenna	NOUN	32	32	0		corroborated_independent	"[{""form"":""sisenna"",""occurrences"":32,""exclusive"":true}]"
proper_name	lexical_group	belial	NOUN	34	31	3		corroborated_independent	"[{""form"":""belial"",""occurrences"":31,""exclusive"":true},{""form"":""belias"",""occurrences"":3,""exclusive"":false}]"
proper_name	lexical_group	cassandra	NOUN	31	31	0		corroborated_independent	"[{""form"":""cassandra"",""occurrences"":31,""exclusive"":true}]"
proper_name	lexical_group	chlodovechus	NOUN	31	31	0		single_independent	"[{""form"":""chlodovechus"",""occurrences"":31,""exclusive"":true}]"
proper_name	lexical_group	granius	NOUN	31	31	0		corroborated_independent	"[{""form"":""granius"",""occurrences"":31,""exclusive"":true}]"
proper_name	lexical_group	lazarus	NOUN	31	31	0		derived_only	"[{""form"":""lazarus"",""occurrences"":31,""exclusive"":true}]"
proper_name	lexical_group	macrinus	NOUN	31	31	0		single_independent	"[{""form"":""macrinus"",""occurrences"":31,""exclusive"":true}]"
proper_name	lexical_group	martha	NOUN	31	31	0		derived_only	"[{""form"":""martha"",""occurrences"":31,""exclusive"":true}]"
proper_name	lexical_group	septimius	NOUN	31	31	0		corroborated_independent	"[{""form"":""septimius"",""occurrences"":31,""exclusive"":true}]"
proper_name	lexical_group	suetonius	NOUN	31	31	0		single_independent	"[{""form"":""suetonius"",""occurrences"":31,""exclusive"":true}]"
proper_name	lexical_group	theudoricus	NOUN	31	31	0		derived_only	"[{""form"":""theudoricus"",""occurrences"":31,""exclusive"":true}]"
proper_name	lexical_group	phaon	NOUN	32	30	2		corroborated_independent	"[{""form"":""phaon"",""occurrences"":30,""exclusive"":true},{""form"":""ontis"",""occurrences"":2,""exclusive"":false}]"
proper_name	lexical_group	abiathar	NOUN	30	30	0		derived_only	"[{""form"":""abiathar"",""occurrences"":30,""exclusive"":true}]"
proper_name	lexical_group	cleomenes	NOUN	30	30	0		corroborated_independent	"[{""form"":""cleomenes"",""occurrences"":30,""exclusive"":true}]"
proper_name	lexical_group	eliezer	NOUN	30	30	0		single_independent	"[{""form"":""eliezer"",""occurrences"":30,""exclusive"":true}]"
proper_name	lexical_group	megaera	NOUN	30	30	0		corroborated_independent	"[{""form"":""megaera"",""occurrences"":30,""exclusive"":true}]"
proper_name	lexical_group	minyae	NOUN	30	30	0		single_independent	"[{""form"":""minyae"",""occurrences"":30,""exclusive"":true}]"
proper_name	lexical_group	pharnaces	NOUN	30	30	0		corroborated_independent	"[{""form"":""pharnaces"",""occurrences"":30,""exclusive"":true}]"
proper_name	lexical_group	tagus	NOUN	30	30	0		corroborated_independent	"[{""form"":""tagus"",""occurrences"":30,""exclusive"":true}]"
proper_name	lexical_group	vettius	NOUN	30	30	0		corroborated_independent	"[{""form"":""vettius"",""occurrences"":30,""exclusive"":true}]"
proper_name	lexical_group	nicaea	NOUN	37	29	8		corroborated_independent	"[{""form"":""nicaea"",""occurrences"":29,""exclusive"":true},{""form"":""nicea"",""occurrences"":6,""exclusive"":false},{""form"":""nicaeensis"",""occurrences"":2,""exclusive"":false}]"
proper_name	lexical_group	antipho	NOUN	35	29	6		corroborated_independent	"[{""form"":""antipho"",""occurrences"":29,""exclusive"":true},{""form"":""antiphon"",""occurrences"":6,""exclusive"":false}]"
proper_name	lexical_group	abigail	NOUN	29	29	0		derived_only	"[{""form"":""abigail"",""occurrences"":29,""exclusive"":true}]"
proper_name	lexical_group	aesculapium	NOUN	29	29	0		single_independent	"[{""form"":""aesculapium"",""occurrences"":29,""exclusive"":true}]"
proper_name	lexical_group	deiotarus	NOUN	29	29	0		single_independent	"[{""form"":""deiotarus"",""occurrences"":29,""exclusive"":true}]"
proper_name	lexical_group	ozias	NOUN	29	29	0		derived_only	"[{""form"":""ozias"",""occurrences"":29,""exclusive"":true}]"
proper_name	lexical_group	sidon	ADJ	29	29	0		single_independent	"[{""form"":""sidon"",""occurrences"":29,""exclusive"":true}]"
proper_name	lexical_group	turonensis	ADJ	29	29	0		derived_only	"[{""form"":""turonensis"",""occurrences"":29,""exclusive"":true}]"
proper_name	lexical_group	memphis	NOUN	38	28	10		corroborated_independent	"[{""form"":""memphis"",""occurrences"":28,""exclusive"":true},{""form"":""memphiticus"",""occurrences"":5,""exclusive"":false},{""form"":""memphitis"",""occurrences"":4,""exclusive"":false},{""form"":""memphites"",""occurrences"":1,""exclusive"":false}]"
proper_name	lexical_group	mutina	NOUN	38	28	10		corroborated_independent	"[{""form"":""mutina"",""occurrences"":28,""exclusive"":true},{""form"":""mutinensis"",""occurrences"":10,""exclusive"":false}]"
proper_name	lexical_group	achimelech	NOUN	28	28	0		derived_only	"[{""form"":""achimelech"",""occurrences"":28,""exclusive"":true}]"
proper_name	lexical_group	iosias	NOUN	28	28	0		derived_only	"[{""form"":""iosias"",""occurrences"":28,""exclusive"":true}]"
proper_name	lexical_group	isidorus	NOUN	28	28	0		corroborated_independent	"[{""form"":""isidorus"",""occurrences"":28,""exclusive"":true}]"
proper_name	lexical_group	lycurgus	NOUN	28	28	0		single_independent	"[{""form"":""lycurgus"",""occurrences"":28,""exclusive"":true}]"
proper_name	lexical_group	nigidius	NOUN	28	28	0		corroborated_independent	"[{""form"":""nigidius"",""occurrences"":28,""exclusive"":true}]"
proper_name	lexical_group	plutarchus	NOUN	28	28	0		single_independent	"[{""form"":""plutarchus"",""occurrences"":28,""exclusive"":true}]"
proper_name	lexical_group	ptolemaei	NOUN	28	28	0		single_independent	"[{""form"":""ptolemaei"",""occurrences"":27,""exclusive"":true},{""form"":""ptolemæi"",""occurrences"":1,""exclusive"":true}]"
proper_name	lexical_group	solon	NOUN	28	28	0		corroborated_independent	"[{""form"":""solon"",""occurrences"":28,""exclusive"":true}]"
proper_name	lexical_group	hispo	NOUN	27	27	0		corroborated_independent	"[{""form"":""hispo"",""occurrences"":27,""exclusive"":true}]"
proper_name	lexical_group	pharos	NOUN	27	27	0		corroborated_independent	"[{""form"":""pharos"",""occurrences"":27,""exclusive"":true}]"
proper_name	lexical_group	sicinius	NOUN	27	27	0		corroborated_independent	"[{""form"":""sicinius"",""occurrences"":27,""exclusive"":true}]"
proper_name	lexical_group	sidonis	NOUN	27	27	0		single_independent	"[{""form"":""sidonis"",""occurrences"":27,""exclusive"":true}]"
proper_name	lexical_group	tucca	NOUN	27	27	0		single_independent	"[{""form"":""tucca"",""occurrences"":27,""exclusive"":true}]"
proper_name	lexical_group	agesilaus	NOUN	26	26	0		single_independent	"[{""form"":""agesilaus"",""occurrences"":26,""exclusive"":true}]"
proper_name	lexical_group	balbinus	NOUN	26	26	0		corroborated_independent	"[{""form"":""balbinus"",""occurrences"":26,""exclusive"":true}]"
proper_name	lexical_group	booz	NOUN	26	26	0		single_independent	"[{""form"":""booz"",""occurrences"":26,""exclusive"":true}]"
proper_name	lexical_group	elcana	NOUN	26	26	0		derived_only	"[{""form"":""elcana"",""occurrences"":26,""exclusive"":true}]"
proper_name	lexical_group	ismael	NOUN	26	26	0		derived_only	"[{""form"":""ismael"",""occurrences"":26,""exclusive"":true}]"
proper_name	lexical_group	locrenses	NOUN	26	26	0		single_independent	"[{""form"":""locrenses"",""occurrences"":26,""exclusive"":true}]"
proper_name	lexical_group	lysander	NOUN	26	26	0		single_independent	"[{""form"":""lysander"",""occurrences"":26,""exclusive"":true}]"
proper_name	lexical_group	metrodorus	NOUN	26	26	0		corroborated_independent	"[{""form"":""metrodorus"",""occurrences"":26,""exclusive"":true}]"
proper_name	lexical_group	odonis	NOUN	26	26	0		derived_only	"[{""form"":""odonis"",""occurrences"":26,""exclusive"":true}]"
proper_name	lexical_group	scribonius	NOUN	26	26	0		corroborated_independent	"[{""form"":""scribonius"",""occurrences"":26,""exclusive"":true}]"
proper_name	lexical_group	seleucia	NOUN	26	26	0		single_independent	"[{""form"":""seleucia"",""occurrences"":26,""exclusive"":true}]"
proper_name	lexical_group	thabor	NOUN	26	26	0		derived_only	"[{""form"":""thabor"",""occurrences"":26,""exclusive"":true}]"
proper_name	lexical_group	timaeus	NOUN	26	26	0		corroborated_independent	"[{""form"":""timaeus"",""occurrences"":26,""exclusive"":true}]"
proper_name	lexical_group	tyndaris	NOUN	26	26	0		single_independent	"[{""form"":""tyndaris"",""occurrences"":26,""exclusive"":true}]"
proper_name	lexical_group	xenocrates	NOUN	26	26	0		corroborated_independent	"[{""form"":""xenocrates"",""occurrences"":26,""exclusive"":true}]"
proper_name	lexical_group	cremona	NOUN	71	25	46		corroborated_independent	"[{""form"":""cremona"",""occurrences"":25,""exclusive"":true},{""form"":""cremonensis"",""occurrences"":18,""exclusive"":false},{""form"":""ium"",""occurrences"":16,""exclusive"":false},{""form"":""cremonenses"",""occurrences"":12,""exclusive"":false}]"
proper_name	lexical_group	lemnos	NOUN	45	25	20		corroborated_independent	"[{""form"":""lemnos"",""occurrences"":25,""exclusive"":true},{""form"":""lemnius"",""occurrences"":12,""exclusive"":false},{""form"":""lemnias"",""occurrences"":4,""exclusive"":false},{""form"":""lemnii"",""occurrences"":4,""exclusive"":false}]"
proper_name	lexical_group	silenus	NOUN	31	25	6		corroborated_independent	"[{""form"":""silenus"",""occurrences"":25,""exclusive"":true},{""form"":""sileni"",""occurrences"":6,""exclusive"":false}]"
proper_name	lexical_group	axius	NOUN	25	25	0		corroborated_independent	"[{""form"":""axius"",""occurrences"":25,""exclusive"":true}]"
proper_name	lexical_group	cariathiarim	NOUN	25	25	0		derived_only	"[{""form"":""cariathiarim"",""occurrences"":25,""exclusive"":true}]"
proper_name	lexical_group	demipho	NOUN	25	25	0		single_independent	"[{""form"":""demipho"",""occurrences"":25,""exclusive"":true}]"
proper_name	lexical_group	milphio	NOUN	25	25	0		single_independent	"[{""form"":""milphio"",""occurrences"":25,""exclusive"":true}]"
proper_name	lexical_group	parmenio	NOUN	25	25	0		corroborated_independent	"[{""form"":""parmenio"",""occurrences"":25,""exclusive"":true}]"
proper_name	lexical_group	ruth	NOUN	25	25	0		derived_only	"[{""form"":""ruth"",""occurrences"":25,""exclusive"":true}]"
proper_name	lexical_group	brundisium	ADJ	154	24	130		single_independent	"[{""form"":""brundisium"",""occurrences"":121,""exclusive"":false},{""form"":""brundusium"",""occurrences"":24,""exclusive"":true},{""form"":""brundisini"",""occurrences"":6,""exclusive"":false},{""form"":""brundisinus"",""occurrences"":2,""exclusive"":false},{""form"":""brunda"",""occurrences"":1,""exclusive"":false}]"
proper_name	lexical_group	bactra	ADJ	88	24	64		single_independent	"[{""form"":""bactra"",""occurrences"":44,""exclusive"":false},{""form"":""bactriani"",""occurrences"":24,""exclusive"":true},{""form"":""bactri"",""occurrences"":11,""exclusive"":false},{""form"":""bactriana"",""occurrences"":5,""exclusive"":false},{""form"":""bactrum"",""occurrences"":4,""exclusive"":false}]"
proper_name	lexical_group	clio	NOUN	24	24	0		corroborated_independent	"[{""form"":""clio"",""occurrences"":24,""exclusive"":true}]"
proper_name	lexical_group	mnestheus	NOUN	24	24	0		corroborated_independent	"[{""form"":""mnestheus"",""occurrences"":24,""exclusive"":true}]"
proper_name	lexical_group	philisthaeus	NOUN	24	24	0		derived_only	"[{""form"":""philisthaeus"",""occurrences"":12,""exclusive"":true},{""form"":""philisthæus"",""occurrences"":12,""exclusive"":true}]"
proper_name	lexical_group	polybius	NOUN	24	24	0		single_independent	"[{""form"":""polybius"",""occurrences"":24,""exclusive"":true}]"
proper_name	lexical_group	polyphemus	NOUN	24	24	0		single_independent	"[{""form"":""polyphemus"",""occurrences"":24,""exclusive"":true}]"
proper_name	lexical_group	veronensis	ADJ	24	24	0		single_independent	"[{""form"":""veronensis"",""occurrences"":24,""exclusive"":true}]"
proper_name	lexical_group	otacilius	NOUN	24	23	1		corroborated_independent	"[{""form"":""otacilius"",""occurrences"":23,""exclusive"":true},{""form"":""otacilia"",""occurrences"":1,""exclusive"":false}]"
proper_name	lexical_group	amorrhaei	NOUN	23	23	0		derived_only	"[{""form"":""amorrhæi"",""occurrences"":14,""exclusive"":true},{""form"":""amorrhaei"",""occurrences"":9,""exclusive"":true}]"
proper_name	lexical_group	cainan	NOUN	23	23	0		derived_only	"[{""form"":""cainan"",""occurrences"":23,""exclusive"":true}]"
proper_name	lexical_group	canthara	NOUN	23	23	0		corroborated_independent	"[{""form"":""canthara"",""occurrences"":23,""exclusive"":true}]"
proper_name	lexical_group	hippolytus	NOUN	23	23	0		single_independent	"[{""form"":""hippolytus"",""occurrences"":23,""exclusive"":true}]"
proper_name	lexical_group	numida	NOUN	23	23	0		corroborated_independent	"[{""form"":""numida"",""occurrences"":23,""exclusive"":true}]"
proper_name	lexical_group	pamphila	NOUN	23	23	0		derived_only	"[{""form"":""pamphila"",""occurrences"":23,""exclusive"":true}]"
proper_name	lexical_group	penthesilea	NOUN	23	23	0		corroborated_independent	"[{""form"":""penthesilea"",""occurrences"":23,""exclusive"":true}]"
proper_name	lexical_group	philopoemen	NOUN	23	23	0		corroborated_independent	"[{""form"":""philopoemen"",""occurrences"":23,""exclusive"":true}]"
proper_name	lexical_group	hermagoras	NOUN	28	22	6		corroborated_independent	"[{""form"":""hermagoras"",""occurrences"":22,""exclusive"":true},{""form"":""hermagora"",""occurrences"":5,""exclusive"":false},{""form"":""hermagorei"",""occurrences"":1,""exclusive"":false}]"
proper_name	lexical_group	beelzebub	NOUN	25	22	3		corroborated_independent	"[{""form"":""beelzebub"",""occurrences"":22,""exclusive"":true},{""form"":""beelzebul"",""occurrences"":3,""exclusive"":false}]"
proper_name	lexical_group	corcyra	NOUN	24	22	2		corroborated_independent	"[{""form"":""corcyra"",""occurrences"":22,""exclusive"":true},{""form"":""corcyraei"",""occurrences"":2,""exclusive"":false}]"
proper_name	lexical_group	demophoon	NOUN	24	22	2		corroborated_independent	"[{""form"":""demophoon"",""occurrences"":22,""exclusive"":true},{""form"":""ontis"",""occurrences"":2,""exclusive"":false}]"
proper_name	lexical_group	apollodorus	NOUN	23	22	1		corroborated_independent	"[{""form"":""apollodorus"",""occurrences"":22,""exclusive"":true},{""form"":""apollodorei"",""occurrences"":1,""exclusive"":false}]"
proper_name	lexical_group	achitophel	NOUN	22	22	0		derived_only	"[{""form"":""achitophel"",""occurrences"":22,""exclusive"":true}]"
proper_name	lexical_group	amulius	NOUN	22	22	0		corroborated_independent	"[{""form"":""amulius"",""occurrences"":22,""exclusive"":true}]"
proper_name	lexical_group	baalim	NOUN	22	22	0		derived_only	"[{""form"":""baalim"",""occurrences"":22,""exclusive"":true}]"
proper_name	lexical_group	cascellius	NOUN	22	22	0		corroborated_independent	"[{""form"":""cascellius"",""occurrences"":22,""exclusive"":true}]"
proper_name	lexical_group	cassander	NOUN	22	22	0		corroborated_independent	"[{""form"":""cassander"",""occurrences"":22,""exclusive"":true}]"
proper_name	lexical_group	diocles	NOUN	22	22	0		single_independent	"[{""form"":""diocles"",""occurrences"":22,""exclusive"":true}]"
proper_name	lexical_group	helvidius	NOUN	22	22	0		corroborated_independent	"[{""form"":""helvidius"",""occurrences"":22,""exclusive"":true}]"
proper_name	lexical_group	himilco	NOUN	22	22	0		single_independent	"[{""form"":""himilco"",""occurrences"":22,""exclusive"":true}]"
proper_name	lexical_group	mycenis	NOUN	22	22	0		single_independent	"[{""form"":""mycenis"",""occurrences"":22,""exclusive"":true}]"
proper_name	lexical_group	pausanias	NOUN	22	22	0		corroborated_independent	"[{""form"":""pausanias"",""occurrences"":22,""exclusive"":true}]"
proper_name	lexical_group	philocomasium	NOUN	22	22	0		single_independent	"[{""form"":""philocomasium"",""occurrences"":22,""exclusive"":true}]"
proper_name	lexical_group	pythias	NOUN	22	22	0		corroborated_independent	"[{""form"":""pythias"",""occurrences"":22,""exclusive"":true}]"
proper_name	lexical_group	sennacherib	NOUN	22	22	0		derived_only	"[{""form"":""sennacherib"",""occurrences"":22,""exclusive"":true}]"
proper_name	lexical_group	tanaquil	NOUN	22	22	0		single_independent	"[{""form"":""tanaquil"",""occurrences"":22,""exclusive"":true}]"
proper_name	lexical_group	tharsis	NOUN	22	22	0		derived_only	"[{""form"":""tharsis"",""occurrences"":22,""exclusive"":true}]"
proper_name	lexical_group	tiphys	NOUN	22	22	0		corroborated_independent	"[{""form"":""tiphys"",""occurrences"":22,""exclusive"":true}]"
proper_name	lexical_group	lollius	NOUN	32	21	11		corroborated_independent	"[{""form"":""lollius"",""occurrences"":21,""exclusive"":true},{""form"":""lollianus"",""occurrences"":6,""exclusive"":false},{""form"":""lollia"",""occurrences"":5,""exclusive"":false}]"
proper_name	lexical_group	acca	NOUN	21	21	0		corroborated_independent	"[{""form"":""acca"",""occurrences"":21,""exclusive"":true}]"
proper_name	lexical_group	aeacidae	NOUN	21	21	0		derived_only	"[{""form"":""aeacidae"",""occurrences"":21,""exclusive"":true}]"
proper_name	lexical_group	callicles	NOUN	21	21	0		corroborated_independent	"[{""form"":""callicles"",""occurrences"":21,""exclusive"":true}]"
proper_name	lexical_group	delphica	NOUN	21	21	0		derived_only	"[{""form"":""delphica"",""occurrences"":21,""exclusive"":true}]"
proper_name	lexical_group	epicydes	NOUN	21	21	0		corroborated_independent	"[{""form"":""epicydes"",""occurrences"":21,""exclusive"":true}]"
proper_name	lexical_group	gentius	NOUN	21	21	0		corroborated_independent	"[{""form"":""gentius"",""occurrences"":21,""exclusive"":true}]"
proper_name	lexical_group	giezi	NOUN	21	21	0		derived_only	"[{""form"":""giezi"",""occurrences"":21,""exclusive"":true}]"
proper_name	lexical_group	hesebon	NOUN	21	21	0		derived_only	"[{""form"":""hesebon"",""occurrences"":21,""exclusive"":true}]"
proper_name	lexical_group	larisa	NOUN	21	21	0		single_independent	"[{""form"":""larisa"",""occurrences"":21,""exclusive"":true}]"
proper_name	lexical_group	lichas	NOUN	21	21	0		corroborated_independent	"[{""form"":""lichas"",""occurrences"":21,""exclusive"":true}]"
proper_name	lexical_group	plancius	NOUN	21	21	0		corroborated_independent	"[{""form"":""plancius"",""occurrences"":21,""exclusive"":true}]"
proper_name	lexical_group	silvius	NOUN	21	21	0		corroborated_independent	"[{""form"":""silvius"",""occurrences"":21,""exclusive"":true}]"
proper_name	lexical_group	theopompus	NOUN	21	21	0		single_independent	"[{""form"":""theopompus"",""occurrences"":21,""exclusive"":true}]"
proper_name	lexical_group	trebonius	NOUN	21	21	0		corroborated_independent	"[{""form"":""trebonius"",""occurrences"":21,""exclusive"":true}]"
proper_name	lexical_group	andromacha	NOUN	35	20	15		corroborated_independent	"[{""form"":""andromacha"",""occurrences"":20,""exclusive"":true},{""form"":""andromache"",""occurrences"":15,""exclusive"":false}]"
proper_name	lexical_group	leontini	NOUN	32	20	12		corroborated_independent	"[{""form"":""leontini"",""occurrences"":20,""exclusive"":true},{""form"":""leontinus"",""occurrences"":12,""exclusive"":false}]"
proper_name	lexical_group	mogontiacum	NOUN	23	20	3		corroborated_independent	"[{""form"":""mogontiacum"",""occurrences"":20,""exclusive"":true},{""form"":""magontiacum"",""occurrences"":3,""exclusive"":false}]"
proper_name	lexical_group	achelous	NOUN	20	20	0		corroborated_independent	"[{""form"":""achelous"",""occurrences"":20,""exclusive"":true}]"
proper_name	lexical_group	achitob	NOUN	20	20	0		derived_only	"[{""form"":""achitob"",""occurrences"":20,""exclusive"":true}]"
proper_name	lexical_group	albucius	NOUN	20	20	0		corroborated_independent	"[{""form"":""albucius"",""occurrences"":20,""exclusive"":true}]"
proper_name	lexical_group	araxes	NOUN	20	20	0		corroborated_independent	"[{""form"":""araxes"",""occurrences"":20,""exclusive"":true}]"
proper_name	lexical_group	ariobarzanes	NOUN	20	20	0		corroborated_independent	"[{""form"":""ariobarzanes"",""occurrences"":20,""exclusive"":true}]"
proper_name	lexical_group	atropos	NOUN	20	20	0		corroborated_independent	"[{""form"":""atropos"",""occurrences"":20,""exclusive"":true}]"
proper_name	lexical_group	charites	NOUN	20	20	0		corroborated_independent	"[{""form"":""charites"",""occurrences"":20,""exclusive"":true}]"
proper_name	lexical_group	clitipho	NOUN	20	20	0		single_independent	"[{""form"":""clitipho"",""occurrences"":20,""exclusive"":true}]"
proper_name	lexical_group	fulcinius	NOUN	20	20	0		corroborated_independent	"[{""form"":""fulcinius"",""occurrences"":20,""exclusive"":true}]"
proper_name	lexical_group	golgotha	NOUN	20	20	0		derived_only	"[{""form"":""golgotha"",""occurrences"":20,""exclusive"":true}]"
proper_name	lexical_group	horatii	NOUN	20	20	0		single_independent	"[{""form"":""horatii"",""occurrences"":20,""exclusive"":true}]"
proper_name	lexical_group	idithun	NOUN	20	20	0		derived_only	"[{""form"":""idithun"",""occurrences"":20,""exclusive"":true}]"
proper_name	lexical_group	naupactum	NOUN	20	20	0		derived_only	"[{""form"":""naupactum"",""occurrences"":20,""exclusive"":true}]"
proper_name	lexical_group	palaemon	NOUN	20	20	0		corroborated_independent	"[{""form"":""palaemon"",""occurrences"":20,""exclusive"":true}]"
proper_name	lexical_group	phyllis	NOUN	20	20	0		corroborated_independent	"[{""form"":""phyllis"",""occurrences"":20,""exclusive"":true}]"
proper_name	lexical_group	polydamas	NOUN	20	20	0		single_independent	"[{""form"":""polydamas"",""occurrences"":20,""exclusive"":true}]"
proper_name	lexical_group	procyon	NOUN	20	20	0		single_independent	"[{""form"":""procyon"",""occurrences"":20,""exclusive"":true}]"
proper_name	lexical_group	sami	NOUN	20	20	0		single_independent	"[{""form"":""sami"",""occurrences"":20,""exclusive"":true}]"
proper_name	lexical_group	saserna	NOUN	20	20	0		corroborated_independent	"[{""form"":""saserna"",""occurrences"":20,""exclusive"":true}]"
proper_name	lexical_group	spurinna	NOUN	20	20	0		corroborated_independent	"[{""form"":""spurinna"",""occurrences"":20,""exclusive"":true}]"
proper_name	lexical_group	sthenius	NOUN	20	20	0		corroborated_independent	"[{""form"":""sthenius"",""occurrences"":20,""exclusive"":true}]"
proper_name	lexical_group	ulysses	NOUN	20	20	0		single_independent	"[{""form"":""ulysses"",""occurrences"":20,""exclusive"":true}]"
proper_name	lexical_group	xanthus	NOUN	20	20	0		corroborated_independent	"[{""form"":""xanthus"",""occurrences"":20,""exclusive"":true}]"
proper_name	lexical_group	creusa	NOUN	20	19	1		corroborated_independent	"[{""form"":""creusa"",""occurrences"":19,""exclusive"":true},{""form"":""creusis"",""occurrences"":1,""exclusive"":false}]"
proper_name	lexical_group	arminius	NOUN	19	19	0		corroborated_independent	"[{""form"":""arminius"",""occurrences"":19,""exclusive"":true}]"
proper_name	lexical_group	cambyses	NOUN	19	19	0		corroborated_independent	"[{""form"":""cambyses"",""occurrences"":19,""exclusive"":true}]"
proper_name	lexical_group	chloe	NOUN	19	19	0		corroborated_independent	"[{""form"":""chloe"",""occurrences"":19,""exclusive"":true}]"
proper_name	lexical_group	cybele	NOUN	19	19	0		corroborated_independent	"[{""form"":""cybele"",""occurrences"":18,""exclusive"":true},{""form"":""cybela"",""occurrences"":1,""exclusive"":true}]"
proper_name	lexical_group	deucalion	NOUN	19	19	0		corroborated_independent	"[{""form"":""deucalion"",""occurrences"":19,""exclusive"":true}]"
proper_name	lexical_group	eulalius	NOUN	19	19	0		single_independent	"[{""form"":""eulalius"",""occurrences"":19,""exclusive"":true}]"
proper_name	lexical_group	matho	NOUN	19	19	0		corroborated_independent	"[{""form"":""matho"",""occurrences"":19,""exclusive"":true}]"
proper_name	lexical_group	munatius	NOUN	19	19	0		corroborated_independent	"[{""form"":""munatius"",""occurrences"":19,""exclusive"":true}]"
proper_name	lexical_group	nestorius	NOUN	19	19	0		single_independent	"[{""form"":""nestorius"",""occurrences"":19,""exclusive"":true}]"
proper_name	lexical_group	ochozias	NOUN	19	19	0		derived_only	"[{""form"":""ochozias"",""occurrences"":19,""exclusive"":true}]"
proper_name	lexical_group	philocrates	NOUN	19	19	0		single_independent	"[{""form"":""philocrates"",""occurrences"":19,""exclusive"":true}]"
proper_name	lexical_group	telephus	NOUN	19	19	0		corroborated_independent	"[{""form"":""telephus"",""occurrences"":19,""exclusive"":true}]"
proper_name	lexical_group	adonis	NOUN	18	18	0		corroborated_independent	"[{""form"":""adonis"",""occurrences"":18,""exclusive"":true}]"
proper_name	lexical_group	aeacus	NOUN	18	18	0		corroborated_independent	"[{""form"":""aeacus"",""occurrences"":18,""exclusive"":true}]"
proper_name	lexical_group	agag	NOUN	18	18	0		derived_only	"[{""form"":""agag"",""occurrences"":18,""exclusive"":true}]"
proper_name	lexical_group	aminadab	NOUN	18	18	0		derived_only	"[{""form"":""aminadab"",""occurrences"":18,""exclusive"":true}]"
proper_name	lexical_group	annaeus	NOUN	18	18	0		single_independent	"[{""form"":""annaeus"",""occurrences"":18,""exclusive"":true}]"
proper_name	lexical_group	artaxata	NOUN	18	18	0		corroborated_independent	"[{""form"":""artaxata"",""occurrences"":18,""exclusive"":true}]"
proper_name	lexical_group	capharnaum	NOUN	18	18	0		single_independent	"[{""form"":""capharnaum"",""occurrences"":18,""exclusive"":true}]"
proper_name	lexical_group	euryalus	NOUN	18	18	0		corroborated_independent	"[{""form"":""euryalus"",""occurrences"":18,""exclusive"":true}]"
proper_name	lexical_group	hebrus	NOUN	18	18	0		corroborated_independent	"[{""form"":""hebrus"",""occurrences"":18,""exclusive"":true}]"
proper_name	lexical_group	maacha	NOUN	18	18	0		derived_only	"[{""form"":""maacha"",""occurrences"":18,""exclusive"":true}]"
proper_name	lexical_group	maxentius	NOUN	18	18	0		corroborated_independent	"[{""form"":""maxentius"",""occurrences"":18,""exclusive"":true}]"
proper_name	lexical_group	maximilianus	NOUN	18	18	0		derived_only	"[{""form"":""maximilianus"",""occurrences"":18,""exclusive"":true}]"
proper_name	lexical_group	midas	NOUN	18	18	0		corroborated_independent	"[{""form"":""mida"",""occurrences"":18,""exclusive"":true}]"
proper_name	lexical_group	mycenae	NOUN	18	18	0		single_independent	"[{""form"":""mycenae"",""occurrences"":18,""exclusive"":true}]"
proper_name	lexical_group	phaedra	NOUN	18	18	0		corroborated_independent	"[{""form"":""phaedra"",""occurrences"":18,""exclusive"":true}]"
proper_name	lexical_group	philolaches	NOUN	18	18	0		derived_only	"[{""form"":""philolaches"",""occurrences"":18,""exclusive"":true}]"
proper_name	lexical_group	plotius	NOUN	18	18	0		single_independent	"[{""form"":""plotius"",""occurrences"":18,""exclusive"":true}]"
proper_name	lexical_group	samiramis	VERB	18	18	0		single_independent	"[{""form"":""samiramis"",""occurrences"":18,""exclusive"":true}]"
proper_name	lexical_group	theodotus	NOUN	18	18	0		derived_only	"[{""form"":""theodotus"",""occurrences"":18,""exclusive"":true}]"
proper_name	lexical_group	thessalonicenses	NOUN	18	18	0		single_independent	"[{""form"":""thessalonicenses"",""occurrences"":18,""exclusive"":true}]"
proper_name	lexical_group	tlepolemus	NOUN	18	18	0		corroborated_independent	"[{""form"":""tlepolemus"",""occurrences"":18,""exclusive"":true}]"
proper_name	lexical_group	laodicea	NOUN	42	17	25		corroborated_independent	"[{""form"":""laodicia"",""occurrences"":22,""exclusive"":false},{""form"":""laodicea"",""occurrences"":17,""exclusive"":true},{""form"":""laodicensis"",""occurrences"":2,""exclusive"":false},{""form"":""laodiceni"",""occurrences"":1,""exclusive"":false}]"
proper_name	lexical_group	danubius	NOUN	24	17	7		corroborated_independent	"[{""form"":""danubius"",""occurrences"":17,""exclusive"":true},{""form"":""danuvius"",""occurrences"":7,""exclusive"":false}]"
proper_name	lexical_group	anxur	NOUN	18	17	1		corroborated_independent	"[{""form"":""anxur"",""occurrences"":17,""exclusive"":true},{""form"":""anxurus"",""occurrences"":1,""exclusive"":false}]"
proper_name	lexical_group	argia	NOUN	17	17	0		corroborated_independent	"[{""form"":""argia"",""occurrences"":17,""exclusive"":true}]"
proper_name	lexical_group	arruns	NOUN	17	17	0		corroborated_independent	"[{""form"":""arruns"",""occurrences"":17,""exclusive"":true}]"
proper_name	lexical_group	astaroth	NOUN	17	17	0		single_independent	"[{""form"":""astaroth"",""occurrences"":17,""exclusive"":true}]"
proper_name	lexical_group	bagrada	NOUN	17	17	0		corroborated_independent	"[{""form"":""bagrada"",""occurrences"":17,""exclusive"":true}]"
proper_name	lexical_group	bel	NOUN	17	17	0		single_independent	"[{""form"":""bel"",""occurrences"":17,""exclusive"":true}]"
proper_name	lexical_group	diophanes	NOUN	17	17	0		corroborated_independent	"[{""form"":""diophanes"",""occurrences"":17,""exclusive"":true}]"
proper_name	lexical_group	epicharis	NOUN	17	17	0		corroborated_independent	"[{""form"":""epicharis"",""occurrences"":17,""exclusive"":true}]"
proper_name	lexical_group	hadria	NOUN	17	17	0		single_independent	"[{""form"":""hadria"",""occurrences"":17,""exclusive"":true}]"
proper_name	lexical_group	hazael	NOUN	17	17	0		derived_only	"[{""form"":""hazael"",""occurrences"":17,""exclusive"":true}]"
proper_name	lexical_group	hellen	NOUN	17	17	0		corroborated_independent	"[{""form"":""hellen"",""occurrences"":17,""exclusive"":true}]"
proper_name	lexical_group	heraclides	NOUN	17	17	0		corroborated_independent	"[{""form"":""heraclides"",""occurrences"":17,""exclusive"":true}]"
proper_name	lexical_group	hypanis	NOUN	17	17	0		single_independent	"[{""form"":""hypanis"",""occurrences"":17,""exclusive"":true}]"
proper_name	lexical_group	jephte	NOUN	17	17	0		derived_only	"[{""form"":""jephte"",""occurrences"":17,""exclusive"":true}]"
proper_name	lexical_group	lyde	NOUN	17	17	0		corroborated_independent	"[{""form"":""lyde"",""occurrences"":17,""exclusive"":true}]"
proper_name	lexical_group	mamercus	NOUN	17	17	0		corroborated_independent	"[{""form"":""mamercus"",""occurrences"":17,""exclusive"":true}]"
proper_name	lexical_group	micipsa	NOUN	17	17	0		corroborated_independent	"[{""form"":""micipsa"",""occurrences"":17,""exclusive"":true}]"
proper_name	lexical_group	nabuzardan	NOUN	17	17	0		derived_only	"[{""form"":""nabuzardan"",""occurrences"":17,""exclusive"":true}]"
proper_name	lexical_group	naxos	NOUN	17	17	0		single_independent	"[{""form"":""naxos"",""occurrences"":17,""exclusive"":true}]"
proper_name	lexical_group	olympio	NOUN	17	17	0		corroborated_independent	"[{""form"":""olympio"",""occurrences"":17,""exclusive"":true}]"
proper_name	lexical_group	raphael	NOUN	17	17	0		derived_only	"[{""form"":""raphael"",""occurrences"":17,""exclusive"":true}]"
proper_name	lexical_group	sarpedon	NOUN	17	17	0		corroborated_independent	"[{""form"":""sarpedon"",""occurrences"":17,""exclusive"":true}]"
proper_name	lexical_group	scythicus	ADJ	17	17	0		single_independent	"[{""form"":""scythicus"",""occurrences"":17,""exclusive"":true}]"
proper_name	lexical_group	thermus	NOUN	17	17	0		corroborated_independent	"[{""form"":""thermus"",""occurrences"":17,""exclusive"":true}]"
proper_name	lexical_group	thule	NOUN	17	17	0		single_independent	"[{""form"":""thyle"",""occurrences"":13,""exclusive"":true},{""form"":""thule"",""occurrences"":4,""exclusive"":true}]"
proper_name	lexical_group	tiridates	NOUN	17	17	0		corroborated_independent	"[{""form"":""tiridates"",""occurrences"":17,""exclusive"":true}]"
proper_name	lexical_group	tryphaena	NOUN	17	17	0		derived_only	"[{""form"":""tryphaena"",""occurrences"":17,""exclusive"":true}]"
proper_name	lexical_group	veturius	NOUN	17	17	0		corroborated_independent	"[{""form"":""veturius"",""occurrences"":17,""exclusive"":true}]"
proper_name	lexical_group	pachynum	NOUN	22	16	6		corroborated_independent	"[{""form"":""pachynum"",""occurrences"":16,""exclusive"":true},{""form"":""pachynus"",""occurrences"":6,""exclusive"":false}]"
proper_name	lexical_group	andromeda	NOUN	21	16	5		corroborated_independent	"[{""form"":""andromeda"",""occurrences"":16,""exclusive"":true},{""form"":""andromede"",""occurrences"":5,""exclusive"":false}]"
proper_name	lexical_group	protagoras	NOUN	17	16	1		corroborated_independent	"[{""form"":""protagoras"",""occurrences"":16,""exclusive"":true},{""form"":""protagorion"",""occurrences"":1,""exclusive"":false}]"
proper_name	lexical_group	artemidorus	NOUN	16	16	0		corroborated_independent	"[{""form"":""artemidorus"",""occurrences"":16,""exclusive"":true}]"
proper_name	lexical_group	atlas	NOUN	16	16	0		corroborated_independent	"[{""form"":""atlans"",""occurrences"":16,""exclusive"":true}]"
proper_name	lexical_group	boethius	NOUN	16	16	0		corroborated_independent	"[{""form"":""boethius"",""occurrences"":16,""exclusive"":true}]"
proper_name	lexical_group	carthaginensis	ADJ	16	16	0		derived_only	"[{""form"":""carthaginensis"",""occurrences"":16,""exclusive"":true}]"
proper_name	lexical_group	chrysogonus	NOUN	16	16	0		corroborated_independent	"[{""form"":""chrysogonus"",""occurrences"":16,""exclusive"":true}]"
proper_name	lexical_group	croesus	NOUN	16	16	0		corroborated_independent	"[{""form"":""croesus"",""occurrences"":16,""exclusive"":true}]"
proper_name	lexical_group	eurylochus	NOUN	16	16	0		corroborated_independent	"[{""form"":""eurylochus"",""occurrences"":16,""exclusive"":true}]"
proper_name	lexical_group	gellia	NOUN	16	16	0		single_independent	"[{""form"":""gellia"",""occurrences"":16,""exclusive"":true}]"
proper_name	lexical_group	linus	NOUN	16	16	0		corroborated_independent	"[{""form"":""linus"",""occurrences"":16,""exclusive"":true}]"
proper_name	lexical_group	panhormum	NOUN	16	16	0		derived_only	"[{""form"":""panhormum"",""occurrences"":16,""exclusive"":true}]"
proper_name	lexical_group	pindus	NOUN	16	16	0		single_independent	"[{""form"":""pindus"",""occurrences"":16,""exclusive"":true}]"
proper_name	lexical_group	samuhel	NOUN	16	16	0		derived_only	"[{""form"":""samuhel"",""occurrences"":16,""exclusive"":true}]"
proper_name	lexical_group	sarai	NOUN	16	16	0		derived_only	"[{""form"":""sarai"",""occurrences"":16,""exclusive"":true}]"
proper_name	lexical_group	sauromatae	NOUN	16	16	0		corroborated_independent	"[{""form"":""sauromatae"",""occurrences"":16,""exclusive"":true}]"
proper_name	lexical_group	sinon	NOUN	16	16	0		single_independent	"[{""form"":""sinon"",""occurrences"":16,""exclusive"":true}]"
proper_name	lexical_group	themis	NOUN	16	16	0		corroborated_independent	"[{""form"":""themis"",""occurrences"":16,""exclusive"":true}]"
proper_name	lexical_group	theophilus	NOUN	16	16	0		corroborated_independent	"[{""form"":""theophilus"",""occurrences"":16,""exclusive"":true}]"
proper_name	lexical_group	zara	NOUN	16	16	0		derived_only	"[{""form"":""zara"",""occurrences"":16,""exclusive"":true}]"
proper_name	lexical_group	cimon	NOUN	18	15	3		corroborated_independent	"[{""form"":""cimon"",""occurrences"":15,""exclusive"":true},{""form"":""cimo"",""occurrences"":3,""exclusive"":false}]"
proper_name	lexical_group	abacuc	NOUN	15	15	0		single_independent	"[{""form"":""abacuc"",""occurrences"":15,""exclusive"":true}]"
proper_name	lexical_group	achimaas	NOUN	15	15	0		derived_only	"[{""form"":""achimaas"",""occurrences"":15,""exclusive"":true}]"
proper_name	lexical_group	aeoliae	NOUN	15	15	0		derived_only	"[{""form"":""aeoliae"",""occurrences"":15,""exclusive"":true}]"
proper_name	lexical_group	ajax	NOUN	15	15	0		corroborated_independent	"[{""form"":""ajax"",""occurrences"":15,""exclusive"":true}]"
proper_name	lexical_group	anathoth	NOUN	15	15	0		single_independent	"[{""form"":""anathoth"",""occurrences"":15,""exclusive"":true}]"
proper_name	lexical_group	caesellius	NOUN	15	15	0		single_independent	"[{""form"":""caesellius"",""occurrences"":15,""exclusive"":true}]"
proper_name	lexical_group	calydonius	ADJ	15	15	0		single_independent	"[{""form"":""calydonius"",""occurrences"":15,""exclusive"":true}]"
proper_name	lexical_group	capys	NOUN	15	15	0		corroborated_independent	"[{""form"":""capys"",""occurrences"":15,""exclusive"":true}]"
proper_name	lexical_group	cybebe	NOUN	15	15	0		corroborated_independent	"[{""form"":""cybebe"",""occurrences"":15,""exclusive"":true}]"
proper_name	lexical_group	elisama	NOUN	15	15	0		derived_only	"[{""form"":""elisama"",""occurrences"":15,""exclusive"":true}]"
proper_name	lexical_group	fufius	ADJ	15	15	0		corroborated_independent	"[{""form"":""fufius"",""occurrences"":15,""exclusive"":true}]"
proper_name	lexical_group	haemon	NOUN	15	15	0		single_independent	"[{""form"":""haemon"",""occurrences"":15,""exclusive"":true}]"
proper_name	lexical_group	hiericho	NOUN	15	15	0		derived_only	"[{""form"":""hiericho"",""occurrences"":15,""exclusive"":true}]"
proper_name	lexical_group	hippolyte	NOUN	15	15	0		single_independent	"[{""form"":""hippolyte"",""occurrences"":15,""exclusive"":true}]"
proper_name	lexical_group	hormisda	NOUN	15	15	0		derived_only	"[{""form"":""hormisda"",""occurrences"":15,""exclusive"":true}]"
proper_name	lexical_group	hypsipyle	NOUN	15	15	0		single_independent	"[{""form"":""hypsipyle"",""occurrences"":15,""exclusive"":true}]"
proper_name	lexical_group	lais	NOUN	15	15	0		single_independent	"[{""form"":""lais"",""occurrences"":15,""exclusive"":true}]"
proper_name	lexical_group	leontium	NOUN	15	15	0		corroborated_independent	"[{""form"":""leontium"",""occurrences"":15,""exclusive"":true}]"
proper_name	lexical_group	lycidas	NOUN	15	15	0		single_independent	"[{""form"":""lycidas"",""occurrences"":15,""exclusive"":true}]"
proper_name	lexical_group	miphiboseth	NOUN	15	15	0		derived_only	"[{""form"":""miphiboseth"",""occurrences"":15,""exclusive"":true}]"
proper_name	lexical_group	ochus	NOUN	15	15	0		corroborated_independent	"[{""form"":""ochus"",""occurrences"":15,""exclusive"":true}]"
proper_name	lexical_group	ophni	NOUN	15	15	0		derived_only	"[{""form"":""ophni"",""occurrences"":15,""exclusive"":true}]"
proper_name	lexical_group	rechab	NOUN	15	15	0		derived_only	"[{""form"":""rechab"",""occurrences"":15,""exclusive"":true}]"
proper_name	lexical_group	simois	NOUN	15	15	0		corroborated_independent	"[{""form"":""simois"",""occurrences"":15,""exclusive"":true}]"
proper_name	lexical_group	staienus	NOUN	15	15	0		single_independent	"[{""form"":""staienus"",""occurrences"":15,""exclusive"":true}]"
proper_name	lexical_group	taenaron	NOUN	15	15	0		derived_only	"[{""form"":""taenaron"",""occurrences"":11,""exclusive"":true},{""form"":""tænaron"",""occurrences"":4,""exclusive"":true}]"
proper_name	lexical_group	taprobane	NOUN	15	15	0		corroborated_independent	"[{""form"":""taprobane"",""occurrences"":15,""exclusive"":true}]"
proper_name	lexical_group	troes	NOUN	15	15	0		corroborated_independent	"[{""form"":""troum"",""occurrences"":15,""exclusive"":true}]"
proper_name	lexical_group	arius	NOUN	45	14	31		single_independent	"[{""form"":""arrius"",""occurrences"":31,""exclusive"":false},{""form"":""arius"",""occurrences"":14,""exclusive"":true}]"
proper_name	lexical_group	alcmena	NOUN	25	14	11		corroborated_independent	"[{""form"":""alcmena"",""occurrences"":14,""exclusive"":true},{""form"":""alcmene"",""occurrences"":11,""exclusive"":false}]"
proper_name	lexical_group	lanuvium	NOUN	25	14	11		corroborated_independent	"[{""form"":""lanuvium"",""occurrences"":14,""exclusive"":true},{""form"":""lanuvini"",""occurrences"":7,""exclusive"":false},{""form"":""lanuvinus"",""occurrences"":4,""exclusive"":false}]"
proper_name	lexical_group	rullus	NOUN	20	14	6		corroborated_independent	"[{""form"":""rullus"",""occurrences"":14,""exclusive"":true},{""form"":""ruma"",""occurrences"":6,""exclusive"":false}]"
proper_name	lexical_group	abiron	NOUN	14	14	0		derived_only	"[{""form"":""abiron"",""occurrences"":14,""exclusive"":true}]"
proper_name	lexical_group	aristoxenus	NOUN	14	14	0		corroborated_independent	"[{""form"":""aristoxenus"",""occurrences"":14,""exclusive"":true}]"
proper_name	lexical_group	augustensis	ADJ	14	14	0		single_independent	"[{""form"":""augustensis"",""occurrences"":14,""exclusive"":true}]"
proper_name	lexical_group	banaias	NOUN	14	14	0		derived_only	"[{""form"":""banaias"",""occurrences"":14,""exclusive"":true}]"
proper_name	lexical_group	bomilcar	NOUN	14	14	0		corroborated_independent	"[{""form"":""bomilcar"",""occurrences"":14,""exclusive"":true}]"
proper_name	lexical_group	chrysostomus	NOUN	14	14	0		derived_only	"[{""form"":""chrysostomus"",""occurrences"":14,""exclusive"":true}]"
proper_name	lexical_group	cluvius	NOUN	14	14	0		corroborated_independent	"[{""form"":""cluvius"",""occurrences"":14,""exclusive"":true}]"
proper_name	lexical_group	cotys	NOUN	14	14	0		corroborated_independent	"[{""form"":""cotys"",""occurrences"":14,""exclusive"":true}]"
proper_name	lexical_group	deiphobus	NOUN	14	14	0		corroborated_independent	"[{""form"":""deiphobus"",""occurrences"":14,""exclusive"":true}]"
proper_name	lexical_group	dicaearchus	NOUN	14	14	0		corroborated_independent	"[{""form"":""dicaearchus"",""occurrences"":14,""exclusive"":true}]"
proper_name	lexical_group	eliphaz	NOUN	14	14	0		derived_only	"[{""form"":""eliphaz"",""occurrences"":14,""exclusive"":true}]"
proper_name	lexical_group	epiros	NOUN	14	14	0		derived_only	"[{""form"":""epiros"",""occurrences"":14,""exclusive"":true}]"
proper_name	lexical_group	euclides	NOUN	14	14	0		corroborated_independent	"[{""form"":""euclides"",""occurrences"":14,""exclusive"":true}]"
proper_name	lexical_group	eurydice	NOUN	14	14	0		corroborated_independent	"[{""form"":""eurydice"",""occurrences"":14,""exclusive"":true}]"
proper_name	lexical_group	hiempsal	NOUN	14	14	0		corroborated_independent	"[{""form"":""hiempsal"",""occurrences"":14,""exclusive"":true}]"
proper_name	lexical_group	hippias	NOUN	14	14	0		corroborated_independent	"[{""form"":""hippias"",""occurrences"":14,""exclusive"":true}]"
proper_name	lexical_group	hydaspes	NOUN	14	14	0		single_independent	"[{""form"":""hydaspes"",""occurrences"":14,""exclusive"":true}]"
proper_name	lexical_group	jerobaal	NOUN	14	14	0		derived_only	"[{""form"":""jerobaal"",""occurrences"":14,""exclusive"":true}]"
proper_name	lexical_group	ladon	NOUN	14	14	0		corroborated_independent	"[{""form"":""ladon"",""occurrences"":14,""exclusive"":true}]"
proper_name	lexical_group	laodice	NOUN	14	14	0		corroborated_independent	"[{""form"":""laodice"",""occurrences"":14,""exclusive"":true}]"
proper_name	lexical_group	lepta	NOUN	14	14	0		corroborated_independent	"[{""form"":""lepta"",""occurrences"":14,""exclusive"":true}]"
proper_name	lexical_group	lucceius	NOUN	14	14	0		corroborated_independent	"[{""form"":""lucceius"",""occurrences"":14,""exclusive"":true}]"
proper_name	lexical_group	maenala	NOUN	14	14	0		single_independent	"[{""form"":""maenala"",""occurrences"":14,""exclusive"":true}]"
proper_name	lexical_group	morpheus	NOUN	14	14	0		corroborated_independent	"[{""form"":""morpheus"",""occurrences"":14,""exclusive"":true}]"
proper_name	lexical_group	nee	NOUN	14	14	0		derived_only	"[{""form"":""nee"",""occurrences"":14,""exclusive"":true}]"
proper_name	lexical_group	othrys	ADJ	14	14	0		single_independent	"[{""form"":""othrys"",""occurrences"":14,""exclusive"":true}]"
proper_name	lexical_group	philemon	NOUN	14	14	0		derived_only	"[{""form"":""philemon"",""occurrences"":14,""exclusive"":true}]"
proper_name	lexical_group	philotimus	NOUN	14	14	0		single_independent	"[{""form"":""philotimus"",""occurrences"":14,""exclusive"":true}]"
proper_name	lexical_group	phronesium	NOUN	14	14	0		derived_only	"[{""form"":""phronesium"",""occurrences"":14,""exclusive"":true}]"
proper_name	lexical_group	raphaim	NOUN	14	14	0		derived_only	"[{""form"":""raphaim"",""occurrences"":14,""exclusive"":true}]"
proper_name	lexical_group	titinius	NOUN	14	14	0		single_independent	"[{""form"":""titinius"",""occurrences"":14,""exclusive"":true}]"
proper_name	lexical_group	virbius	NOUN	14	14	0		corroborated_independent	"[{""form"":""virbius"",""occurrences"":14,""exclusive"":true}]"
proper_name	lexical_group	cyllene	NOUN	42	13	29		corroborated_independent	"[{""form"":""cyllenius"",""occurrences"":29,""exclusive"":false},{""form"":""cyllene"",""occurrences"":13,""exclusive"":true}]"
proper_name	lexical_group	perperna	NOUN	37	13	24		corroborated_independent	"[{""form"":""perpenna"",""occurrences"":24,""exclusive"":false},{""form"":""perperna"",""occurrences"":13,""exclusive"":true}]"
proper_name	lexical_group	lampsacum	NOUN	29	13	16		corroborated_independent	"[{""form"":""lampsacum"",""occurrences"":13,""exclusive"":true},{""form"":""lampsacenus"",""occurrences"":9,""exclusive"":false},{""form"":""lampsaceni"",""occurrences"":7,""exclusive"":false}]"
proper_name	lexical_group	massagetae	NOUN	16	13	3		corroborated_independent	"[{""form"":""massagetae"",""occurrences"":12,""exclusive"":true},{""form"":""massagetes"",""occurrences"":3,""exclusive"":false},{""form"":""massagetæ"",""occurrences"":1,""exclusive"":true}]"
proper_name	lexical_group	photinus	NOUN	16	13	3		single_independent	"[{""form"":""photinus"",""occurrences"":13,""exclusive"":true},{""form"":""photiniani"",""occurrences"":3,""exclusive"":false}]"
proper_name	lexical_group	leptis	NOUN	15	13	2		corroborated_independent	"[{""form"":""leptis"",""occurrences"":13,""exclusive"":true},{""form"":""leptitani"",""occurrences"":2,""exclusive"":false}]"
proper_name	lexical_group	lerna	NOUN	15	13	2		corroborated_independent	"[{""form"":""lerna"",""occurrences"":13,""exclusive"":true},{""form"":""lernaeus"",""occurrences"":1,""exclusive"":false},{""form"":""lerne"",""occurrences"":1,""exclusive"":false}]"
proper_name	lexical_group	laius	NOUN	14	13	1		corroborated_independent	"[{""form"":""laius"",""occurrences"":13,""exclusive"":true},{""form"":""laiades"",""occurrences"":1,""exclusive"":false}]"
proper_name	lexical_group	amyclas	NOUN	13	13	0		corroborated_independent	"[{""form"":""amyclas"",""occurrences"":13,""exclusive"":true}]"
proper_name	lexical_group	ariston	NOUN	13	13	0		single_independent	"[{""form"":""ariston"",""occurrences"":13,""exclusive"":true}]"
proper_name	lexical_group	arruntius	NOUN	13	13	0		corroborated_independent	"[{""form"":""arruntius"",""occurrences"":13,""exclusive"":true}]"
proper_name	lexical_group	bethsaida	NOUN	13	13	0		single_independent	"[{""form"":""bethsaida"",""occurrences"":13,""exclusive"":true}]"
proper_name	lexical_group	callisthenes	NOUN	13	13	0		corroborated_independent	"[{""form"":""callisthenes"",""occurrences"":13,""exclusive"":true}]"
proper_name	lexical_group	calypso	NOUN	13	13	0		corroborated_independent	"[{""form"":""calypso"",""occurrences"":13,""exclusive"":true}]"
proper_name	lexical_group	caspius	ADJ	13	13	0		single_independent	"[{""form"":""caspius"",""occurrences"":13,""exclusive"":true}]"
proper_name	lexical_group	clitus	NOUN	13	13	0		corroborated_independent	"[{""form"":""clitus"",""occurrences"":13,""exclusive"":true}]"
proper_name	lexical_group	clotho	NOUN	13	13	0		corroborated_independent	"[{""form"":""clotho"",""occurrences"":13,""exclusive"":true}]"
proper_name	lexical_group	critolaus	NOUN	13	13	0		corroborated_independent	"[{""form"":""critolaus"",""occurrences"":13,""exclusive"":true}]"
proper_name	lexical_group	dexippus	NOUN	13	13	0		corroborated_independent	"[{""form"":""dexippus"",""occurrences"":13,""exclusive"":true}]"
proper_name	lexical_group	dindyma	NOUN	13	13	0		corroborated_independent	"[{""form"":""dindyma"",""occurrences"":13,""exclusive"":true}]"
proper_name	lexical_group	elysium	NOUN	13	13	0		corroborated_independent	"[{""form"":""elysium"",""occurrences"":13,""exclusive"":true}]"
proper_name	lexical_group	enyo	NOUN	13	13	0		corroborated_independent	"[{""form"":""enyo"",""occurrences"":13,""exclusive"":true}]"
proper_name	lexical_group	eutropius	NOUN	13	13	0		corroborated_independent	"[{""form"":""eutropius"",""occurrences"":13,""exclusive"":true}]"
proper_name	lexical_group	goliath	NOUN	13	13	0		derived_only	"[{""form"":""goliath"",""occurrences"":13,""exclusive"":true}]"
proper_name	lexical_group	halys	NOUN	13	13	0		corroborated_independent	"[{""form"":""halys"",""occurrences"":13,""exclusive"":true}]"
proper_name	lexical_group	isboseth	NOUN	13	13	0		derived_only	"[{""form"":""isboseth"",""occurrences"":13,""exclusive"":true}]"
proper_name	lexical_group	jebusaei	NOUN	13	13	0		derived_only	"[{""form"":""jebusæi"",""occurrences"":10,""exclusive"":true},{""form"":""jebusaei"",""occurrences"":3,""exclusive"":true}]"
proper_name	lexical_group	laodamia	NOUN	13	13	0		corroborated_independent	"[{""form"":""laodamia"",""occurrences"":13,""exclusive"":true}]"
proper_name	lexical_group	lausus	NOUN	13	13	0		corroborated_independent	"[{""form"":""lausus"",""occurrences"":13,""exclusive"":true}]"
proper_name	lexical_group	lycoris	NOUN	13	13	0		single_independent	"[{""form"":""lycoris"",""occurrences"":13,""exclusive"":true}]"
proper_name	lexical_group	mallius	NOUN	13	13	0		corroborated_independent	"[{""form"":""mallius"",""occurrences"":13,""exclusive"":true}]"
proper_name	lexical_group	mincius	NOUN	13	13	0		corroborated_independent	"[{""form"":""mincius"",""occurrences"":13,""exclusive"":true}]"
proper_name	lexical_group	myrmidones	NOUN	13	13	0		corroborated_independent	"[{""form"":""myrmidones"",""occurrences"":13,""exclusive"":true}]"
proper_name	lexical_group	persephone	NOUN	13	13	0		single_independent	"[{""form"":""persephone"",""occurrences"":13,""exclusive"":true}]"
proper_name	lexical_group	pharan	NOUN	13	13	0		derived_only	"[{""form"":""pharan"",""occurrences"":13,""exclusive"":true}]"
proper_name	lexical_group	philaenis	NOUN	13	13	0		derived_only	"[{""form"":""philaenis"",""occurrences"":12,""exclusive"":true},{""form"":""philænis"",""occurrences"":1,""exclusive"":true}]"
proper_name	lexical_group	pseudolus	NOUN	13	13	0		corroborated_independent	"[{""form"":""pseudolus"",""occurrences"":13,""exclusive"":true}]"
proper_name	lexical_group	quartilla	NOUN	13	13	0		derived_only	"[{""form"":""quartilla"",""occurrences"":13,""exclusive"":true}]"
proper_name	lexical_group	ticinensis	ADJ	13	13	0		single_independent	"[{""form"":""ticinensis"",""occurrences"":13,""exclusive"":true}]"
proper_name	lexical_group	tiresias	NOUN	13	13	0		corroborated_independent	"[{""form"":""tiresias"",""occurrences"":13,""exclusive"":true}]"
proper_name	lexical_group	trachalio	NOUN	13	13	0		derived_only	"[{""form"":""trachalio"",""occurrences"":13,""exclusive"":true}]"
proper_name	lexical_group	trogus	NOUN	13	13	0		derived_only	"[{""form"":""trogus"",""occurrences"":13,""exclusive"":true}]"
proper_name	lexical_group	typhoeus	NOUN	13	13	0		single_independent	"[{""form"":""typhoeus"",""occurrences"":13,""exclusive"":true}]"
proper_name	lexical_group	ulpiani	NOUN	13	13	0		derived_only	"[{""form"":""ulpiani"",""occurrences"":13,""exclusive"":true}]"
proper_name	lexical_group	vandali	NOUN	13	13	0		derived_only	"[{""form"":""vandali"",""occurrences"":13,""exclusive"":true}]"
proper_name	lexical_group	sabellius	NOUN	19	12	7		single_independent	"[{""form"":""sabellius"",""occurrences"":12,""exclusive"":true},{""form"":""sabelliani"",""occurrences"":7,""exclusive"":false}]"
proper_name	lexical_group	laocoon	NOUN	14	12	2		corroborated_independent	"[{""form"":""laocoon"",""occurrences"":9,""exclusive"":true},{""form"":""laocoonta"",""occurrences"":2,""exclusive"":true},{""form"":""ontis"",""occurrences"":2,""exclusive"":false},{""form"":""laocoontis"",""occurrences"":1,""exclusive"":true}]"
proper_name	lexical_group	adherbal	NOUN	12	12	0		corroborated_independent	"[{""form"":""adherbal"",""occurrences"":12,""exclusive"":true}]"
proper_name	lexical_group	aegates	NOUN	12	12	0		corroborated_independent	"[{""form"":""aegates"",""occurrences"":12,""exclusive"":true}]"
proper_name	lexical_group	antaeus	NOUN	12	12	0		corroborated_independent	"[{""form"":""antaeus"",""occurrences"":11,""exclusive"":true},{""form"":""antæus"",""occurrences"":1,""exclusive"":true}]"
proper_name	lexical_group	arbela	NOUN	12	12	0		corroborated_independent	"[{""form"":""arbela"",""occurrences"":12,""exclusive"":true}]"
proper_name	lexical_group	arbogastes	NOUN	12	12	0		single_independent	"[{""form"":""arbogastes"",""occurrences"":12,""exclusive"":true}]"
proper_name	lexical_group	arretium	NOUN	12	12	0		single_independent	"[{""form"":""arretium"",""occurrences"":12,""exclusive"":true}]"
proper_name	lexical_group	asdrubal	NOUN	12	12	0		corroborated_independent	"[{""form"":""asdrubal"",""occurrences"":12,""exclusive"":true}]"
proper_name	lexical_group	athenagoras	NOUN	12	12	0		single_independent	"[{""form"":""athenagoras"",""occurrences"":12,""exclusive"":true}]"
proper_name	lexical_group	balthasar	NOUN	12	12	0		single_independent	"[{""form"":""balthasar"",""occurrences"":12,""exclusive"":true}]"
proper_name	lexical_group	berzellai	NOUN	12	12	0		derived_only	"[{""form"":""berzellai"",""occurrences"":12,""exclusive"":true}]"
proper_name	lexical_group	bethoron	NOUN	12	12	0		derived_only	"[{""form"":""bethoron"",""occurrences"":12,""exclusive"":true}]"
proper_name	lexical_group	blasius	NOUN	12	12	0		corroborated_independent	"[{""form"":""blasius"",""occurrences"":12,""exclusive"":true}]"
proper_name	lexical_group	cyrenenses	NOUN	12	12	0		derived_only	"[{""form"":""cyrenenses"",""occurrences"":12,""exclusive"":true}]"
proper_name	lexical_group	decimius	NOUN	12	12	0		derived_only	"[{""form"":""decimius"",""occurrences"":12,""exclusive"":true}]"
proper_name	lexical_group	ephron	NOUN	12	12	0		derived_only	"[{""form"":""ephron"",""occurrences"":12,""exclusive"":true}]"
proper_name	lexical_group	faustulus	NOUN	12	12	0		corroborated_independent	"[{""form"":""faustulus"",""occurrences"":12,""exclusive"":true}]"
proper_name	lexical_group	genucius	NOUN	12	12	0		single_independent	"[{""form"":""genucius"",""occurrences"":12,""exclusive"":true}]"
proper_name	lexical_group	gorgones	NOUN	12	12	0		single_independent	"[{""form"":""gorgones"",""occurrences"":12,""exclusive"":true}]"
proper_name	lexical_group	haterius	NOUN	12	12	0		single_independent	"[{""form"":""haterius"",""occurrences"":12,""exclusive"":true}]"
proper_name	lexical_group	hellas	NOUN	12	12	0		corroborated_independent	"[{""form"":""hellas"",""occurrences"":12,""exclusive"":true}]"
proper_name	lexical_group	helle	NOUN	12	12	0		corroborated_independent	"[{""form"":""helle"",""occurrences"":12,""exclusive"":true}]"
proper_name	lexical_group	hermippus	NOUN	12	12	0		corroborated_independent	"[{""form"":""hermippus"",""occurrences"":12,""exclusive"":true}]"
proper_name	lexical_group	joas	NOUN	12	12	0		derived_only	"[{""form"":""joas"",""occurrences"":12,""exclusive"":true}]"
proper_name	lexical_group	lyce	NOUN	12	12	0		single_independent	"[{""form"":""lyce"",""occurrences"":12,""exclusive"":true}]"
proper_name	lexical_group	masurius	NOUN	12	12	0		single_independent	"[{""form"":""masurius"",""occurrences"":12,""exclusive"":true}]"
proper_name	lexical_group	menippus	NOUN	12	12	0		single_independent	"[{""form"":""menippus"",""occurrences"":12,""exclusive"":true}]"
proper_name	lexical_group	mnesilochus	NOUN	12	12	0		derived_only	"[{""form"":""mnesilochus"",""occurrences"":12,""exclusive"":true}]"
proper_name	lexical_group	patron	NOUN	12	12	0		single_independent	"[{""form"":""patron"",""occurrences"":12,""exclusive"":true}]"
proper_name	lexical_group	philaeni	NOUN	12	12	0		corroborated_independent	"[{""form"":""philaeni"",""occurrences"":12,""exclusive"":true}]"
proper_name	lexical_group	priscilla	NOUN	12	12	0		single_independent	"[{""form"":""priscilla"",""occurrences"":12,""exclusive"":true}]"
proper_name	lexical_group	spartacus	NOUN	12	12	0		corroborated_independent	"[{""form"":""spartacus"",""occurrences"":12,""exclusive"":true}]"
proper_name	lexical_group	speusippus	NOUN	12	12	0		single_independent	"[{""form"":""speusippus"",""occurrences"":12,""exclusive"":true}]"
proper_name	lexical_group	statilius	NOUN	12	12	0		corroborated_independent	"[{""form"":""statilius"",""occurrences"":12,""exclusive"":true}]"
proper_name	lexical_group	taenarum	NOUN	12	12	0		single_independent	"[{""form"":""taenarum"",""occurrences"":12,""exclusive"":true}]"
proper_name	lexical_group	theodora	NOUN	12	12	0		derived_only	"[{""form"":""theodora"",""occurrences"":12,""exclusive"":true}]"
proper_name	lexical_group	thrasyllus	NOUN	12	12	0		corroborated_independent	"[{""form"":""thrasyllus"",""occurrences"":12,""exclusive"":true}]"
proper_name	lexical_group	ulpia	NOUN	12	12	0		derived_only	"[{""form"":""ulpia"",""occurrences"":12,""exclusive"":true}]"
proper_name	lexical_group	pelopea	NOUN	18	11	7		single_independent	"[{""form"":""pelopea"",""occurrences"":11,""exclusive"":true},{""form"":""pelopeius"",""occurrences"":3,""exclusive"":false},{""form"":""pelopeus"",""occurrences"":2,""exclusive"":false},{""form"":""pelopidae"",""occurrences"":2,""exclusive"":false}]"
proper_name	lexical_group	leucothea	NOUN	12	11	1		corroborated_independent	"[{""form"":""leucothea"",""occurrences"":11,""exclusive"":true},{""form"":""leucothee"",""occurrences"":1,""exclusive"":false}]"
proper_name	lexical_group	absalon	NOUN	11	11	0		derived_only	"[{""form"":""absalon"",""occurrences"":11,""exclusive"":true}]"
proper_name	lexical_group	achinoam	NOUN	11	11	0		derived_only	"[{""form"":""achinoam"",""occurrences"":11,""exclusive"":true}]"
proper_name	lexical_group	aegon	NOUN	11	11	0		single_independent	"[{""form"":""aegon"",""occurrences"":11,""exclusive"":true}]"
proper_name	lexical_group	agathyrsi	NOUN	11	11	0		corroborated_independent	"[{""form"":""agathyrsi"",""occurrences"":11,""exclusive"":true}]"
proper_name	lexical_group	amyclae	NOUN	11	11	0		corroborated_independent	"[{""form"":""amyclae"",""occurrences"":11,""exclusive"":true}]"
proper_name	lexical_group	aper	NOUN	11	11	0		corroborated_independent	"[{""form"":""pri"",""occurrences"":11,""exclusive"":true}]"
proper_name	lexical_group	asael	NOUN	11	11	0		derived_only	"[{""form"":""asael"",""occurrences"":11,""exclusive"":true}]"
proper_name	lexical_group	athenodorus	NOUN	11	11	0		single_independent	"[{""form"":""athenodorus"",""occurrences"":11,""exclusive"":true}]"
proper_name	lexical_group	callipho	NOUN	11	11	0		corroborated_independent	"[{""form"":""callipho"",""occurrences"":11,""exclusive"":true}]"
proper_name	lexical_group	calydon	NOUN	11	11	0		corroborated_independent	"[{""form"":""calydon"",""occurrences"":11,""exclusive"":true}]"
proper_name	lexical_group	cherusci	NOUN	11	11	0		corroborated_independent	"[{""form"":""cherusci"",""occurrences"":11,""exclusive"":true}]"
proper_name	lexical_group	cocytus	NOUN	11	11	0		corroborated_independent	"[{""form"":""cocytus"",""occurrences"":11,""exclusive"":true}]"
proper_name	lexical_group	crito	NOUN	11	11	0		corroborated_independent	"[{""form"":""crito"",""occurrences"":11,""exclusive"":true}]"
proper_name	lexical_group	ctesipho	NOUN	11	11	0		single_independent	"[{""form"":""ctesipho"",""occurrences"":11,""exclusive"":true}]"
proper_name	lexical_group	dalmatius	ADJ	11	11	0		single_independent	"[{""form"":""dalmatius"",""occurrences"":11,""exclusive"":true}]"
proper_name	lexical_group	damocritus	NOUN	11	11	0		corroborated_independent	"[{""form"":""damocritus"",""occurrences"":11,""exclusive"":true}]"
proper_name	lexical_group	damon	NOUN	11	11	0		corroborated_independent	"[{""form"":""damon"",""occurrences"":11,""exclusive"":true}]"
proper_name	lexical_group	debbora	NOUN	11	11	0		derived_only	"[{""form"":""debbora"",""occurrences"":11,""exclusive"":true}]"
proper_name	lexical_group	dymas	NOUN	11	11	0		corroborated_independent	"[{""form"":""dymas"",""occurrences"":11,""exclusive"":true}]"
proper_name	lexical_group	enceladus	NOUN	11	11	0		corroborated_independent	"[{""form"":""enceladus"",""occurrences"":11,""exclusive"":true}]"
proper_name	lexical_group	epicharmus	NOUN	11	11	0		corroborated_independent	"[{""form"":""epicharmus"",""occurrences"":10,""exclusive"":true},{""form"":""epicharmium"",""occurrences"":1,""exclusive"":true}]"
proper_name	lexical_group	epicrates	NOUN	11	11	0		corroborated_independent	"[{""form"":""epicrates"",""occurrences"":11,""exclusive"":true}]"
proper_name	lexical_group	erythraea	NOUN	11	11	0		single_independent	"[{""form"":""erythraea"",""occurrences"":11,""exclusive"":true}]"
proper_name	lexical_group	euhemerus	NOUN	11	11	0		corroborated_independent	"[{""form"":""euhemerus"",""occurrences"":11,""exclusive"":true}]"
proper_name	lexical_group	helcias	NOUN	11	11	0		derived_only	"[{""form"":""helcias"",""occurrences"":11,""exclusive"":true}]"
proper_name	lexical_group	hiber	NOUN	11	11	0		single_independent	"[{""form"":""hiber"",""occurrences"":11,""exclusive"":true}]"
proper_name	lexical_group	hyperborei	NOUN	11	11	0		single_independent	"[{""form"":""hyperborei"",""occurrences"":11,""exclusive"":true}]"
proper_name	lexical_group	hyperides	NOUN	11	11	0		single_independent	"[{""form"":""hyperides"",""occurrences"":11,""exclusive"":true}]"
proper_name	lexical_group	hyperionis	NOUN	11	11	0		single_independent	"[{""form"":""hyperionis"",""occurrences"":11,""exclusive"":true}]"
proper_name	lexical_group	iberi	NOUN	11	11	0		single_independent	"[{""form"":""iberi"",""occurrences"":11,""exclusive"":true}]"
proper_name	lexical_group	iphigenia	NOUN	11	11	0		corroborated_independent	"[{""form"":""iphigenia"",""occurrences"":11,""exclusive"":true}]"
proper_name	lexical_group	lycii	NOUN	11	11	0		single_independent	"[{""form"":""lycii"",""occurrences"":11,""exclusive"":true}]"
proper_name	lexical_group	mesraim	NOUN	11	11	0		derived_only	"[{""form"":""mesraim"",""occurrences"":11,""exclusive"":true}]"
proper_name	lexical_group	moschi	NOUN	11	11	0		single_independent	"[{""form"":""moschi"",""occurrences"":11,""exclusive"":true}]"
proper_name	lexical_group	nathanael	NOUN	11	11	0		derived_only	"[{""form"":""nathanael"",""occurrences"":11,""exclusive"":true}]"
proper_name	lexical_group	pharasmanes	NOUN	11	11	0		single_independent	"[{""form"":""pharasmanes"",""occurrences"":11,""exclusive"":true}]"
proper_name	lexical_group	philocles	NOUN	11	11	0		single_independent	"[{""form"":""philocles"",""occurrences"":11,""exclusive"":true}]"
proper_name	lexical_group	podalirius	NOUN	11	11	0		corroborated_independent	"[{""form"":""podalirius"",""occurrences"":11,""exclusive"":true}]"
proper_name	lexical_group	strongyle	NOUN	11	11	0		single_independent	"[{""form"":""strongyle"",""occurrences"":11,""exclusive"":true}]"
proper_name	lexical_group	tarcho	NOUN	11	11	0		corroborated_independent	"[{""form"":""tarchon"",""occurrences"":10,""exclusive"":true},{""form"":""tarcho"",""occurrences"":1,""exclusive"":true}]"
proper_name	lexical_group	taygeta	NOUN	11	11	0		single_independent	"[{""form"":""taygeta"",""occurrences"":11,""exclusive"":true}]"
proper_name	lexical_group	thebes	NOUN	11	11	0		single_independent	"[{""form"":""thebes"",""occurrences"":11,""exclusive"":true}]"
proper_name	lexical_group	thersites	NOUN	11	11	0		corroborated_independent	"[{""form"":""thersites"",""occurrences"":11,""exclusive"":true}]"
proper_name	lexical_group	xenophanes	NOUN	11	11	0		corroborated_independent	"[{""form"":""xenophanes"",""occurrences"":11,""exclusive"":true}]"
proper_name	lexical_group	zebee	NOUN	11	11	0		derived_only	"[{""form"":""zebee"",""occurrences"":11,""exclusive"":true}]"
proper_name	lexical_group	narbo	NOUN	45	10	35		corroborated_independent	"[{""form"":""narbonensis"",""occurrences"":35,""exclusive"":false},{""form"":""narbo"",""occurrences"":10,""exclusive"":true}]"
proper_name	lexical_group	abellinum	NOUN	28	10	18		corroborated_independent	"[{""form"":""ium"",""occurrences"":16,""exclusive"":false},{""form"":""abellinum"",""occurrences"":10,""exclusive"":true},{""form"":""abellinates"",""occurrences"":2,""exclusive"":false}]"
proper_name	lexical_group	musonius	NOUN	13	10	3		corroborated_independent	"[{""form"":""musonius"",""occurrences"":10,""exclusive"":true},{""form"":""musonianus"",""occurrences"":3,""exclusive"":false}]"
proper_name	lexical_group	numicius	NOUN	11	10	1		corroborated_independent	"[{""form"":""numicius"",""occurrences"":10,""exclusive"":true},{""form"":""numicus"",""occurrences"":1,""exclusive"":false}]"
proper_name	lexical_group	aeolia	NOUN	10	10	0		corroborated_independent	"[{""form"":""aeolia"",""occurrences"":10,""exclusive"":true}]"
proper_name	lexical_group	ammonius	NOUN	10	10	0		derived_only	"[{""form"":""ammonius"",""occurrences"":10,""exclusive"":true}]"
proper_name	lexical_group	archytas	NOUN	10	10	0		corroborated_independent	"[{""form"":""archytas"",""occurrences"":10,""exclusive"":true}]"
proper_name	lexical_group	ariarathes	NOUN	10	10	0		single_independent	"[{""form"":""ariarathes"",""occurrences"":10,""exclusive"":true}]"
proper_name	lexical_group	arphaxad	NOUN	10	10	0		derived_only	"[{""form"":""arphaxad"",""occurrences"":10,""exclusive"":true}]"
proper_name	lexical_group	artabazus	NOUN	10	10	0		single_independent	"[{""form"":""artabazus"",""occurrences"":10,""exclusive"":true}]"
proper_name	lexical_group	asclepiodotus	NOUN	10	10	0		corroborated_independent	"[{""form"":""asclepiodotus"",""occurrences"":10,""exclusive"":true}]"
proper_name	lexical_group	asprenas	NOUN	10	10	0		single_independent	"[{""form"":""asprenas"",""occurrences"":10,""exclusive"":true}]"
proper_name	lexical_group	aurunculeius	NOUN	10	10	0		corroborated_independent	"[{""form"":""aurunculeius"",""occurrences"":10,""exclusive"":true}]"
proper_name	lexical_group	bebrycia	NOUN	10	10	0		corroborated_independent	"[{""form"":""bebrycia"",""occurrences"":10,""exclusive"":true}]"
proper_name	lexical_group	benadad	NOUN	10	10	0		derived_only	"[{""form"":""benadad"",""occurrences"":10,""exclusive"":true}]"
proper_name	lexical_group	bethaven	NOUN	10	10	0		derived_only	"[{""form"":""bethaven"",""occurrences"":10,""exclusive"":true}]"
proper_name	lexical_group	burdegalensis	ADJ	10	10	0		derived_only	"[{""form"":""burdegalensis"",""occurrences"":10,""exclusive"":true}]"
proper_name	lexical_group	cariath	NOUN	10	10	0		derived_only	"[{""form"":""cariath"",""occurrences"":10,""exclusive"":true}]"
proper_name	lexical_group	chabrias	NOUN	10	10	0		corroborated_independent	"[{""form"":""chabrias"",""occurrences"":10,""exclusive"":true}]"
proper_name	lexical_group	damasippus	NOUN	10	10	0		corroborated_independent	"[{""form"":""damasippus"",""occurrences"":10,""exclusive"":true}]"
proper_name	lexical_group	endymion	NOUN	10	10	0		corroborated_independent	"[{""form"":""endymion"",""occurrences"":10,""exclusive"":true}]"
proper_name	lexical_group	enipeus	NOUN	10	10	0		corroborated_independent	"[{""form"":""enipeus"",""occurrences"":10,""exclusive"":true}]"
proper_name	lexical_group	eunomiani	NOUN	10	10	0		single_independent	"[{""form"":""eunomiani"",""occurrences"":10,""exclusive"":true}]"
proper_name	lexical_group	fritigernus	NOUN	10	10	0		derived_only	"[{""form"":""fritigernus"",""occurrences"":10,""exclusive"":true}]"
proper_name	lexical_group	ganymedes	NOUN	10	10	0		single_independent	"[{""form"":""ganymedes"",""occurrences"":10,""exclusive"":true}]"
proper_name	lexical_group	gelboe	NOUN	10	10	0		derived_only	"[{""form"":""gelboe"",""occurrences"":10,""exclusive"":true}]"
proper_name	lexical_group	gortynia	NOUN	10	10	0		derived_only	"[{""form"":""gortynia"",""occurrences"":10,""exclusive"":true}]"
proper_name	lexical_group	harpyia	NOUN	10	10	0		single_independent	"[{""form"":""harpyia"",""occurrences"":10,""exclusive"":true}]"
proper_name	lexical_group	harpyiae	NOUN	10	10	0		single_independent	"[{""form"":""harpyiae"",""occurrences"":10,""exclusive"":true}]"
proper_name	lexical_group	helius	NOUN	10	10	0		derived_only	"[{""form"":""helius"",""occurrences"":10,""exclusive"":true}]"
proper_name	lexical_group	hippon	NOUN	10	10	0		derived_only	"[{""form"":""hippon"",""occurrences"":10,""exclusive"":true}]"
proper_name	lexical_group	hirrus	NOUN	10	10	0		single_independent	"[{""form"":""hirrus"",""occurrences"":10,""exclusive"":true}]"
proper_name	lexical_group	horatia	NOUN	10	10	0		single_independent	"[{""form"":""horatia"",""occurrences"":10,""exclusive"":true}]"
proper_name	lexical_group	hypseus	NOUN	10	10	0		corroborated_independent	"[{""form"":""hypseus"",""occurrences"":10,""exclusive"":true}]"
proper_name	lexical_group	hyrcania	NOUN	10	10	0		single_independent	"[{""form"":""hyrcania"",""occurrences"":10,""exclusive"":true}]"
proper_name	lexical_group	illyris	NOUN	10	10	0		single_independent	"[{""form"":""illyris"",""occurrences"":10,""exclusive"":true}]"
proper_name	lexical_group	japheth	NOUN	10	10	0		derived_only	"[{""form"":""japheth"",""occurrences"":10,""exclusive"":true}]"
proper_name	lexical_group	leonnatus	NOUN	10	10	0		single_independent	"[{""form"":""leonnatus"",""occurrences"":10,""exclusive"":true}]"
proper_name	lexical_group	neptunius	ADJ	10	10	0		corroborated_independent	"[{""form"":""neptunius"",""occurrences"":10,""exclusive"":true}]"
proper_name	lexical_group	nicander	NOUN	10	10	0		corroborated_independent	"[{""form"":""nicander"",""occurrences"":10,""exclusive"":true}]"
proper_name	lexical_group	ophiuchus	NOUN	10	10	0		corroborated_independent	"[{""form"":""ophiuchus"",""occurrences"":10,""exclusive"":true}]"
proper_name	lexical_group	ostorius	NOUN	10	10	0		corroborated_independent	"[{""form"":""ostorius"",""occurrences"":10,""exclusive"":true}]"
proper_name	lexical_group	pelopia	NOUN	10	10	0		derived_only	"[{""form"":""pelopia"",""occurrences"":10,""exclusive"":true}]"
proper_name	lexical_group	philto	NOUN	10	10	0		derived_only	"[{""form"":""philto"",""occurrences"":10,""exclusive"":true}]"
proper_name	lexical_group	phocion	NOUN	10	10	0		single_independent	"[{""form"":""phocion"",""occurrences"":10,""exclusive"":true}]"
proper_name	lexical_group	pythium	NOUN	10	10	0		corroborated_independent	"[{""form"":""pythium"",""occurrences"":10,""exclusive"":true}]"
proper_name	lexical_group	rhadamanthus	NOUN	10	10	0		corroborated_independent	"[{""form"":""rhadamanthus"",""occurrences"":10,""exclusive"":true}]"
proper_name	lexical_group	sisyphus	NOUN	10	10	0		single_independent	"[{""form"":""sisyphus"",""occurrences"":10,""exclusive"":true}]"
proper_name	lexical_group	sychaeus	ADJ	10	10	0		single_independent	"[{""form"":""sychaeus"",""occurrences"":10,""exclusive"":true}]"
proper_name	lexical_group	theocritus	NOUN	10	10	0		single_independent	"[{""form"":""theocritus"",""occurrences"":10,""exclusive"":true}]"
proper_name	lexical_group	theron	NOUN	10	10	0		single_independent	"[{""form"":""theron"",""occurrences"":10,""exclusive"":true}]"
proper_name	lexical_group	tullum	NOUN	10	10	0		derived_only	"[{""form"":""tullum"",""occurrences"":10,""exclusive"":true}]"
proper_name	lexical_group	tusca	NOUN	10	10	0		derived_only	"[{""form"":""tusca"",""occurrences"":10,""exclusive"":true}]"
proper_name	lexical_group	veronenses	NOUN	10	10	0		single_independent	"[{""form"":""veronenses"",""occurrences"":10,""exclusive"":true}]"
proper_name	lexical_group	vinicius	NOUN	10	10	0		single_independent	"[{""form"":""vinicius"",""occurrences"":10,""exclusive"":true}]"
proper_name	lexical_group	vinius	NOUN	10	10	0		single_independent	"[{""form"":""vinius"",""occurrences"":10,""exclusive"":true}]"
proper_name	lexical_group	zoe	NOUN	10	10	0		single_independent	"[{""form"":""zoe"",""occurrences"":10,""exclusive"":true}]"
proper_name	lexical_group	narseus	NOUN	14	9	5		single_independent	"[{""form"":""narseus"",""occurrences"":9,""exclusive"":true},{""form"":""narses"",""occurrences"":5,""exclusive"":false}]"
proper_name	lexical_group	nursia	NOUN	11	9	2		corroborated_independent	"[{""form"":""nursia"",""occurrences"":9,""exclusive"":true},{""form"":""nursini"",""occurrences"":2,""exclusive"":false}]"
proper_name	lexical_group	abydum	NOUN	9	9	0		derived_only	"[{""form"":""abydum"",""occurrences"":9,""exclusive"":true}]"
proper_name	lexical_group	anacharsis	NOUN	9	9	0		corroborated_independent	"[{""form"":""anacharsis"",""occurrences"":9,""exclusive"":true}]"
proper_name	lexical_group	anacreon	NOUN	9	9	0		corroborated_independent	"[{""form"":""anacreon"",""occurrences"":9,""exclusive"":true}]"
proper_name	lexical_group	anthemius	NOUN	9	9	0		single_independent	"[{""form"":""anthemius"",""occurrences"":9,""exclusive"":true}]"
proper_name	lexical_group	autronius	NOUN	9	9	0		single_independent	"[{""form"":""autronius"",""occurrences"":9,""exclusive"":true}]"
proper_name	lexical_group	bithynis	NOUN	9	9	0		single_independent	"[{""form"":""bithynis"",""occurrences"":9,""exclusive"":true}]"
proper_name	lexical_group	byblis	NOUN	9	9	0		corroborated_independent	"[{""form"":""byblis"",""occurrences"":9,""exclusive"":true}]"
proper_name	lexical_group	cecropidae	NOUN	9	9	0		single_independent	"[{""form"":""cecropidae"",""occurrences"":9,""exclusive"":true}]"
proper_name	lexical_group	chrysalus	NOUN	9	9	0		single_independent	"[{""form"":""chrysalus"",""occurrences"":9,""exclusive"":true}]"
proper_name	lexical_group	cossinius	NOUN	9	9	0		corroborated_independent	"[{""form"":""cossinius"",""occurrences"":9,""exclusive"":true}]"
proper_name	lexical_group	dicaearchi	NOUN	9	9	0		derived_only	"[{""form"":""dicaearchi"",""occurrences"":9,""exclusive"":true}]"
proper_name	lexical_group	dictynna	NOUN	9	9	0		corroborated_independent	"[{""form"":""dictynna"",""occurrences"":8,""exclusive"":true},{""form"":""dictynnaeus"",""occurrences"":1,""exclusive"":true}]"
proper_name	lexical_group	engaddi	NOUN	9	9	0		derived_only	"[{""form"":""engaddi"",""occurrences"":9,""exclusive"":true}]"
proper_name	lexical_group	erucius	NOUN	9	9	0		corroborated_independent	"[{""form"":""erucius"",""occurrences"":9,""exclusive"":true}]"
proper_name	lexical_group	erymanthus	NOUN	9	9	0		corroborated_independent	"[{""form"":""erymanthus"",""occurrences"":9,""exclusive"":true}]"
proper_name	lexical_group	firminus	NOUN	9	9	0		single_independent	"[{""form"":""firminus"",""occurrences"":9,""exclusive"":true}]"
proper_name	lexical_group	garumna	NOUN	9	9	0		corroborated_independent	"[{""form"":""garumna"",""occurrences"":9,""exclusive"":true}]"
proper_name	lexical_group	gervasius	NOUN	9	9	0		derived_only	"[{""form"":""gervasius"",""occurrences"":9,""exclusive"":true}]"
proper_name	lexical_group	gethaei	NOUN	9	9	0		derived_only	"[{""form"":""gethaei"",""occurrences"":5,""exclusive"":true},{""form"":""gethæi"",""occurrences"":4,""exclusive"":true}]"
proper_name	lexical_group	hecataeus	NOUN	9	9	0		corroborated_independent	"[{""form"":""hecataeus"",""occurrences"":7,""exclusive"":true},{""form"":""hecatæus"",""occurrences"":2,""exclusive"":true}]"
proper_name	lexical_group	hennenses	NOUN	9	9	0		single_independent	"[{""form"":""hennenses"",""occurrences"":9,""exclusive"":true}]"
proper_name	lexical_group	hethaeus	NOUN	9	9	0		derived_only	"[{""form"":""hethaeus"",""occurrences"":5,""exclusive"":true},{""form"":""hethæus"",""occurrences"":4,""exclusive"":true}]"
proper_name	lexical_group	iazyges	NOUN	9	9	0		single_independent	"[{""form"":""iazyges"",""occurrences"":9,""exclusive"":true}]"
proper_name	lexical_group	ilergetes	NOUN	9	9	0		single_independent	"[{""form"":""ilergetes"",""occurrences"":9,""exclusive"":true}]"
proper_name	lexical_group	iphis	NOUN	9	9	0		corroborated_independent	"[{""form"":""iphis"",""occurrences"":9,""exclusive"":true}]"
proper_name	lexical_group	ismenos	NOUN	9	9	0		derived_only	"[{""form"":""ismenos"",""occurrences"":9,""exclusive"":true}]"
proper_name	lexical_group	jason	NOUN	9	9	0		derived_only	"[{""form"":""jason"",""occurrences"":9,""exclusive"":true}]"
proper_name	lexical_group	laertius	ADJ	9	9	0		derived_only	"[{""form"":""laertius"",""occurrences"":9,""exclusive"":true}]"
proper_name	lexical_group	lalage	NOUN	9	9	0		corroborated_independent	"[{""form"":""lalage"",""occurrences"":9,""exclusive"":true}]"
proper_name	lexical_group	limigantes	NOUN	9	9	0		derived_only	"[{""form"":""limigantes"",""occurrences"":9,""exclusive"":true}]"
proper_name	lexical_group	lysiteles	NOUN	9	9	0		single_independent	"[{""form"":""lysiteles"",""occurrences"":9,""exclusive"":true}]"
proper_name	lexical_group	maharbal	NOUN	9	9	0		single_independent	"[{""form"":""maharbal"",""occurrences"":9,""exclusive"":true}]"
proper_name	lexical_group	malaleel	NOUN	9	9	0		derived_only	"[{""form"":""malaleel"",""occurrences"":9,""exclusive"":true}]"
proper_name	lexical_group	mardonius	NOUN	9	9	0		single_independent	"[{""form"":""mardonius"",""occurrences"":9,""exclusive"":true}]"
proper_name	lexical_group	moloch	NOUN	9	9	0		derived_only	"[{""form"":""moloch"",""occurrences"":9,""exclusive"":true}]"
proper_name	lexical_group	nahasson	NOUN	9	9	0		derived_only	"[{""form"":""nahasson"",""occurrences"":9,""exclusive"":true}]"
proper_name	lexical_group	paegnium	NOUN	9	9	0		single_independent	"[{""form"":""paegnium"",""occurrences"":9,""exclusive"":true}]"
proper_name	lexical_group	parthenopaeus	NOUN	9	9	0		corroborated_independent	"[{""form"":""parthenopaeus"",""occurrences"":9,""exclusive"":true}]"
proper_name	lexical_group	patroclus	NOUN	9	9	0		single_independent	"[{""form"":""patroclus"",""occurrences"":9,""exclusive"":true}]"
proper_name	lexical_group	phorbas	NOUN	9	9	0		corroborated_independent	"[{""form"":""phorbas"",""occurrences"":9,""exclusive"":true}]"
proper_name	lexical_group	rupilius	NOUN	9	9	0		single_independent	"[{""form"":""rupilius"",""occurrences"":9,""exclusive"":true}]"
proper_name	lexical_group	salphaad	NOUN	9	9	0		derived_only	"[{""form"":""salphaad"",""occurrences"":9,""exclusive"":true}]"
proper_name	lexical_group	sitifensis	ADJ	9	9	0		derived_only	"[{""form"":""sitifensis"",""occurrences"":9,""exclusive"":true}]"
proper_name	lexical_group	tertullus	NOUN	9	9	0		derived_only	"[{""form"":""tertullus"",""occurrences"":9,""exclusive"":true}]"
proper_name	lexical_group	theodectes	NOUN	9	9	0		single_independent	"[{""form"":""theodectes"",""occurrences"":9,""exclusive"":true}]"
proper_name	lexical_group	tityos	NOUN	9	9	0		single_independent	"[{""form"":""tityos"",""occurrences"":9,""exclusive"":true}]"
proper_name	lexical_group	tium	NOUN	9	9	0		derived_only	"[{""form"":""tium"",""occurrences"":9,""exclusive"":true}]"
proper_name	lexical_group	tolumnius	NOUN	9	9	0		corroborated_independent	"[{""form"":""tolumnius"",""occurrences"":9,""exclusive"":true}]"
proper_name	lexical_group	troades	NOUN	9	9	0		derived_only	"[{""form"":""troades"",""occurrences"":9,""exclusive"":true}]"
proper_name	lexical_group	villius	NOUN	9	9	0		derived_only	"[{""form"":""villius"",""occurrences"":9,""exclusive"":true}]"
proper_name	lexical_group	visellius	NOUN	9	9	0		single_independent	"[{""form"":""visellius"",""occurrences"":9,""exclusive"":true}]"
proper_name	lexical_group	xanthippus	NOUN	9	9	0		corroborated_independent	"[{""form"":""xanthippus"",""occurrences"":9,""exclusive"":true}]"
proper_name	lexical_group	zeuxis	NOUN	9	9	0		corroborated_independent	"[{""form"":""zeuxis"",""occurrences"":9,""exclusive"":true}]"
proper_name	lexical_group	moesi	NOUN	51	8	43		corroborated_independent	"[{""form"":""moesia"",""occurrences"":43,""exclusive"":false},{""form"":""moesi"",""occurrences"":7,""exclusive"":true},{""form"":""mœsi"",""occurrences"":1,""exclusive"":true}]"
proper_name	lexical_group	aegaeus	ADJ	39	8	31		single_independent	"[{""form"":""aegaeum"",""occurrences"":28,""exclusive"":false},{""form"":""aegaeus"",""occurrences"":6,""exclusive"":true},{""form"":""ægæum"",""occurrences"":3,""exclusive"":false},{""form"":""ægæus"",""occurrences"":2,""exclusive"":true}]"
proper_name	lexical_group	fescenninus	ADJ	17	8	9		corroborated_independent	"[{""form"":""fescennina"",""occurrences"":7,""exclusive"":false},{""form"":""fescenninum"",""occurrences"":3,""exclusive"":true},{""form"":""fescenninos"",""occurrences"":2,""exclusive"":true},{""form"":""fescenninus"",""occurrences"":2,""exclusive"":false},{""form"":""fescenninas"",""occurrences"":1,""exclusive"":true},{""form"":""fescennino"",""occurrences"":1,""exclusive"":true},{""form"":""fescenninorum"",""occurrences"":1,""exclusive"":true}]"
proper_name	lexical_group	elius	ADJ	14	8	6		corroborated_independent	"[{""form"":""elius"",""occurrences"":8,""exclusive"":true},{""form"":""elii"",""occurrences"":6,""exclusive"":false}]"
proper_name	lexical_group	marrucini	NOUN	12	8	4		corroborated_independent	"[{""form"":""marrucini"",""occurrences"":8,""exclusive"":true},{""form"":""marrucine"",""occurrences"":4,""exclusive"":false}]"
proper_name	lexical_group	myron	NOUN	10	8	2		single_independent	"[{""form"":""myron"",""occurrences"":8,""exclusive"":true},{""form"":""myro"",""occurrences"":2,""exclusive"":false}]"
proper_name	lexical_group	acherusia	NOUN	8	8	0		corroborated_independent	"[{""form"":""acherusia"",""occurrences"":8,""exclusive"":true}]"
proper_name	lexical_group	anticyra	NOUN	8	8	0		corroborated_independent	"[{""form"":""anticyra"",""occurrences"":8,""exclusive"":true}]"
proper_name	lexical_group	antisthenes	NOUN	8	8	0		corroborated_independent	"[{""form"":""antisthenes"",""occurrences"":8,""exclusive"":true}]"
proper_name	lexical_group	aristaeus	NOUN	8	8	0		corroborated_independent	"[{""form"":""aristaeus"",""occurrences"":8,""exclusive"":true}]"
proper_name	lexical_group	asphaltites	NOUN	8	8	0		single_independent	"[{""form"":""asphaltites"",""occurrences"":8,""exclusive"":true}]"
proper_name	lexical_group	babel	NOUN	8	8	0		corroborated_independent	"[{""form"":""babel"",""occurrences"":8,""exclusive"":true}]"
proper_name	lexical_group	bathuel	NOUN	8	8	0		derived_only	"[{""form"":""bathuel"",""occurrences"":8,""exclusive"":true}]"
proper_name	lexical_group	canopos	NOUN	8	8	0		derived_only	"[{""form"":""canopos"",""occurrences"":8,""exclusive"":true}]"
proper_name	lexical_group	caspias	NOUN	8	8	0		single_independent	"[{""form"":""caspias"",""occurrences"":8,""exclusive"":true}]"
proper_name	lexical_group	cephisos	NOUN	8	8	0		derived_only	"[{""form"":""cephisos"",""occurrences"":8,""exclusive"":true}]"
proper_name	lexical_group	chunus	ADJ	8	8	0		derived_only	"[{""form"":""chunus"",""occurrences"":8,""exclusive"":true}]"
proper_name	lexical_group	cleander	NOUN	8	8	0		corroborated_independent	"[{""form"":""cleander"",""occurrences"":8,""exclusive"":true}]"
proper_name	lexical_group	clearchus	NOUN	8	8	0		corroborated_independent	"[{""form"":""clearchus"",""occurrences"":8,""exclusive"":true}]"
proper_name	lexical_group	clitomachus	NOUN	8	8	0		corroborated_independent	"[{""form"":""clitomachus"",""occurrences"":8,""exclusive"":true}]"
proper_name	lexical_group	corybantes	NOUN	8	8	0		corroborated_independent	"[{""form"":""corybantes"",""occurrences"":8,""exclusive"":true}]"
proper_name	lexical_group	crantor	NOUN	8	8	0		corroborated_independent	"[{""form"":""crantor"",""occurrences"":8,""exclusive"":true}]"
proper_name	lexical_group	cremutius	NOUN	8	8	0		corroborated_independent	"[{""form"":""cremutius"",""occurrences"":8,""exclusive"":true}]"
proper_name	lexical_group	dalila	NOUN	8	8	0		single_independent	"[{""form"":""dalila"",""occurrences"":8,""exclusive"":true}]"
proper_name	lexical_group	eden	NOUN	8	8	0		derived_only	"[{""form"":""eden"",""occurrences"":8,""exclusive"":true}]"
proper_name	lexical_group	elaea	NOUN	8	8	0		single_independent	"[{""form"":""elaea"",""occurrences"":8,""exclusive"":true}]"
proper_name	lexical_group	epidaurum	NOUN	8	8	0		corroborated_independent	"[{""form"":""epidaurum"",""occurrences"":8,""exclusive"":true}]"
proper_name	lexical_group	epidicus	NOUN	8	8	0		corroborated_independent	"[{""form"":""epidicus"",""occurrences"":8,""exclusive"":true}]"
proper_name	lexical_group	eudoxus	NOUN	8	8	0		corroborated_independent	"[{""form"":""eudoxus"",""occurrences"":8,""exclusive"":true}]"
proper_name	lexical_group	eurymedon	NOUN	8	8	0		corroborated_independent	"[{""form"":""eurymedon"",""occurrences"":8,""exclusive"":true}]"
proper_name	lexical_group	furnius	NOUN	8	8	0		corroborated_independent	"[{""form"":""furnius"",""occurrences"":8,""exclusive"":true}]"
proper_name	lexical_group	geganius	NOUN	8	8	0		single_independent	"[{""form"":""geganius"",""occurrences"":8,""exclusive"":true}]"
proper_name	lexical_group	gorgon	NOUN	8	8	0		single_independent	"[{""form"":""gorgon"",""occurrences"":8,""exclusive"":true}]"
proper_name	lexical_group	gorgona	NOUN	8	8	0		derived_only	"[{""form"":""gorgona"",""occurrences"":8,""exclusive"":true}]"
proper_name	lexical_group	gulussa	NOUN	8	8	0		single_independent	"[{""form"":""gulussa"",""occurrences"":8,""exclusive"":true}]"
proper_name	lexical_group	hipparchus	NOUN	8	8	0		corroborated_independent	"[{""form"":""hipparchus"",""occurrences"":8,""exclusive"":true}]"
proper_name	lexical_group	icilius	NOUN	8	8	0		corroborated_independent	"[{""form"":""icilius"",""occurrences"":8,""exclusive"":true}]"
proper_name	lexical_group	iphitus	NOUN	8	8	0		corroborated_independent	"[{""form"":""iphitus"",""occurrences"":8,""exclusive"":true}]"
proper_name	lexical_group	jugurtha	NOUN	8	8	0		corroborated_independent	"[{""form"":""jugurtha"",""occurrences"":8,""exclusive"":true}]"
proper_name	lexical_group	karlus	NOUN	8	8	0		derived_only	"[{""form"":""karlus"",""occurrences"":8,""exclusive"":true}]"
proper_name	lexical_group	langobardus	NOUN	8	8	0		derived_only	"[{""form"":""langobardus"",""occurrences"":8,""exclusive"":true}]"
proper_name	lexical_group	larcius	NOUN	8	8	0		corroborated_independent	"[{""form"":""larcius"",""occurrences"":8,""exclusive"":true}]"
proper_name	lexical_group	laurentina	NOUN	8	8	0		single_independent	"[{""form"":""laurentina"",""occurrences"":7,""exclusive"":true},{""form"":""laurentinam"",""occurrences"":1,""exclusive"":true}]"
proper_name	lexical_group	libyssa	NOUN	8	8	0		derived_only	"[{""form"":""libyssa"",""occurrences"":8,""exclusive"":true}]"
proper_name	lexical_group	lycius	ADJ	8	8	0		single_independent	"[{""form"":""lycius"",""occurrences"":8,""exclusive"":true}]"
proper_name	lexical_group	maceda	NOUN	8	8	0		derived_only	"[{""form"":""maceda"",""occurrences"":8,""exclusive"":true}]"
proper_name	lexical_group	macrobius	NOUN	8	8	0		corroborated_independent	"[{""form"":""macrobius"",""occurrences"":8,""exclusive"":true}]"
proper_name	lexical_group	magnentius	NOUN	8	8	0		derived_only	"[{""form"":""magnentius"",""occurrences"":8,""exclusive"":true}]"
proper_name	lexical_group	matium	NOUN	8	8	0		derived_only	"[{""form"":""matium"",""occurrences"":8,""exclusive"":true}]"
proper_name	lexical_group	megaronides	NOUN	8	8	0		derived_only	"[{""form"":""megaronides"",""occurrences"":8,""exclusive"":true}]"
proper_name	lexical_group	myrina	NOUN	8	8	0		corroborated_independent	"[{""form"":""myrina"",""occurrences"":8,""exclusive"":true}]"
proper_name	lexical_group	nausistrata	NOUN	8	8	0		single_independent	"[{""form"":""nausistrata"",""occurrences"":8,""exclusive"":true}]"
proper_name	lexical_group	nicomachus	NOUN	8	8	0		derived_only	"[{""form"":""nicomachus"",""occurrences"":8,""exclusive"":true}]"
proper_name	lexical_group	odollam	NOUN	8	8	0		derived_only	"[{""form"":""odollam"",""occurrences"":8,""exclusive"":true}]"
proper_name	lexical_group	oechalia	NOUN	8	8	0		corroborated_independent	"[{""form"":""oechalia"",""occurrences"":8,""exclusive"":true}]"
proper_name	lexical_group	oolibama	NOUN	8	8	0		derived_only	"[{""form"":""oolibama"",""occurrences"":8,""exclusive"":true}]"
proper_name	lexical_group	paconius	NOUN	8	8	0		corroborated_independent	"[{""form"":""paconius"",""occurrences"":8,""exclusive"":true}]"
proper_name	lexical_group	pelorias	NOUN	8	8	0		corroborated_independent	"[{""form"":""pelorias"",""occurrences"":8,""exclusive"":true}]"
proper_name	lexical_group	pergama	ADJ	8	8	0		single_independent	"[{""form"":""pergamon"",""occurrences"":8,""exclusive"":true}]"
proper_name	lexical_group	periphanes	NOUN	8	8	0		derived_only	"[{""form"":""periphanes"",""occurrences"":8,""exclusive"":true}]"
proper_name	lexical_group	polynices	NOUN	8	8	0		corroborated_independent	"[{""form"":""polynices"",""occurrences"":8,""exclusive"":true}]"
proper_name	lexical_group	posthumius	NOUN	8	8	0		single_independent	"[{""form"":""posthumius"",""occurrences"":8,""exclusive"":true}]"
proper_name	lexical_group	procris	NOUN	8	8	0		corroborated_independent	"[{""form"":""procris"",""occurrences"":8,""exclusive"":true}]"
proper_name	lexical_group	pylos	NOUN	8	8	0		single_independent	"[{""form"":""pylos"",""occurrences"":8,""exclusive"":true}]"
proper_name	lexical_group	radamistus	NOUN	8	8	0		derived_only	"[{""form"":""radamistus"",""occurrences"":8,""exclusive"":true}]"
proper_name	lexical_group	rahuel	NOUN	8	8	0		derived_only	"[{""form"":""rahuel"",""occurrences"":8,""exclusive"":true}]"
proper_name	lexical_group	sarepta	NOUN	8	8	0		derived_only	"[{""form"":""sarepta"",""occurrences"":8,""exclusive"":true}]"
proper_name	lexical_group	sceparnio	NOUN	8	8	0		derived_only	"[{""form"":""sceparnio"",""occurrences"":8,""exclusive"":true}]"
proper_name	lexical_group	scironis	NOUN	8	8	0		derived_only	"[{""form"":""scironis"",""occurrences"":8,""exclusive"":true}]"
proper_name	lexical_group	scribonianus	NOUN	8	8	0		single_independent	"[{""form"":""scribonianus"",""occurrences"":8,""exclusive"":true}]"
proper_name	lexical_group	sebeon	NOUN	8	8	0		derived_only	"[{""form"":""sebeon"",""occurrences"":8,""exclusive"":true}]"
proper_name	lexical_group	seboim	NOUN	8	8	0		derived_only	"[{""form"":""seboim"",""occurrences"":8,""exclusive"":true}]"
proper_name	lexical_group	stilbon	NOUN	8	8	0		single_independent	"[{""form"":""stilbon"",""occurrences"":8,""exclusive"":true}]"
proper_name	lexical_group	sunamitis	NOUN	8	8	0		single_independent	"[{""form"":""sunamitis"",""occurrences"":8,""exclusive"":true}]"
proper_name	lexical_group	sycurium	NOUN	8	8	0		corroborated_independent	"[{""form"":""sycurium"",""occurrences"":8,""exclusive"":true}]"
proper_name	lexical_group	symphosius	NOUN	8	8	0		derived_only	"[{""form"":""symphosius"",""occurrences"":8,""exclusive"":true}]"
proper_name	lexical_group	tacfarinas	NOUN	8	8	0		single_independent	"[{""form"":""tacfarinas"",""occurrences"":8,""exclusive"":true}]"
proper_name	lexical_group	telegonus	NOUN	8	8	0		corroborated_independent	"[{""form"":""telegoni"",""occurrences"":6,""exclusive"":true},{""form"":""telegonus"",""occurrences"":2,""exclusive"":true}]"
proper_name	lexical_group	thamna	NOUN	8	8	0		derived_only	"[{""form"":""thamna"",""occurrences"":8,""exclusive"":true}]"
proper_name	lexical_group	theramenes	NOUN	8	8	0		corroborated_independent	"[{""form"":""theramenes"",""occurrences"":8,""exclusive"":true}]"
proper_name	lexical_group	thoringia	NOUN	8	8	0		derived_only	"[{""form"":""thoringia"",""occurrences"":8,""exclusive"":true}]"
proper_name	lexical_group	topica	NOUN	8	8	0		corroborated_independent	"[{""form"":""topica"",""occurrences"":8,""exclusive"":true}]"
proper_name	lexical_group	volturcius	NOUN	8	8	0		derived_only	"[{""form"":""volturcius"",""occurrences"":8,""exclusive"":true}]"
proper_name	lexical_group	zoilus	NOUN	8	8	0		single_independent	"[{""form"":""zoilus"",""occurrences"":8,""exclusive"":true}]"
proper_name	lexical_group	zosimus	NOUN	8	8	0		derived_only	"[{""form"":""zosimus"",""occurrences"":8,""exclusive"":true}]"
proper_name	lexical_group	perdiccas	NOUN	46	7	39		corroborated_independent	"[{""form"":""perdicca"",""occurrences"":39,""exclusive"":false},{""form"":""perdiccas"",""occurrences"":7,""exclusive"":true}]"
proper_name	lexical_group	beroea	NOUN	27	7	20		corroborated_independent	"[{""form"":""ium"",""occurrences"":16,""exclusive"":false},{""form"":""beroea"",""occurrences"":7,""exclusive"":true},{""form"":""beroeaeus"",""occurrences"":3,""exclusive"":false},{""form"":""beroeenses"",""occurrences"":1,""exclusive"":false}]"
proper_name	lexical_group	ilerda	NOUN	24	7	17		single_independent	"[{""form"":""ium"",""occurrences"":16,""exclusive"":false},{""form"":""ilerda"",""occurrences"":7,""exclusive"":true},{""form"":""ilerdenses"",""occurrences"":1,""exclusive"":false}]"
proper_name	lexical_group	cloelius	NOUN	21	7	14		corroborated_independent	"[{""form"":""cloelia"",""occurrences"":12,""exclusive"":false},{""form"":""cloelius"",""occurrences"":7,""exclusive"":true},{""form"":""cluilius"",""occurrences"":2,""exclusive"":false}]"
proper_name	lexical_group	laurentinum	NOUN	11	7	4		corroborated_independent	"[{""form"":""laurentino"",""occurrences"":7,""exclusive"":true},{""form"":""laurentinum"",""occurrences"":4,""exclusive"":false}]"
proper_name	lexical_group	sopater	NOUN	11	7	4		corroborated_independent	"[{""form"":""sopater"",""occurrences"":7,""exclusive"":true},{""form"":""tri"",""occurrences"":4,""exclusive"":false}]"
proper_name	lexical_group	saufeius	NOUN	10	7	3		corroborated_independent	"[{""form"":""saufeius"",""occurrences"":7,""exclusive"":true},{""form"":""saufeia"",""occurrences"":3,""exclusive"":false}]"
proper_name	lexical_group	bostra	ADJ	9	7	2		single_independent	"[{""form"":""bosra"",""occurrences"":7,""exclusive"":true},{""form"":""bostra"",""occurrences"":1,""exclusive"":false},{""form"":""bostrenus"",""occurrences"":1,""exclusive"":false}]"
proper_name	lexical_group	symplegades	NOUN	9	7	2		single_independent	"[{""form"":""symplegades"",""occurrences"":7,""exclusive"":true},{""form"":""symplegas"",""occurrences"":2,""exclusive"":false}]"
proper_name	lexical_group	circeii	ADJ	8	7	1		single_independent	"[{""form"":""lum"",""occurrences"":7,""exclusive"":true},{""form"":""circeii"",""occurrences"":1,""exclusive"":false}]"
proper_name	lexical_group	abiezer	NOUN	7	7	0		derived_only	"[{""form"":""abiezer"",""occurrences"":7,""exclusive"":true}]"
proper_name	lexical_group	acatius	NOUN	7	7	0		single_independent	"[{""form"":""acatius"",""occurrences"":7,""exclusive"":true}]"
proper_name	lexical_group	agamemno	NOUN	7	7	0		derived_only	"[{""form"":""agamemno"",""occurrences"":7,""exclusive"":true}]"
proper_name	lexical_group	amycus	NOUN	7	7	0		corroborated_independent	"[{""form"":""amycus"",""occurrences"":7,""exclusive"":true}]"
proper_name	lexical_group	aristomenes	NOUN	7	7	0		single_independent	"[{""form"":""aristomenes"",""occurrences"":7,""exclusive"":true}]"
proper_name	lexical_group	autololes	NOUN	7	7	0		corroborated_independent	"[{""form"":""autololes"",""occurrences"":7,""exclusive"":true}]"
proper_name	lexical_group	basilus	NOUN	7	7	0		corroborated_independent	"[{""form"":""basilus"",""occurrences"":7,""exclusive"":true}]"
proper_name	lexical_group	bastarnae	NOUN	7	7	0		corroborated_independent	"[{""form"":""bastarnae"",""occurrences"":7,""exclusive"":true}]"
proper_name	lexical_group	calydonis	NOUN	7	7	0		single_independent	"[{""form"":""calydonis"",""occurrences"":7,""exclusive"":true}]"
proper_name	lexical_group	cariathaim	NOUN	7	7	0		derived_only	"[{""form"":""cariathaim"",""occurrences"":7,""exclusive"":true}]"
proper_name	lexical_group	carnuntum	NOUN	7	7	0		corroborated_independent	"[{""form"":""carnuntum"",""occurrences"":7,""exclusive"":true}]"
proper_name	lexical_group	caspii	NOUN	7	7	0		derived_only	"[{""form"":""caspii"",""occurrences"":7,""exclusive"":true}]"
proper_name	lexical_group	cimmerium	NOUN	7	7	0		single_independent	"[{""form"":""cimmerium"",""occurrences"":7,""exclusive"":true}]"
proper_name	lexical_group	cordubensis	ADJ	7	7	0		single_independent	"[{""form"":""cordubensis"",""occurrences"":7,""exclusive"":true}]"
proper_name	lexical_group	coroebus	NOUN	7	7	0		corroborated_independent	"[{""form"":""coroebus"",""occurrences"":7,""exclusive"":true}]"
proper_name	lexical_group	crixus	NOUN	7	7	0		single_independent	"[{""form"":""crixus"",""occurrences"":7,""exclusive"":true}]"
proper_name	lexical_group	ctesias	NOUN	7	7	0		corroborated_independent	"[{""form"":""ctesias"",""occurrences"":7,""exclusive"":true}]"
proper_name	lexical_group	dictaea	NOUN	7	7	0		derived_only	"[{""form"":""dictaea"",""occurrences"":7,""exclusive"":true}]"
proper_name	lexical_group	drances	NOUN	7	7	0		corroborated_independent	"[{""form"":""drances"",""occurrences"":7,""exclusive"":true}]"
proper_name	lexical_group	dryope	NOUN	7	7	0		corroborated_independent	"[{""form"":""dryope"",""occurrences"":7,""exclusive"":true}]"
proper_name	lexical_group	dyrrhachium	NOUN	7	7	0		derived_only	"[{""form"":""dyrrhachium"",""occurrences"":7,""exclusive"":true}]"
proper_name	lexical_group	eliacim	NOUN	7	7	0		derived_only	"[{""form"":""eliacim"",""occurrences"":7,""exclusive"":true}]"
proper_name	lexical_group	elysii	NOUN	7	7	0		single_independent	"[{""form"":""elysii"",""occurrences"":7,""exclusive"":true}]"
proper_name	lexical_group	epiphanes	NOUN	7	7	0		corroborated_independent	"[{""form"":""epiphanes"",""occurrences"":7,""exclusive"":true}]"
proper_name	lexical_group	euctemon	NOUN	7	7	0		single_independent	"[{""form"":""euctemon"",""occurrences"":7,""exclusive"":true}]"
proper_name	lexical_group	evandrus	NOUN	7	7	0		derived_only	"[{""form"":""evandrus"",""occurrences"":7,""exclusive"":true}]"
proper_name	lexical_group	falernus	ADJ	7	7	0		corroborated_independent	"[{""form"":""falernus"",""occurrences"":7,""exclusive"":true}]"
proper_name	lexical_group	gabba	NOUN	7	7	0		corroborated_independent	"[{""form"":""gabba"",""occurrences"":7,""exclusive"":true}]"
proper_name	lexical_group	gamaliel	NOUN	7	7	0		derived_only	"[{""form"":""gamaliel"",""occurrences"":7,""exclusive"":true}]"
proper_name	lexical_group	gessuri	NOUN	7	7	0		derived_only	"[{""form"":""gessuri"",""occurrences"":7,""exclusive"":true}]"
proper_name	lexical_group	harmodius	NOUN	7	7	0		corroborated_independent	"[{""form"":""harmodius"",""occurrences"":7,""exclusive"":true}]"
proper_name	lexical_group	hellenicus	NOUN	7	7	0		derived_only	"[{""form"":""hellenicus"",""occurrences"":7,""exclusive"":true}]"
proper_name	lexical_group	heracleum	NOUN	7	7	0		corroborated_independent	"[{""form"":""heracleum"",""occurrences"":7,""exclusive"":true}]"
proper_name	lexical_group	hermolaus	NOUN	7	7	0		derived_only	"[{""form"":""hermolaus"",""occurrences"":7,""exclusive"":true}]"
proper_name	lexical_group	hierocles	NOUN	7	7	0		single_independent	"[{""form"":""hierocles"",""occurrences"":7,""exclusive"":true}]"
proper_name	lexical_group	hyles	NOUN	7	7	0		corroborated_independent	"[{""form"":""hyles"",""occurrences"":7,""exclusive"":true}]"
proper_name	lexical_group	ianthe	NOUN	7	7	0		corroborated_independent	"[{""form"":""ianthe"",""occurrences"":7,""exclusive"":true}]"
proper_name	lexical_group	ilioneus	NOUN	7	7	0		corroborated_independent	"[{""form"":""ilioneus"",""occurrences"":7,""exclusive"":true}]"
proper_name	lexical_group	iliturgi	NOUN	7	7	0		derived_only	"[{""form"":""iliturgi"",""occurrences"":7,""exclusive"":true}]"
proper_name	lexical_group	ilus	NOUN	7	7	0		corroborated_independent	"[{""form"":""ilus"",""occurrences"":7,""exclusive"":true}]"
proper_name	lexical_group	iollas	NOUN	7	7	0		corroborated_independent	"[{""form"":""iollas"",""occurrences"":7,""exclusive"":true}]"
proper_name	lexical_group	jephone	NOUN	7	7	0		derived_only	"[{""form"":""jephone"",""occurrences"":7,""exclusive"":true}]"
proper_name	lexical_group	johanan	NOUN	7	7	0		derived_only	"[{""form"":""johanan"",""occurrences"":7,""exclusive"":true}]"
proper_name	lexical_group	josephus	NOUN	7	7	0		single_independent	"[{""form"":""josephus"",""occurrences"":7,""exclusive"":true}]"
proper_name	lexical_group	lycormas	NOUN	7	7	0		single_independent	"[{""form"":""lycormas"",""occurrences"":7,""exclusive"":true}]"
proper_name	lexical_group	macae	NOUN	7	7	0		corroborated_independent	"[{""form"":""macae"",""occurrences"":7,""exclusive"":true}]"
proper_name	lexical_group	machaon	NOUN	7	7	0		corroborated_independent	"[{""form"":""machaon"",""occurrences"":7,""exclusive"":true}]"
proper_name	lexical_group	maeonius	ADJ	7	7	0		single_independent	"[{""form"":""maeonius"",""occurrences"":7,""exclusive"":true}]"
proper_name	lexical_group	massylus	ADJ	7	7	0		single_independent	"[{""form"":""massylus"",""occurrences"":7,""exclusive"":true}]"
proper_name	lexical_group	mathathias	NOUN	7	7	0		derived_only	"[{""form"":""mathathias"",""occurrences"":7,""exclusive"":true}]"
proper_name	lexical_group	matthias	NOUN	7	7	0		derived_only	"[{""form"":""matthias"",""occurrences"":7,""exclusive"":true}]"
proper_name	lexical_group	menalcas	NOUN	7	7	0		corroborated_independent	"[{""form"":""menalcas"",""occurrences"":7,""exclusive"":true}]"
proper_name	lexical_group	micipsae	NOUN	7	7	0		derived_only	"[{""form"":""micipsae"",""occurrences"":7,""exclusive"":true}]"
proper_name	lexical_group	milon	NOUN	7	7	0		derived_only	"[{""form"":""milon"",""occurrences"":7,""exclusive"":true}]"
proper_name	lexical_group	misael	NOUN	7	7	0		derived_only	"[{""form"":""misael"",""occurrences"":7,""exclusive"":true}]"
proper_name	lexical_group	mona	NOUN	7	7	0		corroborated_independent	"[{""form"":""mona"",""occurrences"":7,""exclusive"":true}]"
proper_name	lexical_group	mycale	NOUN	7	7	0		single_independent	"[{""form"":""mycale"",""occurrences"":7,""exclusive"":true}]"
proper_name	lexical_group	mylas	NOUN	7	7	0		single_independent	"[{""form"":""mylas"",""occurrences"":7,""exclusive"":true}]"
proper_name	lexical_group	nasamon	NOUN	7	7	0		single_independent	"[{""form"":""nasamon"",""occurrences"":7,""exclusive"":true}]"
proper_name	lexical_group	nautius	NOUN	7	7	0		corroborated_independent	"[{""form"":""nautius"",""occurrences"":7,""exclusive"":true}]"
proper_name	lexical_group	oeagrius	ADJ	7	7	0		single_independent	"[{""form"":""oeagrius"",""occurrences"":7,""exclusive"":true}]"
proper_name	lexical_group	opilius	NOUN	7	7	0		corroborated_independent	"[{""form"":""opilius"",""occurrences"":7,""exclusive"":true}]"
proper_name	lexical_group	ostrogothae	NOUN	7	7	0		derived_only	"[{""form"":""ostrogothae"",""occurrences"":7,""exclusive"":true}]"
proper_name	lexical_group	othoniel	NOUN	7	7	0		derived_only	"[{""form"":""othoniel"",""occurrences"":7,""exclusive"":true}]"
proper_name	lexical_group	oxus	NOUN	7	7	0		single_independent	"[{""form"":""oxus"",""occurrences"":7,""exclusive"":true}]"
proper_name	lexical_group	pelia	NOUN	7	7	0		single_independent	"[{""form"":""pelia"",""occurrences"":7,""exclusive"":true}]"
proper_name	lexical_group	pelopidas	NOUN	7	7	0		single_independent	"[{""form"":""pelopidas"",""occurrences"":7,""exclusive"":true}]"
proper_name	lexical_group	philadelphus	NOUN	7	7	0		corroborated_independent	"[{""form"":""philadelphus"",""occurrences"":7,""exclusive"":true}]"
proper_name	lexical_group	philemenus	NOUN	7	7	0		derived_only	"[{""form"":""philemenus"",""occurrences"":7,""exclusive"":true}]"
proper_name	lexical_group	phryne	NOUN	7	7	0		corroborated_independent	"[{""form"":""phryne"",""occurrences"":7,""exclusive"":true}]"
proper_name	lexical_group	pisidae	NOUN	7	7	0		single_independent	"[{""form"":""pisidae"",""occurrences"":7,""exclusive"":true}]"
proper_name	lexical_group	pittacus	NOUN	7	7	0		corroborated_independent	"[{""form"":""pittacus"",""occurrences"":7,""exclusive"":true}]"
proper_name	lexical_group	poetelius	NOUN	7	7	0		single_independent	"[{""form"":""poetelius"",""occurrences"":7,""exclusive"":true}]"
proper_name	lexical_group	polydectes	NOUN	7	7	0		single_independent	"[{""form"":""polydectes"",""occurrences"":7,""exclusive"":true}]"
proper_name	lexical_group	polyhymnia	NOUN	7	7	0		single_independent	"[{""form"":""polyhymnia"",""occurrences"":7,""exclusive"":true}]"
proper_name	lexical_group	pteleon	NOUN	7	7	0		derived_only	"[{""form"":""pteleon"",""occurrences"":7,""exclusive"":true}]"
proper_name	lexical_group	rebilus	NOUN	7	7	0		single_independent	"[{""form"":""rebilus"",""occurrences"":7,""exclusive"":true}]"
proper_name	lexical_group	sabrina	NOUN	7	7	0		corroborated_independent	"[{""form"":""sabrina"",""occurrences"":7,""exclusive"":true}]"
proper_name	lexical_group	scyllaeum	NOUN	7	7	0		single_independent	"[{""form"":""scyllaeum"",""occurrences"":7,""exclusive"":true}]"
proper_name	lexical_group	scythes	NOUN	7	7	0		single_independent	"[{""form"":""scythes"",""occurrences"":7,""exclusive"":true}]"
proper_name	lexical_group	sicyonius	ADJ	7	7	0		single_independent	"[{""form"":""sicyonius"",""occurrences"":7,""exclusive"":true}]"
proper_name	lexical_group	sostratus	NOUN	7	7	0		single_independent	"[{""form"":""sostratus"",""occurrences"":7,""exclusive"":true}]"
proper_name	lexical_group	telethusa	NOUN	7	7	0		corroborated_independent	"[{""form"":""telethusa"",""occurrences"":7,""exclusive"":true}]"
proper_name	lexical_group	telos	NOUN	7	7	0		derived_only	"[{""form"":""telos"",""occurrences"":7,""exclusive"":true}]"
proper_name	lexical_group	tiburtius	NOUN	7	7	0		derived_only	"[{""form"":""tiburtius"",""occurrences"":7,""exclusive"":true}]"
proper_name	lexical_group	tillius	NOUN	7	7	0		corroborated_independent	"[{""form"":""tillius"",""occurrences"":7,""exclusive"":true}]"
proper_name	lexical_group	troezene	NOUN	7	7	0		derived_only	"[{""form"":""troezene"",""occurrences"":7,""exclusive"":true}]"
proper_name	lexical_group	vangiones	NOUN	7	7	0		corroborated_independent	"[{""form"":""vangiones"",""occurrences"":7,""exclusive"":true}]"
proper_name	lexical_group	volero	NOUN	7	7	0		single_independent	"[{""form"":""volero"",""occurrences"":7,""exclusive"":true}]"
proper_name	lexical_group	zacynthos	NOUN	7	7	0		single_independent	"[{""form"":""zacynthos"",""occurrences"":7,""exclusive"":true}]"
proper_name	lexical_group	leucadia	NOUN	28	6	22		corroborated_independent	"[{""form"":""leucas"",""occurrences"":18,""exclusive"":false},{""form"":""leucadia"",""occurrences"":6,""exclusive"":true},{""form"":""leucadii"",""occurrences"":3,""exclusive"":false},{""form"":""leucadius"",""occurrences"":1,""exclusive"":false}]"
proper_name	lexical_group	duellius	ADJ	26	6	20		corroborated_independent	"[{""form"":""duillius"",""occurrences"":13,""exclusive"":false},{""form"":""duilius"",""occurrences"":7,""exclusive"":false},{""form"":""duellius"",""occurrences"":6,""exclusive"":true}]"
proper_name	lexical_group	bosporus	ADJ	24	6	18		single_independent	"[{""form"":""bosphorus"",""occurrences"":17,""exclusive"":false},{""form"":""bosporus"",""occurrences"":6,""exclusive"":true},{""form"":""bosporanus"",""occurrences"":1,""exclusive"":false}]"
proper_name	lexical_group	egnatius	ADJ	23	6	17		single_independent	"[{""form"":""egnatius"",""occurrences"":16,""exclusive"":false},{""form"":""maximilla"",""occurrences"":6,""exclusive"":true},{""form"":""egnatia"",""occurrences"":1,""exclusive"":false}]"
proper_name	lexical_group	auximum	NOUN	22	6	16		corroborated_independent	"[{""form"":""ium"",""occurrences"":16,""exclusive"":false},{""form"":""auximum"",""occurrences"":6,""exclusive"":true}]"
proper_name	lexical_group	galatae	ADJ	20	6	14		single_independent	"[{""form"":""galatae"",""occurrences"":14,""exclusive"":false},{""form"":""galata"",""occurrences"":6,""exclusive"":true}]"
proper_name	lexical_group	cea	NOUN	10	6	4		corroborated_independent	"[{""form"":""cea"",""occurrences"":6,""exclusive"":true},{""form"":""cei"",""occurrences"":3,""exclusive"":false},{""form"":""ceus"",""occurrences"":1,""exclusive"":false}]"
proper_name	lexical_group	antinoum	NOUN	9	6	3		single_independent	"[{""form"":""antinoum"",""occurrences"":4,""exclusive"":true},{""form"":""antinous"",""occurrences"":3,""exclusive"":false},{""form"":""antinoo"",""occurrences"":2,""exclusive"":true}]"
proper_name	lexical_group	tartessus	ADJ	8	6	2		single_independent	"[{""form"":""tartessus"",""occurrences"":4,""exclusive"":true},{""form"":""tartessii"",""occurrences"":2,""exclusive"":true},{""form"":""tartesiacus"",""occurrences"":1,""exclusive"":false},{""form"":""tartessius"",""occurrences"":1,""exclusive"":false}]"
proper_name	lexical_group	cephallania	NOUN	7	6	1		corroborated_independent	"[{""form"":""cephallania"",""occurrences"":6,""exclusive"":true},{""form"":""cephallenia"",""occurrences"":1,""exclusive"":false}]"
proper_name	lexical_group	achobor	NOUN	6	6	0		derived_only	"[{""form"":""achobor"",""occurrences"":6,""exclusive"":true}]"
proper_name	lexical_group	aconteus	NOUN	6	6	0		single_independent	"[{""form"":""aconteus"",""occurrences"":6,""exclusive"":true}]"
proper_name	lexical_group	aegle	NOUN	6	6	0		single_independent	"[{""form"":""aegle"",""occurrences"":6,""exclusive"":true}]"
proper_name	lexical_group	aeolides	NOUN	6	6	0		corroborated_independent	"[{""form"":""aeolides"",""occurrences"":6,""exclusive"":true}]"
proper_name	lexical_group	amorrhaeus	NOUN	6	6	0		derived_only	"[{""form"":""amorrhæus"",""occurrences"":4,""exclusive"":true},{""form"":""amorrhaeus"",""occurrences"":2,""exclusive"":true}]"
proper_name	lexical_group	amymone	NOUN	6	6	0		corroborated_independent	"[{""form"":""amymone"",""occurrences"":6,""exclusive"":true}]"
proper_name	lexical_group	apollonis	NOUN	6	6	0		corroborated_independent	"[{""form"":""apollonis"",""occurrences"":6,""exclusive"":true}]"
proper_name	lexical_group	aristander	NOUN	6	6	0		single_independent	"[{""form"":""aristander"",""occurrences"":6,""exclusive"":true}]"
proper_name	lexical_group	baasa	NOUN	6	6	0		derived_only	"[{""form"":""baasa"",""occurrences"":6,""exclusive"":true}]"
proper_name	lexical_group	basemath	NOUN	6	6	0		derived_only	"[{""form"":""basemath"",""occurrences"":6,""exclusive"":true}]"
proper_name	lexical_group	beelphegor	NOUN	6	6	0		single_independent	"[{""form"":""beelphegor"",""occurrences"":6,""exclusive"":true}]"
proper_name	lexical_group	beroe	NOUN	6	6	0		corroborated_independent	"[{""form"":""beroe"",""occurrences"":6,""exclusive"":true}]"
proper_name	lexical_group	beroth	NOUN	6	6	0		single_independent	"[{""form"":""beroth"",""occurrences"":6,""exclusive"":true}]"
proper_name	lexical_group	carteia	NOUN	6	6	0		corroborated_independent	"[{""form"":""carteia"",""occurrences"":6,""exclusive"":true}]"
proper_name	lexical_group	ceos	NOUN	6	6	0		corroborated_independent	"[{""form"":""ceos"",""occurrences"":6,""exclusive"":true}]"
proper_name	lexical_group	cercina	NOUN	6	6	0		corroborated_independent	"[{""form"":""cercina"",""occurrences"":6,""exclusive"":true}]"
proper_name	lexical_group	chion	NOUN	6	6	0		single_independent	"[{""form"":""chion"",""occurrences"":6,""exclusive"":true}]"
proper_name	lexical_group	coruncanius	NOUN	6	6	0		corroborated_independent	"[{""form"":""coruncanius"",""occurrences"":6,""exclusive"":true}]"
proper_name	lexical_group	cratippus	NOUN	6	6	0		corroborated_independent	"[{""form"":""cratippus"",""occurrences"":6,""exclusive"":true}]"
proper_name	lexical_group	cybistra	NOUN	6	6	0		corroborated_independent	"[{""form"":""cybistra"",""occurrences"":6,""exclusive"":true}]"
proper_name	lexical_group	dictys	NOUN	6	6	0		corroborated_independent	"[{""form"":""dictys"",""occurrences"":6,""exclusive"":true}]"
proper_name	lexical_group	dioxippus	NOUN	6	6	0		single_independent	"[{""form"":""dioxippus"",""occurrences"":6,""exclusive"":true}]"
proper_name	lexical_group	diphilus	NOUN	6	6	0		corroborated_independent	"[{""form"":""diphilus"",""occurrences"":6,""exclusive"":true}]"
proper_name	lexical_group	dolon	NOUN	6	6	0		corroborated_independent	"[{""form"":""dolon"",""occurrences"":6,""exclusive"":true}]"
proper_name	lexical_group	ebora	NOUN	6	6	0		corroborated_independent	"[{""form"":""ebora"",""occurrences"":6,""exclusive"":true}]"
proper_name	lexical_group	eleazarus	NOUN	6	6	0		derived_only	"[{""form"":""eleazarus"",""occurrences"":6,""exclusive"":true}]"
proper_name	lexical_group	elimelech	NOUN	6	6	0		derived_only	"[{""form"":""elimelech"",""occurrences"":6,""exclusive"":true}]"
proper_name	lexical_group	esthaol	NOUN	6	6	0		derived_only	"[{""form"":""esthaol"",""occurrences"":6,""exclusive"":true}]"
proper_name	lexical_group	eucherius	NOUN	6	6	0		single_independent	"[{""form"":""eucherius"",""occurrences"":6,""exclusive"":true}]"
proper_name	lexical_group	eurypylus	NOUN	6	6	0		corroborated_independent	"[{""form"":""eurypylus"",""occurrences"":6,""exclusive"":true}]"
proper_name	lexical_group	eustathius	NOUN	6	6	0		single_independent	"[{""form"":""eustathius"",""occurrences"":6,""exclusive"":true}]"
proper_name	lexical_group	gamphasantes	NOUN	6	6	0		derived_only	"[{""form"":""gamphasantes"",""occurrences"":6,""exclusive"":true}]"
proper_name	lexical_group	georgi	NOUN	6	6	0		single_independent	"[{""form"":""georgi"",""occurrences"":6,""exclusive"":true}]"
proper_name	lexical_group	gorgades	NOUN	6	6	0		derived_only	"[{""form"":""gorgades"",""occurrences"":6,""exclusive"":true}]"
proper_name	lexical_group	gyas	NOUN	6	6	0		single_independent	"[{""form"":""gyas"",""occurrences"":6,""exclusive"":true}]"
proper_name	lexical_group	gylippus	NOUN	6	6	0		single_independent	"[{""form"":""gylippus"",""occurrences"":6,""exclusive"":true}]"
proper_name	lexical_group	hegesias	NOUN	6	6	0		corroborated_independent	"[{""form"":""hegesias"",""occurrences"":6,""exclusive"":true}]"
proper_name	lexical_group	hellenes	NOUN	6	6	0		single_independent	"[{""form"":""hellenes"",""occurrences"":6,""exclusive"":true}]"
proper_name	lexical_group	hephaestion	NOUN	6	6	0		derived_only	"[{""form"":""hephaestion"",""occurrences"":6,""exclusive"":true}]"
proper_name	lexical_group	heracleotes	NOUN	6	6	0		corroborated_independent	"[{""form"":""heracleotes"",""occurrences"":6,""exclusive"":true}]"
proper_name	lexical_group	hercynius	ADJ	6	6	0		single_independent	"[{""form"":""hercynius"",""occurrences"":6,""exclusive"":true}]"
proper_name	lexical_group	holon	NOUN	6	6	0		derived_only	"[{""form"":""holon"",""occurrences"":6,""exclusive"":true}]"
proper_name	lexical_group	jahel	NOUN	6	6	0		derived_only	"[{""form"":""jahel"",""occurrences"":6,""exclusive"":true}]"
proper_name	lexical_group	lacetani	NOUN	6	6	0		single_independent	"[{""form"":""lacetani"",""occurrences"":6,""exclusive"":true}]"
proper_name	lexical_group	laeca	NOUN	6	6	0		single_independent	"[{""form"":""laeca"",""occurrences"":6,""exclusive"":true}]"
proper_name	lexical_group	lygdamus	NOUN	6	6	0		corroborated_independent	"[{""form"":""lygdamus"",""occurrences"":6,""exclusive"":true}]"
proper_name	lexical_group	malichu	NOUN	6	6	0		derived_only	"[{""form"":""malichu"",""occurrences"":6,""exclusive"":true}]"
proper_name	lexical_group	maracanda	NOUN	6	6	0		single_independent	"[{""form"":""maracanda"",""occurrences"":6,""exclusive"":true}]"
proper_name	lexical_group	marathus	NOUN	6	6	0		corroborated_independent	"[{""form"":""marathus"",""occurrences"":6,""exclusive"":true}]"
proper_name	lexical_group	margum	NOUN	6	6	0		corroborated_independent	"[{""form"":""margum"",""occurrences"":6,""exclusive"":true}]"
proper_name	lexical_group	matienus	NOUN	6	6	0		derived_only	"[{""form"":""matienus"",""occurrences"":6,""exclusive"":true}]"
proper_name	lexical_group	matuta	NOUN	6	6	0		corroborated_independent	"[{""form"":""matuta"",""occurrences"":6,""exclusive"":true}]"
proper_name	lexical_group	megadorus	NOUN	6	6	0		derived_only	"[{""form"":""megadorus"",""occurrences"":6,""exclusive"":true}]"
proper_name	lexical_group	megasthenes	NOUN	6	6	0		derived_only	"[{""form"":""megasthenes"",""occurrences"":6,""exclusive"":true}]"
proper_name	lexical_group	menaechmus	NOUN	6	6	0		derived_only	"[{""form"":""menaechmus"",""occurrences"":6,""exclusive"":true}]"
proper_name	lexical_group	nabaioth	NOUN	6	6	0		derived_only	"[{""form"":""nabaioth"",""occurrences"":6,""exclusive"":true}]"
proper_name	lexical_group	nigrinus	NOUN	6	6	0		single_independent	"[{""form"":""nigrinus"",""occurrences"":6,""exclusive"":true}]"
proper_name	lexical_group	niphates	NOUN	6	6	0		corroborated_independent	"[{""form"":""niphates"",""occurrences"":6,""exclusive"":true}]"
proper_name	lexical_group	noa	NOUN	6	6	0		single_independent	"[{""form"":""noa"",""occurrences"":6,""exclusive"":true}]"
proper_name	lexical_group	odrysius	ADJ	6	6	0		single_independent	"[{""form"":""odrysius"",""occurrences"":6,""exclusive"":true}]"
proper_name	lexical_group	oenomaus	NOUN	6	6	0		corroborated_independent	"[{""form"":""oenomaus"",""occurrences"":6,""exclusive"":true}]"
proper_name	lexical_group	orbilius	NOUN	6	6	0		corroborated_independent	"[{""form"":""orbilius"",""occurrences"":6,""exclusive"":true}]"
proper_name	lexical_group	othryades	NOUN	6	6	0		single_independent	"[{""form"":""othryades"",""occurrences"":6,""exclusive"":true}]"
proper_name	lexical_group	oxoniensis	ADJ	6	6	0		single_independent	"[{""form"":""oxoniensis"",""occurrences"":3,""exclusive"":true},{""form"":""oxoniensi"",""occurrences"":2,""exclusive"":true},{""form"":""oxoniensem"",""occurrences"":1,""exclusive"":true}]"
proper_name	lexical_group	passienus	NOUN	6	6	0		corroborated_independent	"[{""form"":""passienus"",""occurrences"":6,""exclusive"":true}]"
proper_name	lexical_group	pausistratus	NOUN	6	6	0		corroborated_independent	"[{""form"":""pausistratus"",""occurrences"":6,""exclusive"":true}]"
proper_name	lexical_group	peneia	NOUN	6	6	0		derived_only	"[{""form"":""peneia"",""occurrences"":6,""exclusive"":true}]"
proper_name	lexical_group	peticus	NOUN	6	6	0		derived_only	"[{""form"":""peticus"",""occurrences"":6,""exclusive"":true}]"
proper_name	lexical_group	peucestes	NOUN	6	6	0		derived_only	"[{""form"":""peucestes"",""occurrences"":6,""exclusive"":true}]"
proper_name	lexical_group	phanuel	NOUN	6	6	0		derived_only	"[{""form"":""phanuel"",""occurrences"":6,""exclusive"":true}]"
quantity_or_orthography	surface	īīīdcccxiii		1			1		"[{""surface"":""ĪĪĪDCCCXIII"",""occurrences"":1}]"
quantity_or_orthography	surface	īīīdcclxxxviiii		1			1		"[{""surface"":""ĪĪĪDCCLXXXVIIII"",""occurrences"":1}]"
quantity_or_orthography	surface	īīīīlxx		1			1		"[{""surface"":""ĪĪĪĪLXX"",""occurrences"":1}]"
abbreviation_or_editorial	surface	aa		4828			29		"[{""surface"":""aa"",""occurrences"":4821},{""surface"":""Aa"",""occurrences"":7}]"
abbreviation_or_editorial	surface	s		3153			377		"[{""surface"":""S"",""occurrences"":1731},{""surface"":""s"",""occurrences"":1422}]"
abbreviation_or_editorial	surface	pp		3049			30		"[{""surface"":""pp"",""occurrences"":3038},{""surface"":""PP"",""occurrences"":9},{""surface"":""Pp"",""occurrences"":2}]"
abbreviation_or_editorial	surface	aaa		1144			28		"[{""surface"":""aaa"",""occurrences"":1144}]"
abbreviation_or_editorial	surface	dig		883			49		"[{""surface"":""Dig"",""occurrences"":883}]"
abbreviation_or_editorial	surface	g		872			88		"[{""surface"":""g"",""occurrences"":444},{""surface"":""G"",""occurrences"":428}]"
abbreviation_or_editorial	surface	febr		808			63		"[{""surface"":""febr"",""occurrences"":566},{""surface"":""Febr"",""occurrences"":241},{""surface"":""FEBR"",""occurrences"":1}]"
abbreviation_or_editorial	surface	h		794			94		"[{""surface"":""H"",""occurrences"":591},{""surface"":""h"",""occurrences"":203}]"
abbreviation_or_editorial	surface	cth		748			16		"[{""surface"":""CTh"",""occurrences"":748}]"
abbreviation_or_editorial	surface	prid		700			42		"[{""surface"":""prid"",""occurrences"":611},{""surface"":""Prid"",""occurrences"":89}]"
abbreviation_or_editorial	surface	lib		657			40		"[{""surface"":""lib"",""occurrences"":435},{""surface"":""LIB"",""occurrences"":215},{""surface"":""Lib"",""occurrences"":7}]"
abbreviation_or_editorial	surface	pal		555			19		"[{""surface"":""Pal"",""occurrences"":395},{""surface"":""PAL"",""occurrences"":160}]"
abbreviation_or_editorial	surface	u		512			111		"[{""surface"":""u"",""occurrences"":435},{""surface"":""U"",""occurrences"":77}]"
abbreviation_or_editorial	surface	impp		501			18		"[{""surface"":""Impp"",""occurrences"":500},{""surface"":""impp"",""occurrences"":1}]"
abbreviation_or_editorial	surface	off		488			51		"[{""surface"":""off"",""occurrences"":474},{""surface"":""OFF"",""occurrences"":13},{""surface"":""Off"",""occurrences"":1}]"
abbreviation_or_editorial	surface	cf		432			19		"[{""surface"":""cf"",""occurrences"":322},{""surface"":""Cf"",""occurrences"":106},{""surface"":""CF"",""occurrences"":4}]"
abbreviation_or_editorial	surface	pa		398			34		"[{""surface"":""PA"",""occurrences"":353},{""surface"":""pa"",""occurrences"":34},{""surface"":""Pa"",""occurrences"":11}]"
abbreviation_or_editorial	surface	dn		349			10		"[{""surface"":""dn"",""occurrences"":345},{""surface"":""Dn"",""occurrences"":4}]"
abbreviation_or_editorial	surface	men		348			63		"[{""surface"":""MEN"",""occurrences"":250},{""surface"":""men"",""occurrences"":85},{""surface"":""Men"",""occurrences"":13}]"
abbreviation_or_editorial	surface	rom		343			68		"[{""surface"":""Rom"",""occurrences"":336},{""surface"":""rom"",""occurrences"":7}]"
abbreviation_or_editorial	surface	iust		336			12		"[{""surface"":""iust"",""occurrences"":336}]"
abbreviation_or_editorial	surface	ps		333			10		"[{""surface"":""PS"",""occurrences"":253},{""surface"":""Ps"",""occurrences"":80}]"
abbreviation_or_editorial	surface	pap		331			30		"[{""surface"":""pap"",""occurrences"":331}]"
abbreviation_or_editorial	surface	sy		324			12		"[{""surface"":""SY"",""occurrences"":314},{""surface"":""sy"",""occurrences"":8},{""surface"":""Sy"",""occurrences"":2}]"
abbreviation_or_editorial	surface	grat		305			26		"[{""surface"":""grat"",""occurrences"":304},{""surface"":""Grat"",""occurrences"":1}]"
abbreviation_or_editorial	surface	ext		297			12		"[{""surface"":""ext"",""occurrences"":297}]"
abbreviation_or_editorial	surface	pens		296			1		"[{""surface"":""pens"",""occurrences"":296}]"
abbreviation_or_editorial	surface	ly		288			14		"[{""surface"":""LY"",""occurrences"":236},{""surface"":""Ly"",""occurrences"":31},{""surface"":""ly"",""occurrences"":21}]"
abbreviation_or_editorial	surface	gord		265			12		"[{""surface"":""gord"",""occurrences"":265}]"
abbreviation_or_editorial	surface	agrip		251			3		"[{""surface"":""AGRIP"",""occurrences"":251}]"
abbreviation_or_editorial	surface	phil		246			22		"[{""surface"":""PHIL"",""occurrences"":187},{""surface"":""Phil"",""occurrences"":59}]"
abbreviation_or_editorial	surface	ge		243			23		"[{""surface"":""Ge"",""occurrences"":192},{""surface"":""GE"",""occurrences"":32},{""surface"":""ge"",""occurrences"":19}]"
abbreviation_or_editorial	surface	pf		222			14		"[{""surface"":""pf"",""occurrences"":222}]"
abbreviation_or_editorial	surface	siet		213			43		"[{""surface"":""siet"",""occurrences"":212},{""surface"":""Siet"",""occurrences"":1}]"
abbreviation_or_editorial	surface	ep		205			17		"[{""surface"":""EP"",""occurrences"":174},{""surface"":""Ep"",""occurrences"":20},{""surface"":""ep"",""occurrences"":11}]"
abbreviation_or_editorial	surface	tox		200			1		"[{""surface"":""TOX"",""occurrences"":200}]"
abbreviation_or_editorial	surface	mu		195			14		"[{""surface"":""Mu"",""occurrences"":180},{""surface"":""mu"",""occurrences"":15}]"
abbreviation_or_editorial	surface	cal		192			10		"[{""surface"":""CAL"",""occurrences"":184},{""surface"":""Cal"",""occurrences"":4},{""surface"":""cal"",""occurrences"":4}]"
abbreviation_or_editorial	surface	pu		192			31		"[{""surface"":""pu"",""occurrences"":191},{""surface"":""Pu"",""occurrences"":1}]"
abbreviation_or_editorial	surface	bal		184			2		"[{""surface"":""BAL"",""occurrences"":183},{""surface"":""Bal"",""occurrences"":1}]"
abbreviation_or_editorial	surface	my		170			17		"[{""surface"":""MY"",""occurrences"":92},{""surface"":""my"",""occurrences"":75},{""surface"":""My"",""occurrences"":3}]"
abbreviation_or_editorial	surface	lat		168			10		"[{""surface"":""Lat"",""occurrences"":163},{""surface"":""LAT"",""occurrences"":3},{""surface"":""lat"",""occurrences"":2}]"
abbreviation_or_editorial	surface	lys		168			2		"[{""surface"":""LYS"",""occurrences"":168}]"
abbreviation_or_editorial	surface	nic		166			5		"[{""surface"":""NIC"",""occurrences"":163},{""surface"":""Nic"",""occurrences"":2},{""surface"":""nic"",""occurrences"":1}]"
abbreviation_or_editorial	surface	pyrg		166			2		"[{""surface"":""Pyrg"",""occurrences"":165},{""surface"":""PYRG"",""occurrences"":1}]"
abbreviation_or_editorial	surface	caes		164			20		"[{""surface"":""caes"",""occurrences"":149},{""surface"":""Caes"",""occurrences"":15}]"
abbreviation_or_editorial	surface	chrys		164			1		"[{""surface"":""CHRYS"",""occurrences"":164}]"
abbreviation_or_editorial	surface	psal		163			27		"[{""surface"":""Psal"",""occurrences"":163}]"
abbreviation_or_editorial	surface	am		156			47		"[{""surface"":""am"",""occurrences"":88},{""surface"":""Am"",""occurrences"":41},{""surface"":""AM"",""occurrences"":27}]"
abbreviation_or_editorial	surface	min		156			12		"[{""surface"":""min"",""occurrences"":155},{""surface"":""Min"",""occurrences"":1}]"
abbreviation_or_editorial	surface	muc		155			39		"[{""surface"":""muc"",""occurrences"":155}]"
abbreviation_or_editorial	surface	heg		149			1		"[{""surface"":""HEG"",""occurrences"":149}]"
abbreviation_or_editorial	surface	sing		148			1		"[{""surface"":""sing"",""occurrences"":148}]"
abbreviation_or_editorial	surface	virg		144			19		"[{""surface"":""Virg"",""occurrences"":141},{""surface"":""VIRG"",""occurrences"":3}]"
abbreviation_or_editorial	surface	lyc		143			3		"[{""surface"":""LYC"",""occurrences"":108},{""surface"":""Lyc"",""occurrences"":35}]"
abbreviation_or_editorial	surface	la		142			30		"[{""surface"":""LA"",""occurrences"":82},{""surface"":""la"",""occurrences"":48},{""surface"":""La"",""occurrences"":12}]"
abbreviation_or_editorial	surface	tit		137			17		"[{""surface"":""TIT"",""occurrences"":82},{""surface"":""tit"",""occurrences"":49},{""surface"":""Tit"",""occurrences"":6}]"
abbreviation_or_editorial	surface	dan		136			41		"[{""surface"":""Dan"",""occurrences"":103},{""surface"":""DAN"",""occurrences"":30},{""surface"":""dan"",""occurrences"":3}]"
abbreviation_or_editorial	surface	alc		134			2		"[{""surface"":""ALC"",""occurrences"":134}]"
abbreviation_or_editorial	surface	y		134			28		"[{""surface"":""y"",""occurrences"":121},{""surface"":""Y"",""occurrences"":13}]"
abbreviation_or_editorial	surface	cogn		132			20		"[{""surface"":""cogn"",""occurrences"":131},{""surface"":""COGN"",""occurrences"":1}]"
abbreviation_or_editorial	surface	epi		131			31		"[{""surface"":""EPI"",""occurrences"":92},{""surface"":""epi"",""occurrences"":37},{""surface"":""Epi"",""occurrences"":2}]"
abbreviation_or_editorial	surface	ol		131			3		"[{""surface"":""OL"",""occurrences"":129},{""surface"":""Ol"",""occurrences"":1},{""surface"":""ol"",""occurrences"":1}]"
abbreviation_or_editorial	surface	trib		130			28		"[{""surface"":""trib"",""occurrences"":130}]"
abbreviation_or_editorial	surface	seq		129			10		"[{""surface"":""seq"",""occurrences"":129}]"
abbreviation_or_editorial	surface	labr		123			1		"[{""surface"":""LABR"",""occurrences"":123}]"
abbreviation_or_editorial	surface	um		122			73		"[{""surface"":""um"",""occurrences"":117},{""surface"":""UM"",""occurrences"":5}]"
abbreviation_or_editorial	surface	mag		121			23		"[{""surface"":""mag"",""occurrences"":118},{""surface"":""Mag"",""occurrences"":2},{""surface"":""MAG"",""occurrences"":1}]"
abbreviation_or_editorial	surface	ta		121			68		"[{""surface"":""ta"",""occurrences"":111},{""surface"":""TA"",""occurrences"":8},{""surface"":""Ta"",""occurrences"":2}]"
abbreviation_or_editorial	surface	amph		120			2		"[{""surface"":""AMPH"",""occurrences"":120}]"
abbreviation_or_editorial	surface	merc		120			2		"[{""surface"":""MERC"",""occurrences"":120}]"
abbreviation_or_editorial	surface	omn		117			17		"[{""surface"":""omn"",""occurrences"":117}]"
abbreviation_or_editorial	surface	tig		117			4		"[{""surface"":""TIG"",""occurrences"":116},{""surface"":""Tig"",""occurrences"":1}]"
abbreviation_or_editorial	surface	w		116			34		"[{""surface"":""W"",""occurrences"":83},{""surface"":""w"",""occurrences"":33}]"
abbreviation_or_editorial	surface	meg		113			4		"[{""surface"":""MEG"",""occurrences"":112},{""surface"":""meg"",""occurrences"":1}]"
abbreviation_or_editorial	surface	epit		112			21		"[{""surface"":""epit"",""occurrences"":112}]"
abbreviation_or_editorial	surface	grip		112			2		"[{""surface"":""GRIP"",""occurrences"":112}]"
abbreviation_or_editorial	surface	us		110			67		"[{""surface"":""us"",""occurrences"":106},{""surface"":""US"",""occurrences"":2},{""surface"":""Us"",""occurrences"":2}]"
abbreviation_or_editorial	surface	evcl		109			1		"[{""surface"":""EVCL"",""occurrences"":109}]"
abbreviation_or_editorial	surface	charm		108			2		"[{""surface"":""CHARM"",""occurrences"":108}]"
abbreviation_or_editorial	surface	sc		108			28		"[{""surface"":""sc"",""occurrences"":62},{""surface"":""SC"",""occurrences"":34},{""surface"":""Sc"",""occurrences"":12}]"
abbreviation_or_editorial	surface	form		106			12		"[{""surface"":""form"",""occurrences"":106}]"
abbreviation_or_editorial	surface	leon		106			8		"[{""surface"":""LEON"",""occurrences"":100},{""surface"":""Leon"",""occurrences"":4},{""surface"":""leon"",""occurrences"":2}]"
abbreviation_or_editorial	surface	pyth		103			2		"[{""surface"":""PYTH"",""occurrences"":103}]"
abbreviation_or_editorial	surface	cass		97			31		"[{""surface"":""cass"",""occurrences"":97}]"
abbreviation_or_editorial	surface	diac		97			3		"[{""surface"":""diac"",""occurrences"":97}]"
abbreviation_or_editorial	surface	pont		97			9		"[{""surface"":""Pont"",""occurrences"":92},{""surface"":""pont"",""occurrences"":4},{""surface"":""PONT"",""occurrences"":1}]"
abbreviation_or_editorial	surface	sag		97			1		"[{""surface"":""SAG"",""occurrences"":97}]"
abbreviation_or_editorial	surface	py		96			2		"[{""surface"":""PY"",""occurrences"":94},{""surface"":""Py"",""occurrences"":2}]"
abbreviation_or_editorial	surface	scel		96			1		"[{""surface"":""Scel"",""occurrences"":96}]"
abbreviation_or_editorial	surface	gn		92			6		"[{""surface"":""GN"",""occurrences"":85},{""surface"":""Gn"",""occurrences"":4},{""surface"":""gn"",""occurrences"":3}]"
abbreviation_or_editorial	surface	luc		87			31		"[{""surface"":""Luc"",""occurrences"":82},{""surface"":""LUC"",""occurrences"":3},{""surface"":""luc"",""occurrences"":2}]"
abbreviation_or_editorial	surface	nvt		87			4		"[{""surface"":""Nvt"",""occurrences"":87}]"
abbreviation_or_editorial	surface	petr		87			14		"[{""surface"":""Petr"",""occurrences"":81},{""surface"":""PETR"",""occurrences"":6}]"
abbreviation_or_editorial	surface	pist		87			1		"[{""surface"":""PIST"",""occurrences"":87}]"
abbreviation_or_editorial	surface	call		86			4		"[{""surface"":""CALL"",""occurrences"":86}]"
abbreviation_or_editorial	surface	tynd		85			1		"[{""surface"":""TYND"",""occurrences"":85}]"
abbreviation_or_editorial	surface	epaph		83			2		"[{""surface"":""EPAPH"",""occurrences"":83}]"
abbreviation_or_editorial	surface	poen		81			9		"[{""surface"":""poen"",""occurrences"":79},{""surface"":""Poen"",""occurrences"":2}]"
abbreviation_or_editorial	surface	prov		77			33		"[{""surface"":""Prov"",""occurrences"":70},{""surface"":""prov"",""occurrences"":7}]"
abbreviation_or_editorial	surface	pen		76			4		"[{""surface"":""PEN"",""occurrences"":73},{""surface"":""pen"",""occurrences"":3}]"
abbreviation_or_editorial	surface	gel		75			6		"[{""surface"":""GEL"",""occurrences"":70},{""surface"":""Gel"",""occurrences"":5}]"
abbreviation_or_editorial	surface	iav		74			14		"[{""surface"":""iav"",""occurrences"":74}]"
abbreviation_or_editorial	surface	paeg		74			1		"[{""surface"":""PAEG"",""occurrences"":74}]"
abbreviation_or_editorial	surface	art		73			9		"[{""surface"":""Art"",""occurrences"":32},{""surface"":""ART"",""occurrences"":27},{""surface"":""art"",""occurrences"":14}]"
abbreviation_or_editorial	surface	adv		72			3		"[{""surface"":""ADV"",""occurrences"":69},{""surface"":""adv"",""occurrences"":3}]"
abbreviation_or_editorial	surface	phron		71			1		"[{""surface"":""PHRON"",""occurrences"":71}]"
abbreviation_or_editorial	surface	arg		70			2		"[{""surface"":""ARG"",""occurrences"":69},{""surface"":""arg"",""occurrences"":1}]"
abbreviation_or_editorial	surface	mess		70			2		"[{""surface"":""MESS"",""occurrences"":69},{""surface"":""Mess"",""occurrences"":1}]"
abbreviation_or_editorial	surface	paul		69			6		"[{""surface"":""PAUL"",""occurrences"":64},{""surface"":""Paul"",""occurrences"":5}]"
abbreviation_or_editorial	surface	bur		68			3		"[{""surface"":""BUR"",""occurrences"":68}]"
abbreviation_or_editorial	surface	urs		68			26		"[{""surface"":""urs"",""occurrences"":68}]"
abbreviation_or_editorial	surface	np		67			10		"[{""surface"":""np"",""occurrences"":64},{""surface"":""NP"",""occurrences"":3}]"
abbreviation_or_editorial	surface	cvrc		66			1		"[{""surface"":""Cvrc"",""occurrences"":66}]"
abbreviation_or_editorial	surface	sa		66			17		"[{""surface"":""SA"",""occurrences"":54},{""surface"":""sa"",""occurrences"":9},{""surface"":""Sa"",""occurrences"":3}]"
abbreviation_or_editorial	surface	brev		65			7		"[{""surface"":""brev"",""occurrences"":64},{""surface"":""Brev"",""occurrences"":1}]"
abbreviation_or_editorial	surface	mt		65			24		"[{""surface"":""Mt"",""occurrences"":64},{""surface"":""mt"",""occurrences"":1}]"
abbreviation_or_editorial	surface	mat		63			6		"[{""surface"":""MAT"",""occurrences"":58},{""surface"":""mat"",""occurrences"":3},{""surface"":""Mat"",""occurrences"":2}]"
abbreviation_or_editorial	surface	joan		62			16		"[{""surface"":""Joan"",""occurrences"":62}]"
abbreviation_or_editorial	surface	ba		61			14		"[{""surface"":""BA"",""occurrences"":48},{""surface"":""ba"",""occurrences"":11},{""surface"":""Ba"",""occurrences"":2}]"
abbreviation_or_editorial	surface	cha		61			3		"[{""surface"":""CHA"",""occurrences"":61}]"
abbreviation_or_editorial	surface	ma		60			40		"[{""surface"":""ma"",""occurrences"":44},{""surface"":""Ma"",""occurrences"":13},{""surface"":""MA"",""occurrences"":3}]"
abbreviation_or_editorial	surface	cestivs		59			8		"[{""surface"":""CESTIVS"",""occurrences"":59}]"
abbreviation_or_editorial	surface	philol		58			1		"[{""surface"":""PHILOL"",""occurrences"":58}]"
abbreviation_or_editorial	surface	acr		57			2		"[{""surface"":""Acr"",""occurrences"":51},{""surface"":""ACR"",""occurrences"":6}]"
abbreviation_or_editorial	surface	lamp		57			4		"[{""surface"":""LAMP"",""occurrences"":50},{""surface"":""Lamp"",""occurrences"":6},{""surface"":""lamp"",""occurrences"":1}]"
abbreviation_or_editorial	surface	sacr		57			8		"[{""surface"":""sacr"",""occurrences"":57}]"
abbreviation_or_editorial	surface	ou		56			29		"[{""surface"":""ou"",""occurrences"":47},{""surface"":""Ou"",""occurrences"":5},{""surface"":""OU"",""occurrences"":4}]"
abbreviation_or_editorial	surface	sent		56			20		"[{""surface"":""sent"",""occurrences"":51},{""surface"":""Sent"",""occurrences"":5}]"
abbreviation_or_editorial	surface	ca		53			25		"[{""surface"":""Ca"",""occurrences"":22},{""surface"":""ca"",""occurrences"":20},{""surface"":""CA"",""occurrences"":11}]"
abbreviation_or_editorial	surface	pin		53			2		"[{""surface"":""PIN"",""occurrences"":52},{""surface"":""pin"",""occurrences"":1}]"
abbreviation_or_editorial	surface	publ		53			10		"[{""surface"":""publ"",""occurrences"":52},{""surface"":""Publ"",""occurrences"":1}]"
abbreviation_or_editorial	surface	co		52			37		"[{""surface"":""co"",""occurrences"":44},{""surface"":""Co"",""occurrences"":5},{""surface"":""CO"",""occurrences"":3}]"
abbreviation_or_editorial	surface	cr		52			5		"[{""surface"":""CR"",""occurrences"":27},{""surface"":""Cr"",""occurrences"":23},{""surface"":""cr"",""occurrences"":2}]"
abbreviation_or_editorial	surface	qu		52			33		"[{""surface"":""qu"",""occurrences"":47},{""surface"":""Qu"",""occurrences"":5}]"
abbreviation_or_editorial	surface	ty		52			18		"[{""surface"":""ty"",""occurrences"":42},{""surface"":""Ty"",""occurrences"":10}]"
abbreviation_or_editorial	surface	erg		51			2		"[{""surface"":""ERG"",""occurrences"":50},{""surface"":""erg"",""occurrences"":1}]"
abbreviation_or_editorial	surface	flav		51			3		"[{""surface"":""FLAV"",""occurrences"":49},{""surface"":""flav"",""occurrences"":2}]"
abbreviation_or_editorial	surface	lesb		51			1		"[{""surface"":""LESB"",""occurrences"":51}]"
abbreviation_or_editorial	surface	scev		51			2		"[{""surface"":""SCEV"",""occurrences"":51}]"
abbreviation_or_editorial	surface	tw		51			18		"[{""surface"":""tw"",""occurrences"":50},{""surface"":""Tw"",""occurrences"":1}]"
abbreviation_or_editorial	surface	urb		51			17		"[{""surface"":""urb"",""occurrences"":50},{""surface"":""Urb"",""occurrences"":1}]"
abbreviation_or_editorial	surface	cens		50			9		"[{""surface"":""cens"",""occurrences"":50}]"
abbreviation_or_editorial	surface	hisp		50			1		"[{""surface"":""Hisp"",""occurrences"":50}]"
abbreviation_or_editorial	surface	larg		50			6		"[{""surface"":""larg"",""occurrences"":50}]"
abbreviation_or_editorial	surface	le		50			25		"[{""surface"":""le"",""occurrences"":26},{""surface"":""LE"",""occurrences"":17},{""surface"":""Le"",""occurrences"":7}]"
abbreviation_or_editorial	surface	pam		49			1		"[{""surface"":""PAM"",""occurrences"":49}]"
abbreviation_or_editorial	surface	str		49			2		"[{""surface"":""STR"",""occurrences"":48},{""surface"":""str"",""occurrences"":1}]"
abbreviation_or_editorial	surface	lyd		47			2		"[{""surface"":""LYD"",""occurrences"":47}]"
abbreviation_or_editorial	surface	sect		47			2		"[{""surface"":""sect"",""occurrences"":47}]"
abbreviation_or_editorial	surface	clit		46			1		"[{""surface"":""CLIT"",""occurrences"":46}]"
abbreviation_or_editorial	surface	syc		46			1		"[{""surface"":""SYC"",""occurrences"":46}]"
abbreviation_or_editorial	surface	capp		45			1		"[{""surface"":""Capp"",""occurrences"":45}]"
abbreviation_or_editorial	surface	del		44			11		"[{""surface"":""del"",""occurrences"":29},{""surface"":""DEL"",""occurrences"":15}]"
abbreviation_or_editorial	surface	nn		44			15		"[{""surface"":""nn"",""occurrences"":44}]"
abbreviation_or_editorial	surface	soph		44			1		"[{""surface"":""SOPH"",""occurrences"":44}]"
abbreviation_or_editorial	surface	sor		44			5		"[{""surface"":""SOR"",""occurrences"":40},{""surface"":""Sor"",""occurrences"":3},{""surface"":""sor"",""occurrences"":1}]"
abbreviation_or_editorial	surface	z		44			10		"[{""surface"":""Z"",""occurrences"":34},{""surface"":""z"",""occurrences"":10}]"
abbreviation_or_editorial	surface	ael		43			12		"[{""surface"":""ael"",""occurrences"":40},{""surface"":""AEL"",""occurrences"":3}]"
abbreviation_or_editorial	surface	ar		43			35		"[{""surface"":""ar"",""occurrences"":34},{""surface"":""Ar"",""occurrences"":8},{""surface"":""AR"",""occurrences"":1}]"
abbreviation_or_editorial	surface	po		43			31		"[{""surface"":""po"",""occurrences"":41},{""surface"":""Po"",""occurrences"":2}]"
abbreviation_or_editorial	surface	ruf		43			2		"[{""surface"":""RUF"",""occurrences"":43}]"
abbreviation_or_editorial	surface	sies		43			22		"[{""surface"":""sies"",""occurrences"":43}]"
abbreviation_or_editorial	surface	har		42			3		"[{""surface"":""HAR"",""occurrences"":40},{""surface"":""har"",""occurrences"":2}]"
abbreviation_or_editorial	surface	ioan		42			12		"[{""surface"":""Ioan"",""occurrences"":41},{""surface"":""IOAN"",""occurrences"":1}]"
abbreviation_or_editorial	surface	el		41			21		"[{""surface"":""el"",""occurrences"":22},{""surface"":""El"",""occurrences"":19}]"
abbreviation_or_editorial	surface	litt		41			19		"[{""surface"":""litt"",""occurrences"":36},{""surface"":""Litt"",""occurrences"":5}]"
abbreviation_or_editorial	surface	sync		41			1		"[{""surface"":""SYNC"",""occurrences"":41}]"
abbreviation_or_editorial	surface	bacch		40			1		"[{""surface"":""BACCH"",""occurrences"":40}]"
abbreviation_or_editorial	surface	brit		40			2		"[{""surface"":""BRIT"",""occurrences"":40}]"
abbreviation_or_editorial	surface	ct		40			12		"[{""surface"":""CT"",""occurrences"":29},{""surface"":""ct"",""occurrences"":11}]"
abbreviation_or_editorial	surface	tab		40			10		"[{""surface"":""tab"",""occurrences"":32},{""surface"":""Tab"",""occurrences"":8}]"
abbreviation_or_editorial	surface	pe		39			26		"[{""surface"":""pe"",""occurrences"":34},{""surface"":""Pe"",""occurrences"":3},{""surface"":""PE"",""occurrences"":2}]"
abbreviation_or_editorial	surface	spor		39			3		"[{""surface"":""SPOR"",""occurrences"":37},{""surface"":""spor"",""occurrences"":2}]"
abbreviation_or_editorial	surface	dro		38			1		"[{""surface"":""DRO"",""occurrences"":38}]"
abbreviation_or_editorial	surface	iud		38			12		"[{""surface"":""iud"",""occurrences"":34},{""surface"":""Iud"",""occurrences"":4}]"
abbreviation_or_editorial	surface	east		37			17		"[{""surface"":""east"",""occurrences"":30},{""surface"":""East"",""occurrences"":7}]"
abbreviation_or_editorial	surface	hon		37			14		"[{""surface"":""hon"",""occurrences"":32},{""surface"":""Hon"",""occurrences"":5}]"
abbreviation_or_editorial	surface	scep		37			1		"[{""surface"":""SCEP"",""occurrences"":37}]"
abbreviation_or_editorial	surface	sel		37			3		"[{""surface"":""SEL"",""occurrences"":35},{""surface"":""Sel"",""occurrences"":2}]"
abbreviation_or_editorial	surface	verb		37			8		"[{""surface"":""verb"",""occurrences"":37}]"
abbreviation_or_editorial	surface	ivpp		36			1		"[{""surface"":""IVPP"",""occurrences"":36}]"
abbreviation_or_editorial	surface	ra		36			30		"[{""surface"":""ra"",""occurrences"":33},{""surface"":""Ra"",""occurrences"":3}]"
abbreviation_or_editorial	surface	hy		35			10		"[{""surface"":""hy"",""occurrences"":27},{""surface"":""Hy"",""occurrences"":8}]"
abbreviation_or_editorial	surface	ms		35			8		"[{""surface"":""Ms"",""occurrences"":19},{""surface"":""ms"",""occurrences"":13},{""surface"":""MS"",""occurrences"":3}]"
abbreviation_or_editorial	surface	on		35			29		"[{""surface"":""on"",""occurrences"":34},{""surface"":""ON"",""occurrences"":1}]"
abbreviation_or_editorial	surface	test		35			15		"[{""surface"":""test"",""occurrences"":35}]"
abbreviation_or_editorial	surface	gr		34			8		"[{""surface"":""GR"",""occurrences"":27},{""surface"":""Gr"",""occurrences"":4},{""surface"":""gr"",""occurrences"":3}]"
abbreviation_or_editorial	surface	ia		34			23		"[{""surface"":""ia"",""occurrences"":28},{""surface"":""Ia"",""occurrences"":6}]"
abbreviation_or_editorial	surface	mun		34			4		"[{""surface"":""mun"",""occurrences"":34}]"
abbreviation_or_editorial	surface	ox		34			1		"[{""surface"":""Ox"",""occurrences"":34}]"
abbreviation_or_editorial	surface	albvcivs		33			6		"[{""surface"":""ALBVCIVS"",""occurrences"":33}]"
abbreviation_or_editorial	surface	ek		33			14		"[{""surface"":""ek"",""occurrences"":30},{""surface"":""Ek"",""occurrences"":3}]"
abbreviation_or_editorial	surface	lect		33			20		"[{""surface"":""lect"",""occurrences"":32},{""surface"":""Lect"",""occurrences"":1}]"
abbreviation_or_editorial	surface	ce		32			23		"[{""surface"":""ce"",""occurrences"":26},{""surface"":""CE"",""occurrences"":4},{""surface"":""Ce"",""occurrences"":2}]"
abbreviation_or_editorial	surface	stich		32			1		"[{""surface"":""STICH"",""occurrences"":32}]"
abbreviation_or_editorial	surface	nt		31			22		"[{""surface"":""nt"",""occurrences"":31}]"
abbreviation_or_editorial	surface	sang		31			3		"[{""surface"":""SANG"",""occurrences"":29},{""surface"":""Sang"",""occurrences"":1},{""surface"":""sang"",""occurrences"":1}]"
abbreviation_or_editorial	surface	arist		30			1		"[{""surface"":""ARIST"",""occurrences"":30}]"
abbreviation_or_editorial	surface	lyco		30			15		"[{""surface"":""Lyco"",""occurrences"":30}]"
abbreviation_or_editorial	surface	gymn		29			1		"[{""surface"":""GYMN"",""occurrences"":29}]"
abbreviation_or_editorial	surface	unc		29			4		"[{""surface"":""unc"",""occurrences"":29}]"
abbreviation_or_editorial	surface	uo		29			8		"[{""surface"":""uo"",""occurrences"":29}]"
abbreviation_or_editorial	surface	andr		28			9		"[{""surface"":""Andr"",""occurrences"":27},{""surface"":""andr"",""occurrences"":1}]"
abbreviation_or_editorial	surface	arellivs		28			6		"[{""surface"":""ARELLIVS"",""occurrences"":28}]"
abbreviation_or_editorial	surface	oc		28			7		"[{""surface"":""Oc"",""occurrences"":19},{""surface"":""oc"",""occurrences"":9}]"
abbreviation_or_editorial	surface	od		28			7		"[{""surface"":""Od"",""occurrences"":19},{""surface"":""od"",""occurrences"":7},{""surface"":""OD"",""occurrences"":2}]"
abbreviation_or_editorial	surface	ppo		28			14		"[{""surface"":""PPO"",""occurrences"":27},{""surface"":""ppo"",""occurrences"":1}]"
abbreviation_or_editorial	surface	serv		28			6		"[{""surface"":""SERV"",""occurrences"":20},{""surface"":""Serv"",""occurrences"":7},{""surface"":""serv"",""occurrences"":1}]"
abbreviation_or_editorial	surface	eph		27			18		"[{""surface"":""Eph"",""occurrences"":26},{""surface"":""eph"",""occurrences"":1}]"
abbreviation_or_editorial	surface	plan		27			1		"[{""surface"":""Plan"",""occurrences"":27}]"
abbreviation_or_editorial	surface	siem		27			14		"[{""surface"":""siem"",""occurrences"":27}]"
abbreviation_or_editorial	surface	clin		26			1		"[{""surface"":""CLIN"",""occurrences"":26}]"
abbreviation_or_editorial	surface	gal		26			15		"[{""surface"":""Gal"",""occurrences"":26}]"
abbreviation_or_editorial	surface	iiij		26			2		"[{""surface"":""iiij"",""occurrences"":26}]"
abbreviation_or_editorial	surface	harp		25			1		"[{""surface"":""HARP"",""occurrences"":25}]"
abbreviation_or_editorial	surface	nupt		25			5		"[{""surface"":""nupt"",""occurrences"":24},{""surface"":""NUPT"",""occurrences"":1}]"
abbreviation_or_editorial	surface	ord		25			19		"[{""surface"":""ORD"",""occurrences"":13},{""surface"":""ord"",""occurrences"":12}]"
abbreviation_or_editorial	surface	cant		24			10		"[{""surface"":""Cant"",""occurrences"":23},{""surface"":""cant"",""occurrences"":1}]"
abbreviation_or_editorial	surface	ds		24			2		"[{""surface"":""DS"",""occurrences"":23},{""surface"":""ds"",""occurrences"":1}]"
abbreviation_or_editorial	surface	pi		24			14		"[{""surface"":""pi"",""occurrences"":12},{""surface"":""PI"",""occurrences"":11},{""surface"":""Pi"",""occurrences"":1}]"
abbreviation_or_editorial	surface	by		23			5		"[{""surface"":""BY"",""occurrences"":17},{""surface"":""by"",""occurrences"":6}]"
abbreviation_or_editorial	surface	exod		23			8		"[{""surface"":""Exod"",""occurrences"":23}]"
abbreviation_or_editorial	surface	gl		23			11		"[{""surface"":""GL"",""occurrences"":20},{""surface"":""gl"",""occurrences"":3}]"
abbreviation_or_editorial	surface	of		23			9		"[{""surface"":""of"",""occurrences"":19},{""surface"":""OF"",""occurrences"":4}]"
abbreviation_or_editorial	surface	strob		23			1		"[{""surface"":""STROB"",""occurrences"":23}]"
abbreviation_or_editorial	surface	cho		22			6		"[{""surface"":""Cho"",""occurrences"":21},{""surface"":""cho"",""occurrences"":1}]"
abbreviation_or_editorial	surface	cyl		22			1		"[{""surface"":""CYL"",""occurrences"":22}]"
abbreviation_or_editorial	surface	fr		22			11		"[{""surface"":""Fr"",""occurrences"":11},{""surface"":""fr"",""occurrences"":10},{""surface"":""FR"",""occurrences"":1}]"
abbreviation_or_editorial	surface	ivni		22			5		"[{""surface"":""IVNI"",""occurrences"":22}]"
abbreviation_or_editorial	surface	neoph		22			1		"[{""surface"":""NEOPH"",""occurrences"":22}]"
abbreviation_or_editorial	surface	not		22			14		"[{""surface"":""not"",""occurrences"":22}]"
abbreviation_or_editorial	surface	syl		22			1		"[{""surface"":""SYL"",""occurrences"":22}]"
abbreviation_or_editorial	surface	aas		21			1		"[{""surface"":""AAS"",""occurrences"":21}]"
abbreviation_or_editorial	surface	eccl		21			10		"[{""surface"":""Eccl"",""occurrences"":14},{""surface"":""eccl"",""occurrences"":7}]"
abbreviation_or_editorial	surface	fest		21			3		"[{""surface"":""Fest"",""occurrences"":18},{""surface"":""FEST"",""occurrences"":3}]"
abbreviation_or_editorial	surface	iu		21			17		"[{""surface"":""iu"",""occurrences"":19},{""surface"":""Iu"",""occurrences"":2}]"
abbreviation_or_editorial	surface	viz		21			2		"[{""surface"":""viz"",""occurrences"":21}]"
abbreviation_or_editorial	surface	agripp		20			1		"[{""surface"":""AGRIPP"",""occurrences"":20}]"
abbreviation_or_editorial	surface	caec		20			2		"[{""surface"":""CAEC"",""occurrences"":19},{""surface"":""Caec"",""occurrences"":1}]"
abbreviation_or_editorial	surface	cas		20			17		"[{""surface"":""cas"",""occurrences"":20}]"
abbreviation_or_editorial	surface	dogm		20			2		"[{""surface"":""dogm"",""occurrences"":20}]"
abbreviation_or_editorial	surface	heb		20			13		"[{""surface"":""Heb"",""occurrences"":20}]"
abbreviation_or_editorial	surface	ityn		20			16		"[{""surface"":""Ityn"",""occurrences"":20}]"
abbreviation_or_editorial	surface	loc		20			7		"[{""surface"":""LOC"",""occurrences"":15},{""surface"":""loc"",""occurrences"":5}]"
abbreviation_or_editorial	surface	pamph		20			1		"[{""surface"":""PAMPH"",""occurrences"":20}]"
abbreviation_or_editorial	surface	matt		19			3		"[{""surface"":""Matt"",""occurrences"":19}]"
abbreviation_or_editorial	surface	trvc		19			1		"[{""surface"":""TRVC"",""occurrences"":19}]"
abbreviation_or_editorial	surface	cro		18			2		"[{""surface"":""CRO"",""occurrences"":16},{""surface"":""Cro"",""occurrences"":1},{""surface"":""cro"",""occurrences"":1}]"
abbreviation_or_editorial	surface	lor		18			2		"[{""surface"":""LOR"",""occurrences"":18}]"
abbreviation_or_editorial	surface	narc		18			1		"[{""surface"":""NARC"",""occurrences"":18}]"
abbreviation_or_editorial	surface	philocr		18			1		"[{""surface"":""PHILOCR"",""occurrences"":18}]"
abbreviation_or_editorial	surface	rc		18			2		"[{""surface"":""rc"",""occurrences"":18}]"
abbreviation_or_editorial	surface	apoc		17			13		"[{""surface"":""Apoc"",""occurrences"":17}]"
abbreviation_or_editorial	surface	clear		17			1		"[{""surface"":""CLEAR"",""occurrences"":17}]"
abbreviation_or_editorial	surface	fu		17			15		"[{""surface"":""fu"",""occurrences"":17}]"
abbreviation_or_editorial	surface	rd		17			2		"[{""surface"":""rd"",""occurrences"":17}]"
abbreviation_or_editorial	surface	vb		17			1		"[{""surface"":""vb"",""occurrences"":17}]"
abbreviation_or_editorial	surface	cu		16			15		"[{""surface"":""cu"",""occurrences"":14},{""surface"":""Cu"",""occurrences"":2}]"
abbreviation_or_editorial	surface	dist		16			7		"[{""surface"":""dist"",""occurrences"":16}]"
abbreviation_or_editorial	surface	hebr		16			12		"[{""surface"":""Hebr"",""occurrences"":16}]"
abbreviation_or_editorial	surface	scil		16			6		"[{""surface"":""scil"",""occurrences"":14},{""surface"":""Scil"",""occurrences"":2}]"
abbreviation_or_editorial	surface	syr		16			2		"[{""surface"":""SYR"",""occurrences"":15},{""surface"":""Syr"",""occurrences"":1}]"
abbreviation_or_editorial	surface	vibivs		16			5		"[{""surface"":""VIBIVS"",""occurrences"":16}]"
abbreviation_or_editorial	surface	xij		16			1		"[{""surface"":""xij"",""occurrences"":16}]"
abbreviation_or_editorial	surface	anthr		15			1		"[{""surface"":""ANTHR"",""occurrences"":15}]"
abbreviation_or_editorial	surface	ecl		15			9		"[{""surface"":""Ecl"",""occurrences"":15}]"
abbreviation_or_editorial	surface	mod		15			1		"[{""surface"":""mod"",""occurrences"":15}]"
abbreviation_or_editorial	surface	nb		15			6		"[{""surface"":""nb"",""occurrences"":14},{""surface"":""Nb"",""occurrences"":1}]"
abbreviation_or_editorial	surface	om		15			12		"[{""surface"":""om"",""occurrences"":14},{""surface"":""Om"",""occurrences"":1}]"
abbreviation_or_editorial	surface	pleb		15			12		"[{""surface"":""pleb"",""occurrences"":12},{""surface"":""PLEB"",""occurrences"":3}]"
abbreviation_or_editorial	surface	sqq		15			6		"[{""surface"":""sqq"",""occurrences"":15}]"
abbreviation_or_editorial	surface	stal		15			2		"[{""surface"":""STAL"",""occurrences"":14},{""surface"":""stal"",""occurrences"":1}]"
abbreviation_or_editorial	surface	un		15			12		"[{""surface"":""un"",""occurrences"":15}]"
abbreviation_or_editorial	surface	chr		14			3		"[{""surface"":""Chr"",""occurrences"":9},{""surface"":""CHR"",""occurrences"":5}]"
abbreviation_or_editorial	surface	diab		14			1		"[{""surface"":""DIAB"",""occurrences"":14}]"
abbreviation_or_editorial	surface	eod		14			4		"[{""surface"":""eod"",""occurrences"":14}]"
abbreviation_or_editorial	surface	eus		14			7		"[{""surface"":""Eus"",""occurrences"":8},{""surface"":""eus"",""occurrences"":6}]"
abbreviation_or_editorial	surface	exc		14			7		"[{""surface"":""exc"",""occurrences"":14}]"
abbreviation_or_editorial	surface	fl		14			12		"[{""surface"":""fl"",""occurrences"":7},{""surface"":""Fl"",""occurrences"":5},{""surface"":""FL"",""occurrences"":1},{""surface"":""ﬂ"",""occurrences"":1}]"
abbreviation_or_editorial	surface	hist		14			7		"[{""surface"":""Hist"",""occurrences"":13},{""surface"":""hist"",""occurrences"":1}]"
abbreviation_or_editorial	surface	inl		14			14		"[{""surface"":""INL"",""occurrences"":13},{""surface"":""inl"",""occurrences"":1}]"
abbreviation_or_editorial	surface	mvrredivs		14			5		"[{""surface"":""MVRREDIVS"",""occurrences"":14}]"
abbreviation_or_editorial	surface	op		14			12		"[{""surface"":""op"",""occurrences"":11},{""surface"":""Op"",""occurrences"":3}]"
abbreviation_or_editorial	surface	staph		14			1		"[{""surface"":""STAPH"",""occurrences"":14}]"
abbreviation_or_editorial	surface	tyr		14			5		"[{""surface"":""TYR"",""occurrences"":10},{""surface"":""Tyr"",""occurrences"":2},{""surface"":""tyr"",""occurrences"":2}]"
abbreviation_or_editorial	surface	exmag		13			13		"[{""surface"":""EXMAG"",""occurrences"":13}]"
abbreviation_or_editorial	surface	exquaest		13			13		"[{""surface"":""EXQUAEST"",""occurrences"":13}]"
abbreviation_or_editorial	surface	fil		13			10		"[{""surface"":""fil"",""occurrences"":12},{""surface"":""Fil"",""occurrences"":1}]"
abbreviation_or_editorial	surface	nig		13			1		"[{""surface"":""NIG"",""occurrences"":13}]"
abbreviation_or_editorial	surface	supr		13			4		"[{""surface"":""supr"",""occurrences"":13}]"
abbreviation_or_editorial	surface	votienvs		13			2		"[{""surface"":""VOTIENVS"",""occurrences"":13}]"
abbreviation_or_editorial	surface	croc		12			1		"[{""surface"":""CROC"",""occurrences"":12}]"
abbreviation_or_editorial	surface	ef		12			9		"[{""surface"":""ef"",""occurrences"":12}]"
abbreviation_or_editorial	surface	esai		12			3		"[{""surface"":""Esai"",""occurrences"":12}]"
abbreviation_or_editorial	surface	herc		12			1		"[{""surface"":""HERC"",""occurrences"":12}]"
abbreviation_or_editorial	surface	ier		12			11		"[{""surface"":""Ier"",""occurrences"":12}]"
abbreviation_or_editorial	surface	lemn		12			2		"[{""surface"":""LEMN"",""occurrences"":11},{""surface"":""Lemn"",""occurrences"":1}]"
abbreviation_or_editorial	surface	mo		12			12		"[{""surface"":""mo"",""occurrences"":11},{""surface"":""Mo"",""occurrences"":1}]"
abbreviation_or_editorial	surface	og		12			5		"[{""surface"":""Og"",""occurrences"":12}]"
abbreviation_or_editorial	surface	sq		12			6		"[{""surface"":""sq"",""occurrences"":11},{""surface"":""sQ"",""occurrences"":1}]"
abbreviation_or_editorial	surface	tantalvs		12			1		"[{""surface"":""TANTALVS"",""occurrences"":12}]"
abbreviation_or_editorial	surface	thyr		12			2		"[{""surface"":""Thyr"",""occurrences"":12}]"
abbreviation_or_editorial	surface	usur		12			4		"[{""surface"":""usur"",""occurrences"":12}]"
abbreviation_or_editorial	surface	aaaa		11			4		"[{""surface"":""aaaa"",""occurrences"":11}]"
abbreviation_or_editorial	surface	abb		11			1		"[{""surface"":""Abb"",""occurrences"":11}]"
abbreviation_or_editorial	surface	aran		11			5		"[{""surface"":""Aran"",""occurrences"":11}]"
abbreviation_or_editorial	surface	ax		11			4		"[{""surface"":""Ax"",""occurrences"":8},{""surface"":""ax"",""occurrences"":3}]"
abbreviation_or_editorial	surface	bacon		11			11		"[{""surface"":""BACON"",""occurrences"":11}]"
abbreviation_or_editorial	surface	den		11			4		"[{""surface"":""den"",""occurrences"":11}]"
abbreviation_or_editorial	surface	don		11			8		"[{""surface"":""don"",""occurrences"":7},{""surface"":""Don"",""occurrences"":4}]"
abbreviation_or_editorial	surface	hug		11			8		"[{""surface"":""Hug"",""occurrences"":11}]"
abbreviation_or_editorial	surface	lagi		11			7		"[{""surface"":""Lagi"",""occurrences"":11}]"
abbreviation_or_editorial	surface	prf		11			1		"[{""surface"":""Prf"",""occurrences"":11}]"
abbreviation_or_editorial	surface	sep		11			6		"[{""surface"":""sep"",""occurrences"":8},{""surface"":""Sep"",""occurrences"":3}]"
abbreviation_or_editorial	surface	sign		11			5		"[{""surface"":""sign"",""occurrences"":11}]"
abbreviation_or_editorial	surface	tigel		11			2		"[{""surface"":""TIGEL"",""occurrences"":11}]"
abbreviation_or_editorial	surface	cen		10			5		"[{""surface"":""CEN"",""occurrences"":7},{""surface"":""cen"",""occurrences"":3}]"
abbreviation_or_editorial	surface	cir		10			6		"[{""surface"":""Cir"",""occurrences"":5},{""surface"":""cir"",""occurrences"":5}]"
abbreviation_or_editorial	surface	cyam		10			1		"[{""surface"":""CYAM"",""occurrences"":10}]"
abbreviation_or_editorial	surface	evclio		10			1		"[{""surface"":""EVCLIO"",""occurrences"":10}]"
abbreviation_or_editorial	surface	frag		10			9		"[{""surface"":""frag"",""occurrences"":10}]"
abbreviation_or_editorial	surface	gran		10			1		"[{""surface"":""GRAN"",""occurrences"":10}]"
abbreviation_or_editorial	surface	ie		10			8		"[{""surface"":""ie"",""occurrences"":7},{""surface"":""IE"",""occurrences"":3}]"
abbreviation_or_editorial	surface	mal		10			9		"[{""surface"":""mal"",""occurrences"":7},{""surface"":""Mal"",""occurrences"":3}]"
abbreviation_or_editorial	surface	mon		10			7		"[{""surface"":""mon"",""occurrences"":8},{""surface"":""Mon"",""occurrences"":2}]"
abbreviation_or_editorial	surface	thel		10			2		"[{""surface"":""Thel"",""occurrences"":10}]"
abbreviation_or_editorial	surface	utr		10			7		"[{""surface"":""utr"",""occurrences"":10}]"
abbreviation_or_editorial	surface	vol		10			5		"[{""surface"":""VOL"",""occurrences"":6},{""surface"":""vol"",""occurrences"":3},{""surface"":""Vol"",""occurrences"":1}]"
abbreviation_or_editorial	surface	argyr		9			1		"[{""surface"":""ARGYR"",""occurrences"":9}]"
abbreviation_or_editorial	surface	arul		9			1		"[{""surface"":""ARUL"",""occurrences"":9}]"
abbreviation_or_editorial	surface	cat		9			9		"[{""surface"":""Cat"",""occurrences"":5},{""surface"":""cat"",""occurrences"":4}]"
abbreviation_or_editorial	surface	fin		9			7		"[{""surface"":""fin"",""occurrences"":8},{""surface"":""Fin"",""occurrences"":1}]"
abbreviation_or_editorial	surface	hw		9			6		"[{""surface"":""hw"",""occurrences"":9}]"
abbreviation_or_editorial	surface	inf		9			7		"[{""surface"":""inf"",""occurrences"":8},{""surface"":""Inf"",""occurrences"":1}]"
abbreviation_or_editorial	surface	lt		9			4		"[{""surface"":""lt"",""occurrences"":9}]"
abbreviation_or_editorial	surface	mirandulensis		9			9		"[{""surface"":""MIRANDULENSIS"",""occurrences"":9}]"
abbreviation_or_editorial	surface	mn		9			2		"[{""surface"":""MN"",""occurrences"":8},{""surface"":""mn"",""occurrences"":1}]"
abbreviation_or_editorial	surface	musi		9			3		"[{""surface"":""Musi"",""occurrences"":9}]"
abbreviation_or_editorial	surface	pag		9			5		"[{""surface"":""pag"",""occurrences"":8},{""surface"":""Pag"",""occurrences"":1}]"
abbreviation_or_editorial	surface	past		9			1		"[{""surface"":""past"",""occurrences"":9}]"
abbreviation_or_editorial	surface	port		9			4		"[{""surface"":""port"",""occurrences"":8},{""surface"":""Port"",""occurrences"":1}]"
abbreviation_or_editorial	surface	thra		9			1		"[{""surface"":""THRA"",""occurrences"":9}]"
abbreviation_or_editorial	surface	ult		9			8		"[{""surface"":""ult"",""occurrences"":9}]"
abbreviation_or_editorial	surface	wn		9			3		"[{""surface"":""wn"",""occurrences"":9}]"
abbreviation_or_editorial	surface	damn		8			1		"[{""surface"":""damn"",""occurrences"":8}]"
abbreviation_or_editorial	surface	daph		8			2		"[{""surface"":""Daph"",""occurrences"":8}]"
abbreviation_or_editorial	surface	enac		8			3		"[{""surface"":""Enac"",""occurrences"":8}]"
abbreviation_or_editorial	surface	fab		8			4		"[{""surface"":""Fab"",""occurrences"":6},{""surface"":""fab"",""occurrences"":2}]"
abbreviation_or_editorial	surface	gt		8			2		"[{""surface"":""gt"",""occurrences"":8}]"
abbreviation_or_editorial	surface	haterivs		8			5		"[{""surface"":""HATERIVS"",""occurrences"":8}]"
abbreviation_or_editorial	surface	ign		8			2		"[{""surface"":""ign"",""occurrences"":8}]"
abbreviation_or_editorial	surface	ioc		8			1		"[{""surface"":""Ioc"",""occurrences"":8}]"
abbreviation_or_editorial	surface	lvcr		8			1		"[{""surface"":""Lvcr"",""occurrences"":8}]"
abbreviation_or_editorial	surface	menaechmvs		8			1		"[{""surface"":""MENAECHMVS"",""occurrences"":8}]"
abbreviation_or_editorial	surface	mur		8			7		"[{""surface"":""mur"",""occurrences"":7},{""surface"":""MUR"",""occurrences"":1}]"
abbreviation_or_editorial	surface	opt		8			5		"[{""surface"":""Opt"",""occurrences"":4},{""surface"":""opt"",""occurrences"":4}]"
abbreviation_or_editorial	surface	pall		8			4		"[{""surface"":""pall"",""occurrences"":4},{""surface"":""PALL"",""occurrences"":3},{""surface"":""Pall"",""occurrences"":1}]"
abbreviation_or_editorial	surface	prox		8			4		"[{""surface"":""prox"",""occurrences"":7},{""surface"":""proX"",""occurrences"":1}]"
abbreviation_or_editorial	surface	rr		8			1		"[{""surface"":""rr"",""occurrences"":8}]"
abbreviation_or_editorial	surface	rx		8			1		"[{""surface"":""rx"",""occurrences"":6},{""surface"":""rX"",""occurrences"":2}]"
abbreviation_or_editorial	surface	tranqvillvi		8			8		"[{""surface"":""TRANQVILLVI"",""occurrences"":8}]"
abbreviation_or_editorial	surface	aw		7			6		"[{""surface"":""aw"",""occurrences"":7}]"
abbreviation_or_editorial	surface	carystivs		7			4		"[{""surface"":""CARYSTIVS"",""occurrences"":7}]"
abbreviation_or_editorial	surface	cent		7			5		"[{""surface"":""cent"",""occurrences"":4},{""surface"":""CENT"",""occurrences"":3}]"
abbreviation_or_editorial	surface	enan		7			1		"[{""surface"":""Enan"",""occurrences"":7}]"
abbreviation_or_editorial	surface	epp		7			3		"[{""surface"":""epp"",""occurrences"":5},{""surface"":""EPP"",""occurrences"":1},{""surface"":""Epp"",""occurrences"":1}]"
abbreviation_or_editorial	surface	ga		7			4		"[{""surface"":""ga"",""occurrences"":7}]"
abbreviation_or_editorial	surface	gidd		7			1		"[{""surface"":""GIDD"",""occurrences"":7}]"
abbreviation_or_editorial	surface	jer		7			5		"[{""surface"":""Jer"",""occurrences"":7}]"
abbreviation_or_editorial	surface	joel		7			6		"[{""surface"":""Joel"",""occurrences"":7}]"
abbreviation_or_editorial	surface	ns		7			6		"[{""surface"":""ns"",""occurrences"":7}]"
abbreviation_or_editorial	surface	passienvs		7			2		"[{""surface"":""PASSIENVS"",""occurrences"":7}]"
abbreviation_or_editorial	surface	patr		7			6		"[{""surface"":""patr"",""occurrences"":7}]"
abbreviation_or_editorial	surface	pedantius		7			1		"[{""surface"":""PEDANTIUS"",""occurrences"":7}]"
abbreviation_or_editorial	surface	rm		7			1		"[{""surface"":""rm"",""occurrences"":5},{""surface"":""Rm"",""occurrences"":2}]"
abbreviation_or_editorial	surface	tert		7			3		"[{""surface"":""tert"",""occurrences"":7}]"
abbreviation_or_editorial	surface	tob		7			5		"[{""surface"":""Tob"",""occurrences"":7}]"
abbreviation_or_editorial	surface	xa		7			6		"[{""surface"":""xa"",""occurrences"":5},{""surface"":""Xa"",""occurrences"":2}]"
abbreviation_or_editorial	surface	xn		7			1		"[{""surface"":""xn"",""occurrences"":7}]"
abbreviation_or_editorial	surface	asel		6			1		"[{""surface"":""Asel"",""occurrences"":6}]"
abbreviation_or_editorial	surface	atur		6			6		"[{""surface"":""atur"",""occurrences"":6}]"
abbreviation_or_editorial	surface	cet		6			5		"[{""surface"":""cet"",""occurrences"":6}]"
abbreviation_or_editorial	surface	clar		6			3		"[{""surface"":""clar"",""occurrences"":4},{""surface"":""Clar"",""occurrences"":2}]"
abbreviation_or_editorial	surface	decr		6			1		"[{""surface"":""Decr"",""occurrences"":6}]"
abbreviation_or_editorial	surface	evctemon		6			4		"[{""surface"":""EVCTEMON"",""occurrences"":6}]"
abbreviation_or_editorial	surface	fei		6			3		"[{""surface"":""fei"",""occurrences"":6}]"
abbreviation_or_editorial	surface	gell		6			2		"[{""surface"":""Gell"",""occurrences"":6}]"
abbreviation_or_editorial	surface	guil		6			2		"[{""surface"":""Guil"",""occurrences"":6}]"
abbreviation_or_editorial	surface	idib		6			6		"[{""surface"":""Idib"",""occurrences"":4},{""surface"":""idib"",""occurrences"":2}]"
abbreviation_or_editorial	surface	mach		6			3		"[{""surface"":""Mach"",""occurrences"":6}]"
abbreviation_or_editorial	surface	mer		6			5		"[{""surface"":""mer"",""occurrences"":5},{""surface"":""Mer"",""occurrences"":1}]"
abbreviation_or_editorial	surface	naz		6			1		"[{""surface"":""NAZ"",""occurrences"":6}]"
abbreviation_or_editorial	surface	ovid		6			5		"[{""surface"":""Ovid"",""occurrences"":4},{""surface"":""OVID"",""occurrences"":2}]"
abbreviation_or_editorial	surface	pt		6			4		"[{""surface"":""Pt"",""occurrences"":4},{""surface"":""pt"",""occurrences"":2}]"
abbreviation_or_editorial	surface	ptol		6			1		"[{""surface"":""PTOL"",""occurrences"":6}]"
abbreviation_or_editorial	surface	serm		6			4		"[{""surface"":""Serm"",""occurrences"":5},{""surface"":""serm"",""occurrences"":1}]"
abbreviation_or_editorial	surface	sig		6			4		"[{""surface"":""sig"",""occurrences"":6}]"
abbreviation_or_editorial	surface	sige		6			3		"[{""surface"":""Sige"",""occurrences"":5},{""surface"":""SIGE"",""occurrences"":1}]"
abbreviation_or_editorial	surface	toxilvs		6			1		"[{""surface"":""TOXILVS"",""occurrences"":6}]"
abbreviation_or_editorial	surface	umb		6			1		"[{""surface"":""UMB"",""occurrences"":6}]"
abbreviation_or_editorial	surface	vn		6			2		"[{""surface"":""vn"",""occurrences"":6}]"
abbreviation_or_editorial	surface	ziza		6			3		"[{""surface"":""Ziza"",""occurrences"":6}]"
abbreviation_or_editorial	surface	af		5			5		"[{""surface"":""af"",""occurrences"":4},{""surface"":""Af"",""occurrences"":1}]"
abbreviation_or_editorial	surface	anim		5			4		"[{""surface"":""anim"",""occurrences"":4},{""surface"":""Anim"",""occurrences"":1}]"
abbreviation_or_editorial	surface	arb		5			3		"[{""surface"":""arb"",""occurrences"":5}]"
abbreviation_or_editorial	surface	astaphivm		5			1		"[{""surface"":""ASTAPHIVM"",""occurrences"":5}]"
abbreviation_or_editorial	surface	auct		5			3		"[{""surface"":""auct"",""occurrences"":5}]"
abbreviation_or_editorial	surface	dordalvs		5			1		"[{""surface"":""DORDALVS"",""occurrences"":5}]"
abbreviation_or_editorial	surface	dromodotus		5			1		"[{""surface"":""DROMODOTUS"",""occurrences"":5}]"
abbreviation_or_editorial	surface	duab		5			2		"[{""surface"":""duab"",""occurrences"":5}]"
abbreviation_or_editorial	surface	duel		5			1		"[{""surface"":""Duel"",""occurrences"":5}]"
abbreviation_or_editorial	surface	epidicvs		5			1		"[{""surface"":""EPIDICVS"",""occurrences"":5}]"
abbreviation_or_editorial	surface	evmolpvs		5			1		"[{""surface"":""EVMOLPVS"",""occurrences"":5}]"
abbreviation_or_editorial	surface	evtychvs		5			1		"[{""surface"":""EVTYCHVS"",""occurrences"":5}]"
abbreviation_or_editorial	surface	ezri		5			3		"[{""surface"":""Ezri"",""occurrences"":5}]"
abbreviation_or_editorial	surface	fol		5			4		"[{""surface"":""fol"",""occurrences"":4},{""surface"":""Fol"",""occurrences"":1}]"
abbreviation_or_editorial	surface	font		5			3		"[{""surface"":""FONT"",""occurrences"":3},{""surface"":""font"",""occurrences"":2}]"
abbreviation_or_editorial	surface	gaas		5			5		"[{""surface"":""Gaas"",""occurrences"":4},{""surface"":""gaas"",""occurrences"":1}]"
abbreviation_or_editorial	surface	gargonivs		5			4		"[{""surface"":""GARGONIVS"",""occurrences"":5}]"
abbreviation_or_editorial	surface	gavivs		5			2		"[{""surface"":""GAVIVS"",""occurrences"":5}]"
abbreviation_or_editorial	surface	gi		5			5		"[{""surface"":""gi"",""occurrences"":4},{""surface"":""Gi"",""occurrences"":1}]"
abbreviation_or_editorial	surface	ib		5			5		"[{""surface"":""ib"",""occurrences"":4},{""surface"":""IB"",""occurrences"":1}]"
abbreviation_or_editorial	surface	iei		5			3		"[{""surface"":""iei"",""occurrences"":5}]"
abbreviation_or_editorial	surface	ig		5			5		"[{""surface"":""ig"",""occurrences"":5}]"
abbreviation_or_editorial	surface	iur		5			3		"[{""surface"":""iur"",""occurrences"":5}]"
abbreviation_or_editorial	surface	ke		5			3		"[{""surface"":""ke"",""occurrences"":5}]"
abbreviation_or_editorial	surface	laconic		5			1		"[{""surface"":""LACONIC"",""occurrences"":5}]"
abbreviation_or_editorial	surface	lycvs		5			1		"[{""surface"":""LYCVS"",""occurrences"":5}]"
abbreviation_or_editorial	surface	lysimachvs		5			1		"[{""surface"":""LYSIMACHVS"",""occurrences"":5}]"
abbreviation_or_editorial	surface	prim		5			2		"[{""surface"":""prim"",""occurrences"":5}]"
abbreviation_or_editorial	surface	sai		5			5		"[{""surface"":""sai"",""occurrences"":4},{""surface"":""Sai"",""occurrences"":1}]"
abbreviation_or_editorial	surface	seru		5			1		"[{""surface"":""Seru"",""occurrences"":5}]"
abbreviation_or_editorial	surface	strobilvs		5			1		"[{""surface"":""STROBILVS"",""occurrences"":5}]"
abbreviation_or_editorial	surface	tac		5			5		"[{""surface"":""tac"",""occurrences"":5}]"
abbreviation_or_editorial	surface	tel		5			1		"[{""surface"":""TEL"",""occurrences"":5}]"
abbreviation_or_editorial	surface	ul		5			5		"[{""surface"":""ul"",""occurrences"":5}]"
abbreviation_or_editorial	surface	uu		5			1		"[{""surface"":""uu"",""occurrences"":5}]"
abbreviation_or_editorial	surface	xj		5			2		"[{""surface"":""xj"",""occurrences"":5}]"
abbreviation_or_editorial	surface	zach		5			4		"[{""surface"":""Zach"",""occurrences"":5}]"
abbreviation_or_editorial	surface	abbr		4			2		"[{""surface"":""abbr"",""occurrences"":4}]"
abbreviation_or_editorial	surface	adaevs		4			2		"[{""surface"":""ADAEVS"",""occurrences"":4}]"
abbreviation_or_editorial	surface	alco		4			3		"[{""surface"":""Alco"",""occurrences"":4}]"
abbreviation_or_editorial	surface	alcuin		4			4		"[{""surface"":""ALCUIN"",""occurrences"":4}]"
abbreviation_or_editorial	surface	atax		4			4		"[{""surface"":""Atax"",""occurrences"":4}]"
abbreviation_or_editorial	surface	bletus		4			1		"[{""surface"":""BLETUS"",""occurrences"":4}]"
abbreviation_or_editorial	surface	cac		4			1		"[{""surface"":""CAC"",""occurrences"":4}]"
abbreviation_or_editorial	surface	carm		4			3		"[{""surface"":""Carm"",""occurrences"":4}]"
abbreviation_or_editorial	surface	circ		4			3		"[{""surface"":""circ"",""occurrences"":4}]"
abbreviation_or_editorial	surface	codd		4			3		"[{""surface"":""Codd"",""occurrences"":2},{""surface"":""codd"",""occurrences"":2}]"
abbreviation_or_editorial	surface	doct		4			3		"[{""surface"":""doct"",""occurrences"":2},{""surface"":""DOCT"",""occurrences"":1},{""surface"":""Doct"",""occurrences"":1}]"
abbreviation_or_editorial	surface	dt		4			1		"[{""surface"":""dT"",""occurrences"":4}]"
abbreviation_or_editorial	surface	echaston		4			1		"[{""surface"":""ECHASTON"",""occurrences"":4}]"
abbreviation_or_editorial	surface	emoi		4			4		"[{""surface"":""emoi"",""occurrences"":4}]"
abbreviation_or_editorial	surface	enn		4			2		"[{""surface"":""Enn"",""occurrences"":4}]"
abbreviation_or_editorial	surface	ez		4			2		"[{""surface"":""Ez"",""occurrences"":4}]"
abbreviation_or_editorial	surface	hom		4			4		"[{""surface"":""hom"",""occurrences"":3},{""surface"":""Hom"",""occurrences"":1}]"
abbreviation_or_editorial	surface	inst		4			4		"[{""surface"":""inst"",""occurrences"":3},{""surface"":""Inst"",""occurrences"":1}]"
abbreviation_or_editorial	surface	ip		4			4		"[{""surface"":""ip"",""occurrences"":4}]"
abbreviation_or_editorial	surface	itys		4			3		"[{""surface"":""Itys"",""occurrences"":4}]"
abbreviation_or_editorial	surface	ka		4			3		"[{""surface"":""ka"",""occurrences"":4}]"
abbreviation_or_editorial	surface	lai		4			4		"[{""surface"":""Lai"",""occurrences"":4}]"
abbreviation_or_editorial	surface	laud		4			3		"[{""surface"":""Laud"",""occurrences"":2},{""surface"":""laud"",""occurrences"":2}]"
abbreviation_or_editorial	surface	lesbonicvs		4			1		"[{""surface"":""LESBONICVS"",""occurrences"":4}]"
abbreviation_or_editorial	surface	matr		4			4		"[{""surface"":""matr"",""occurrences"":3},{""surface"":""MATR"",""occurrences"":1}]"
abbreviation_or_editorial	surface	megalensibvs		4			4		"[{""surface"":""MEGALENSIBVS"",""occurrences"":4}]"
abbreviation_or_editorial	surface	melan		4			3		"[{""surface"":""MELAN"",""occurrences"":4}]"
abbreviation_or_editorial	surface	menandrv		4			4		"[{""surface"":""MENANDRV"",""occurrences"":4}]"
abbreviation_or_editorial	surface	nape		4			3		"[{""surface"":""Nape"",""occurrences"":4}]"
abbreviation_or_editorial	surface	nc		4			4		"[{""surface"":""nc"",""occurrences"":4}]"
abbreviation_or_editorial	surface	nion		4			3		"[{""surface"":""nion"",""occurrences"":4}]"
abbreviation_or_editorial	surface	nti		4			4		"[{""surface"":""nti"",""occurrences"":4}]"
abbreviation_or_editorial	surface	oil		4			1		"[{""surface"":""oil"",""occurrences"":4}]"
abbreviation_or_editorial	surface	pei		4			2		"[{""surface"":""pei"",""occurrences"":4}]"
abbreviation_or_editorial	surface	pers		4			3		"[{""surface"":""Pers"",""occurrences"":3},{""surface"":""pers"",""occurrences"":1}]"
abbreviation_or_editorial	surface	psevdolvs		4			1		"[{""surface"":""PSEVDOLVS"",""occurrences"":4}]"
abbreviation_or_editorial	surface	pub		4			4		"[{""surface"":""pub"",""occurrences"":4}]"
abbreviation_or_editorial	surface	qs		4			1		"[{""surface"":""Qs"",""occurrences"":2},{""surface"":""qs"",""occurrences"":2}]"
abbreviation_or_editorial	surface	saenianvs		4			4		"[{""surface"":""SAENIANVS"",""occurrences"":4}]"
abbreviation_or_editorial	surface	sugchrupsai		4			1		"[{""surface"":""SUGCHRUPSAI"",""occurrences"":4}]"
abbreviation_or_editorial	surface	sup		4			4		"[{""surface"":""sup"",""occurrences"":3},{""surface"":""Sup"",""occurrences"":1}]"
abbreviation_or_editorial	surface	suschiasai		4			1		"[{""surface"":""SUSCHIASAI"",""occurrences"":4}]"
abbreviation_or_editorial	surface	technon		4			3		"[{""surface"":""TECHNON"",""occurrences"":4}]"
abbreviation_or_editorial	surface	thesprio		4			1		"[{""surface"":""THESPRIO"",""occurrences"":4}]"
abbreviation_or_editorial	surface	vinicivs		4			4		"[{""surface"":""VINICIVS"",""occurrences"":4}]"
abbreviation_or_editorial	surface	vot		4			2		"[{""surface"":""vot"",""occurrences"":4}]"
abbreviation_or_editorial	surface	xr		4			2		"[{""surface"":""xr"",""occurrences"":3},{""surface"":""Xr"",""occurrences"":1}]"
abbreviation_or_editorial	surface	aebvtivm		3			3		"[{""surface"":""AEBVTIVM"",""occurrences"":3}]"
abbreviation_or_editorial	surface	antifrasin		3			2		"[{""surface"":""ANTIFRASIN"",""occurrences"":3}]"
abbreviation_or_editorial	surface	apvlei		3			3		"[{""surface"":""APVLEI"",""occurrences"":3}]"
abbreviation_or_editorial	surface	argyrippvs		3			1		"[{""surface"":""ARGYRIPPVS"",""occurrences"":3}]"
abbreviation_or_editorial	surface	arus		3			1		"[{""surface"":""Arus"",""occurrences"":3}]"
abbreviation_or_editorial	surface	augg		3			3		"[{""surface"":""augg"",""occurrences"":2},{""surface"":""Augg"",""occurrences"":1}]"
abbreviation_or_editorial	surface	avrelii		3			2		"[{""surface"":""AVRELII"",""occurrences"":3}]"
abbreviation_or_editorial	surface	ay		3			3		"[{""surface"":""Ay"",""occurrences"":3}]"
abbreviation_or_editorial	surface	bapt		3			3		"[{""surface"":""bapt"",""occurrences"":2},{""surface"":""Bapt"",""occurrences"":1}]"
abbreviation_or_editorial	surface	batthianii		3			1		"[{""surface"":""BATTHIANII"",""occurrences"":3}]"
abbreviation_or_editorial	surface	bb		3			2		"[{""surface"":""BB"",""occurrences"":2},{""surface"":""bb"",""occurrences"":1}]"
abbreviation_or_editorial	surface	berolinensium		3			1		"[{""surface"":""BEROLINENSIUM"",""occurrences"":3}]"
abbreviation_or_editorial	surface	bleph		3			1		"[{""surface"":""BLEPH"",""occurrences"":3}]"
abbreviation_or_editorial	surface	brachus		3			2		"[{""surface"":""BRACHUS"",""occurrences"":3}]"
abbreviation_or_editorial	surface	buz		3			3		"[{""surface"":""Buz"",""occurrences"":3}]"
abbreviation_or_editorial	surface	cg		3			1		"[{""surface"":""CG"",""occurrences"":3}]"
abbreviation_or_editorial	surface	cholen		3			1		"[{""surface"":""CHOLEN"",""occurrences"":3}]"
abbreviation_or_editorial	surface	chrysalvs		3			1		"[{""surface"":""CHRYSALVS"",""occurrences"":3}]"
abbreviation_or_editorial	surface	cist		3			2		"[{""surface"":""cist"",""occurrences"":2},{""surface"":""Cist"",""occurrences"":1}]"
abbreviation_or_editorial	surface	cra		3			1		"[{""surface"":""Cra"",""occurrences"":3}]"
abbreviation_or_editorial	surface	ctor		3			3		"[{""surface"":""ctor"",""occurrences"":3}]"
abbreviation_or_editorial	surface	dieu		3			1		"[{""surface"":""Dieu"",""occurrences"":3}]"
abbreviation_or_editorial	surface	diniarchvs		3			1		"[{""surface"":""DINIARCHVS"",""occurrences"":3}]"
abbreviation_or_editorial	surface	dol		3			3		"[{""surface"":""dol"",""occurrences"":3}]"
abbreviation_or_editorial	surface	eie		3			3		"[{""surface"":""eie"",""occurrences"":2},{""surface"":""Eie"",""occurrences"":1}]"
abbreviation_or_editorial	surface	epa		3			1		"[{""surface"":""EPA"",""occurrences"":3}]"
abbreviation_or_editorial	surface	epic		3			1		"[{""surface"":""EPIC"",""occurrences"":3}]"
abbreviation_or_editorial	surface	epitaphum		3			1		"[{""surface"":""EPITAPHUM"",""occurrences"":3}]"
abbreviation_or_editorial	surface	erotivm		3			1		"[{""surface"":""EROTIVM"",""occurrences"":3}]"
abbreviation_or_editorial	surface	euan		3			2		"[{""surface"":""Euan"",""occurrences"":3}]"
abbreviation_or_editorial	surface	evnomia		3			1		"[{""surface"":""EVNOMIA"",""occurrences"":3}]"
abbreviation_or_editorial	surface	fagein		3			3		"[{""surface"":""FAGEIN"",""occurrences"":3}]"
abbreviation_or_editorial	surface	feam		3			1		"[{""surface"":""feam"",""occurrences"":3}]"
abbreviation_or_editorial	surface	fort		3			2		"[{""surface"":""Fort"",""occurrences"":2},{""surface"":""fort"",""occurrences"":1}]"
abbreviation_or_editorial	surface	gabi		3			3		"[{""surface"":""Gabi"",""occurrences"":3}]"
abbreviation_or_editorial	surface	geog		3			1		"[{""surface"":""Geog"",""occurrences"":3}]"
abbreviation_or_editorial	surface	gh		3			2		"[{""surface"":""gh"",""occurrences"":3}]"
abbreviation_or_editorial	surface	gio		3			3		"[{""surface"":""gio"",""occurrences"":2},{""surface"":""Gio"",""occurrences"":1}]"
abbreviation_or_editorial	surface	gorg		3			1		"[{""surface"":""GORG"",""occurrences"":3}]"
abbreviation_or_editorial	surface	hebd		3			3		"[{""surface"":""hebd"",""occurrences"":3}]"
abbreviation_or_editorial	surface	heidelborgae		3			1		"[{""surface"":""HEIDELBORGAE"",""occurrences"":3}]"
abbreviation_or_editorial	surface	johann		3			3		"[{""surface"":""JOHANN"",""occurrences"":3}]"
abbreviation_or_editorial	surface	ko		3			3		"[{""surface"":""ko"",""occurrences"":2},{""surface"":""KO"",""occurrences"":1}]"
abbreviation_or_editorial	surface	kuon		3			1		"[{""surface"":""KUON"",""occurrences"":3}]"
abbreviation_or_editorial	surface	lagos		3			1		"[{""surface"":""LAGOS"",""occurrences"":3}]"
abbreviation_or_editorial	surface	lamo		3			3		"[{""surface"":""Lamo"",""occurrences"":3}]"
abbreviation_or_editorial	surface	lantonianis		3			1		"[{""surface"":""LANTONIANIS"",""occurrences"":3}]"
abbreviation_or_editorial	surface	legg		3			1		"[{""surface"":""Legg"",""occurrences"":3}]"
abbreviation_or_editorial	surface	libr		3			3		"[{""surface"":""libr"",""occurrences"":3}]"
abbreviation_or_editorial	surface	lius		3			3		"[{""surface"":""lius"",""occurrences"":3}]"
abbreviation_or_editorial	surface	lol		3			1		"[{""surface"":""LOL"",""occurrences"":3}]"
abbreviation_or_editorial	surface	lucr		3			2		"[{""surface"":""Lucr"",""occurrences"":3}]"
abbreviation_or_editorial	surface	lydvs		3			1		"[{""surface"":""LYDVS"",""occurrences"":3}]"
abbreviation_or_editorial	surface	megadorvs		3			1		"[{""surface"":""MEGADORVS"",""occurrences"":3}]"
abbreviation_or_editorial	surface	melanchthon		3			3		"[{""surface"":""MELANCHTHON"",""occurrences"":3}]"
abbreviation_or_editorial	surface	meza		3			2		"[{""surface"":""Meza"",""occurrences"":3}]"
abbreviation_or_editorial	surface	miss		3			2		"[{""surface"":""miss"",""occurrences"":3}]"
abbreviation_or_editorial	surface	mnesilochvs		3			1		"[{""surface"":""MNESILOCHVS"",""occurrences"":3}]"
abbreviation_or_editorial	surface	most		3			3		"[{""surface"":""Most"",""occurrences"":3}]"
abbreviation_or_editorial	surface	napieram		3			1		"[{""surface"":""NAPIERAM"",""occurrences"":3}]"
abbreviation_or_editorial	surface	napoleonis		3			1		"[{""surface"":""NAPOLEONIS"",""occurrences"":3}]"
abbreviation_or_editorial	surface	naxi		3			2		"[{""surface"":""Naxi"",""occurrences"":3}]"
abbreviation_or_editorial	surface	neut		3			1		"[{""surface"":""neut"",""occurrences"":3}]"
abbreviation_or_editorial	surface	nobb		3			3		"[{""surface"":""nobb"",""occurrences"":3}]"
abbreviation_or_editorial	surface	nost		3			3		"[{""surface"":""nost"",""occurrences"":3}]"
abbreviation_or_editorial	surface	nr		3			2		"[{""surface"":""nr"",""occurrences"":3}]"
abbreviation_or_editorial	surface	ntvn		3			3		"[{""surface"":""ntvn"",""occurrences"":3}]"
abbreviation_or_editorial	surface	onss		3			1		"[{""surface"":""onss"",""occurrences"":3}]"
abbreviation_or_editorial	surface	oxeia		3			3		"[{""surface"":""OXEIA"",""occurrences"":3}]"
abbreviation_or_editorial	surface	paian		3			1		"[{""surface"":""PAIAN"",""occurrences"":3}]"
abbreviation_or_editorial	surface	pallein		3			2		"[{""surface"":""PALLEIN"",""occurrences"":3}]"
abbreviation_or_editorial	surface	part		3			3		"[{""surface"":""part"",""occurrences"":2},{""surface"":""Part"",""occurrences"":1}]"
abbreviation_or_editorial	surface	perf		3			1		"[{""surface"":""perf"",""occurrences"":3}]"
abbreviation_or_editorial	surface	phronesivm		3			1		"[{""surface"":""PHRONESIVM"",""occurrences"":3}]"
abbreviation_or_editorial	surface	plesidippvs		3			1		"[{""surface"":""PLESIDIPPVS"",""occurrences"":3}]"
abbreviation_or_editorial	surface	poss		3			2		"[{""surface"":""poss"",""occurrences"":3}]"
abbreviation_or_editorial	surface	priv		3			3		"[{""surface"":""priv"",""occurrences"":3}]"
abbreviation_or_editorial	surface	qe		3			2		"[{""surface"":""qe"",""occurrences"":3}]"
abbreviation_or_editorial	surface	qual		3			3		"[{""surface"":""qual"",""occurrences"":3}]"
abbreviation_or_editorial	surface	rest		3			3		"[{""surface"":""rest"",""occurrences"":3}]"
abbreviation_or_editorial	surface	rull		3			1		"[{""surface"":""Rull"",""occurrences"":3}]"
abbreviation_or_editorial	surface	rvllvm		3			3		"[{""surface"":""RVLLVM"",""occurrences"":3}]"
abbreviation_or_editorial	surface	saus		3			1		"[{""surface"":""Saus"",""occurrences"":3}]"
abbreviation_or_editorial	surface	savagium		3			1		"[{""surface"":""SAVAGIUM"",""occurrences"":3}]"
abbreviation_or_editorial	surface	scytham		3			1		"[{""surface"":""SCYTHAM"",""occurrences"":3}]"
abbreviation_or_editorial	surface	sepulvedam		3			1		"[{""surface"":""SEPULVEDAM"",""occurrences"":3}]"
abbreviation_or_editorial	surface	silv		3			1		"[{""surface"":""SILV"",""occurrences"":3}]"
abbreviation_or_editorial	surface	stuartum		3			1		"[{""surface"":""STUARTUM"",""occurrences"":3}]"
abbreviation_or_editorial	surface	syme		3			3		"[{""surface"":""Syme"",""occurrences"":3}]"
abbreviation_or_editorial	surface	tadi		3			1		"[{""surface"":""Tadi"",""occurrences"":3}]"
abbreviation_or_editorial	surface	temp		3			3		"[{""surface"":""temp"",""occurrences"":3}]"
abbreviation_or_editorial	surface	text		3			3		"[{""surface"":""text"",""occurrences"":2},{""surface"":""Text"",""occurrences"":1}]"
abbreviation_or_editorial	surface	theb		3			3		"[{""surface"":""Theb"",""occurrences"":3}]"
abbreviation_or_editorial	surface	thes		3			3		"[{""surface"":""THES"",""occurrences"":1},{""surface"":""Thes"",""occurrences"":1},{""surface"":""thes"",""occurrences"":1}]"
abbreviation_or_editorial	surface	thylesium		3			1		"[{""surface"":""THYLESIUM"",""occurrences"":3}]"
abbreviation_or_editorial	surface	trag		3			3		"[{""surface"":""trag"",""occurrences"":3}]"
abbreviation_or_editorial	surface	tuches		3			3		"[{""surface"":""TUCHES"",""occurrences"":3}]"
abbreviation_or_editorial	surface	tyde		3			3		"[{""surface"":""Tyde"",""occurrences"":3}]"
abbreviation_or_editorial	surface	tyndarvs		3			1		"[{""surface"":""TYNDARVS"",""occurrences"":3}]"
abbreviation_or_editorial	surface	tyrophagus		3			1		"[{""surface"":""TYROPHAGUS"",""occurrences"":3}]"
abbreviation_or_editorial	surface	ub		3			3		"[{""surface"":""ub"",""occurrences"":3}]"
abbreviation_or_editorial	surface	ust		3			3		"[{""surface"":""ust"",""occurrences"":3}]"
abbreviation_or_editorial	surface	val		3			3		"[{""surface"":""Val"",""occurrences"":2},{""surface"":""val"",""occurrences"":1}]"
abbreviation_or_editorial	surface	vallivs		3			2		"[{""surface"":""VALLIVS"",""occurrences"":3}]"
abbreviation_or_editorial	surface	vatz		3			1		"[{""surface"":""Vatz"",""occurrences"":3}]"
abbreviation_or_editorial	surface	vip		3			1		"[{""surface"":""VIP"",""occurrences"":3}]"
abbreviation_or_editorial	surface	withof		3			3		"[{""surface"":""WITHOF"",""occurrences"":3}]"
abbreviation_or_editorial	surface	xe		3			3		"[{""surface"":""xe"",""occurrences"":3}]"
abbreviation_or_editorial	surface	ye		3			3		"[{""surface"":""ye"",""occurrences"":3}]"
abbreviation_or_editorial	surface	ys		3			2		"[{""surface"":""ys"",""occurrences"":3}]"
abbreviation_or_editorial	surface	abcdefghiklmnopqrstuxyz		2			1		"[{""surface"":""ABCDEFGHIKLMNOPQRSTUXYZ"",""occurrences"":2}]"
abbreviation_or_editorial	surface	adelphasivm		2			1		"[{""surface"":""ADELPHASIVM"",""occurrences"":2}]"
abbreviation_or_editorial	surface	adua		2			2		"[{""surface"":""Adua"",""occurrences"":2}]"
abbreviation_or_editorial	surface	afroditen		2			1		"[{""surface"":""AFRODITEN"",""occurrences"":2}]"
abbreviation_or_editorial	surface	alcesimarchvs		2			1		"[{""surface"":""ALCESIMARCHVS"",""occurrences"":2}]"
abbreviation_or_editorial	surface	amartemata		2			1		"[{""surface"":""AMARTEMATA"",""occurrences"":2}]"
abbreviation_or_editorial	surface	amb		2			1		"[{""surface"":""amb"",""occurrences"":2}]"
abbreviation_or_editorial	surface	anairoumenon		2			1		"[{""surface"":""ANAIROUMENON"",""occurrences"":2}]"
abbreviation_or_editorial	surface	antarktikos		2			2		"[{""surface"":""ANTARKTIKOS"",""occurrences"":2}]"
abbreviation_or_editorial	surface	apoleseis		2			2		"[{""surface"":""APOLESEIS"",""occurrences"":2}]"
abbreviation_or_editorial	surface	arktikon		2			2		"[{""surface"":""ARKTIKON"",""occurrences"":2}]"
abbreviation_or_editorial	surface	arktikos		2			2		"[{""surface"":""ARKTIKOS"",""occurrences"":2}]"
abbreviation_or_editorial	surface	atilivs		2			2		"[{""surface"":""ATILIVS"",""occurrences"":2}]"
abbreviation_or_editorial	surface	aum		2			2		"[{""surface"":""aum"",""occurrences"":2}]"
abbreviation_or_editorial	surface	ballein		2			2		"[{""surface"":""BALLEIN"",""occurrences"":2}]"
abbreviation_or_editorial	surface	bernard		2			2		"[{""surface"":""BERNARD"",""occurrences"":2}]"
abbreviation_or_editorial	surface	berolinensis		2			1		"[{""surface"":""BEROLINENSIS"",""occurrences"":2}]"
abbreviation_or_editorial	surface	bibl		2			1		"[{""surface"":""Bibl"",""occurrences"":2}]"
abbreviation_or_editorial	surface	bragchos		2			1		"[{""surface"":""BRAGCHOS"",""occurrences"":2}]"
abbreviation_or_editorial	surface	but		2			1		"[{""surface"":""But"",""occurrences"":2}]"
abbreviation_or_editorial	surface	bx		2			1		"[{""surface"":""Bx"",""occurrences"":2}]"
abbreviation_or_editorial	surface	camp		2			1		"[{""surface"":""Camp"",""occurrences"":2}]"
abbreviation_or_editorial	surface	chachon		2			2		"[{""surface"":""CHACHON"",""occurrences"":2}]"
abbreviation_or_editorial	surface	chachos		2			1		"[{""surface"":""CHACHOS"",""occurrences"":2}]"
abbreviation_or_editorial	surface	cheir		2			1		"[{""surface"":""CHEIR"",""occurrences"":2}]"
abbreviation_or_editorial	surface	cleareta		2			1		"[{""surface"":""CLEARETA"",""occurrences"":2}]"
abbreviation_or_editorial	surface	cluny		2			2		"[{""surface"":""CLUNY"",""occurrences"":2}]"
abbreviation_or_editorial	surface	collybiscvs		2			1		"[{""surface"":""COLLYBISCVS"",""occurrences"":2}]"
abbreviation_or_editorial	surface	corb		2			2		"[{""surface"":""Corb"",""occurrences"":2}]"
abbreviation_or_editorial	surface	corn		2			2		"[{""surface"":""Corn"",""occurrences"":2}]"
abbreviation_or_editorial	surface	cuza		2			1		"[{""surface"":""Cuza"",""occurrences"":2}]"
abbreviation_or_editorial	surface	cy		2			2		"[{""surface"":""Cy"",""occurrences"":1},{""surface"":""cy"",""occurrences"":1}]"
abbreviation_or_editorial	surface	db		2			1		"[{""surface"":""db"",""occurrences"":2}]"
abbreviation_or_editorial	surface	desp		2			1		"[{""surface"":""desp"",""occurrences"":2}]"
abbreviation_or_editorial	surface	diff		2			2		"[{""surface"":""Diff"",""occurrences"":1},{""surface"":""diff"",""occurrences"":1}]"
abbreviation_or_editorial	surface	draki		2			2		"[{""surface"":""DRAKI"",""occurrences"":2}]"
abbreviation_or_editorial	surface	dromodous		2			1		"[{""surface"":""DROMODOUS"",""occurrences"":2}]"
abbreviation_or_editorial	surface	eb		2			2		"[{""surface"":""EB"",""occurrences"":1},{""surface"":""eb"",""occurrences"":1}]"
abbreviation_or_editorial	surface	ebat		2			2		"[{""surface"":""ebat"",""occurrences"":2}]"
abbreviation_or_editorial	surface	eg		2			2		"[{""surface"":""eg"",""occurrences"":2}]"
abbreviation_or_editorial	surface	eimi		2			2		"[{""surface"":""EIMI"",""occurrences"":1},{""surface"":""eimi"",""occurrences"":1}]"
abbreviation_or_editorial	surface	emagmena		2			1		"[{""surface"":""EMAGMENA"",""occurrences"":2}]"
abbreviation_or_editorial	surface	encolpivs		2			1		"[{""surface"":""ENCOLPIVS"",""occurrences"":2}]"
abbreviation_or_editorial	surface	epignomvs		2			1		"[{""surface"":""EPIGNOMVS"",""occurrences"":2}]"
abbreviation_or_editorial	surface	epod		2			2		"[{""surface"":""Epod"",""occurrences"":2}]"
abbreviation_or_editorial	surface	epta		2			2		"[{""surface"":""EPTA"",""occurrences"":2}]"
abbreviation_or_editorial	surface	eupraksiai		2			1		"[{""surface"":""EUPRAKSIAI"",""occurrences"":2}]"
abbreviation_or_editorial	surface	ewa		2			1		"[{""surface"":""Ewa"",""occurrences"":2}]"
abbreviation_or_editorial	surface	ezel		2			2		"[{""surface"":""Ezel"",""occurrences"":2}]"
abbreviation_or_editorial	surface	fam		2			2		"[{""surface"":""FAM"",""occurrences"":1},{""surface"":""Fam"",""occurrences"":1}]"
abbreviation_or_editorial	surface	fast		2			2		"[{""surface"":""Fast"",""occurrences"":1},{""surface"":""fast"",""occurrences"":1}]"
abbreviation_or_editorial	surface	fg		2			1		"[{""surface"":""FG"",""occurrences"":2}]"
abbreviation_or_editorial	surface	fitzgeofridum		2			2		"[{""surface"":""FITZGEOFRIDUM"",""occurrences"":2}]"
abbreviation_or_editorial	surface	flegmone		2			1		"[{""surface"":""FLEGMONE"",""occurrences"":2}]"
abbreviation_or_editorial	surface	fmis		2			1		"[{""surface"":""fmis"",""occurrences"":2}]"
abbreviation_or_editorial	surface	foboumai		2			1		"[{""surface"":""FOBOUMAI"",""occurrences"":2}]"
abbreviation_or_editorial	surface	frat		2			2		"[{""surface"":""Frat"",""occurrences"":1},{""surface"":""frat"",""occurrences"":1}]"
abbreviation_or_editorial	surface	fuf		2			2		"[{""surface"":""fuf"",""occurrences"":2}]"
abbreviation_or_editorial	surface	fulgentii		2			2		"[{""surface"":""FULGENTII"",""occurrences"":2}]"
abbreviation_or_editorial	surface	gau		2			2		"[{""surface"":""Gau"",""occurrences"":2}]"
abbreviation_or_editorial	surface	gc		2			1		"[{""surface"":""GC"",""occurrences"":2}]"
abbreviation_or_editorial	surface	gcd		2			1		"[{""surface"":""GCD"",""occurrences"":2}]"
abbreviation_or_editorial	surface	gent		2			2		"[{""surface"":""gent"",""occurrences"":2}]"
abbreviation_or_editorial	surface	george		2			2		"[{""surface"":""GEORGE"",""occurrences"":2}]"
abbreviation_or_editorial	surface	gildilae		2			1		"[{""surface"":""GILDILAE"",""occurrences"":2}]"
abbreviation_or_editorial	surface	gilo		2			2		"[{""surface"":""Gilo"",""occurrences"":2}]"
abbreviation_or_editorial	surface	gnoies		2			1		"[{""surface"":""GNOIES"",""occurrences"":2}]"
abbreviation_or_editorial	surface	go		2			2		"[{""surface"":""go"",""occurrences"":2}]"
abbreviation_or_editorial	surface	grafe		2			2		"[{""surface"":""GRAFE"",""occurrences"":2}]"
abbreviation_or_editorial	surface	gue		2			1		"[{""surface"":""GUE"",""occurrences"":2}]"
abbreviation_or_editorial	surface	gumnasion		2			1		"[{""surface"":""GUMNASION"",""occurrences"":2}]"
abbreviation_or_editorial	surface	haus		2			2		"[{""surface"":""haus"",""occurrences"":2}]"
abbreviation_or_editorial	surface	heloyse		2			2		"[{""surface"":""HELOYSE"",""occurrences"":2}]"
abbreviation_or_editorial	surface	hermaei		2			1		"[{""surface"":""HERMAEI"",""occurrences"":2}]"
abbreviation_or_editorial	surface	hildebrand		2			2		"[{""surface"":""HILDEBRAND"",""occurrences"":2}]"
abbreviation_or_editorial	surface	iias		2			1		"[{""surface"":""IIas"",""occurrences"":2}]"
abbreviation_or_editorial	surface	incl		2			2		"[{""surface"":""incl"",""occurrences"":2}]"
abbreviation_or_editorial	surface	inv		2			1		"[{""surface"":""Inv"",""occurrences"":2}]"
abbreviation_or_editorial	surface	jada		2			1		"[{""surface"":""Jada"",""occurrences"":2}]"
abbreviation_or_editorial	surface	jud		2			2		"[{""surface"":""Jud"",""occurrences"":2}]"
abbreviation_or_editorial	surface	kallias		2			1		"[{""surface"":""KALLIAS"",""occurrences"":2}]"
abbreviation_or_editorial	surface	kamour		2			2		"[{""surface"":""KAMOUR"",""occurrences"":2}]"
abbreviation_or_editorial	surface	kardian		2			2		"[{""surface"":""KARDIAN"",""occurrences"":2}]"
abbreviation_or_editorial	surface	kb		2			1		"[{""surface"":""Kb"",""occurrences"":2}]"
abbreviation_or_editorial	surface	kd		2			1		"[{""surface"":""kd"",""occurrences"":2}]"
abbreviation_or_editorial	surface	ku		2			2		"[{""surface"":""Ku"",""occurrences"":1},{""surface"":""ku"",""occurrences"":1}]"
abbreviation_or_editorial	surface	lael		2			2		"[{""surface"":""Lael"",""occurrences"":2}]"
abbreviation_or_editorial	surface	lami		2			2		"[{""surface"":""Lami"",""occurrences"":2}]"
abbreviation_or_editorial	surface	legw		2			1		"[{""surface"":""legw"",""occurrences"":2}]"
abbreviation_or_editorial	surface	lemniselenis		2			1		"[{""surface"":""LEMNISELENIS"",""occurrences"":2}]"
abbreviation_or_editorial	surface	lerein		2			2		"[{""surface"":""LEREIN"",""occurrences"":2}]"
abbreviation_or_editorial	surface	lg		2			2		"[{""surface"":""lg"",""occurrences"":2}]"
abbreviation_or_editorial	surface	livvirit		2			1		"[{""surface"":""LIVVIRIT"",""occurrences"":2}]"
abbreviation_or_editorial	surface	ln		2			1		"[{""surface"":""ln"",""occurrences"":2}]"
abbreviation_or_editorial	surface	lukos		2			1		"[{""surface"":""LUKOS"",""occurrences"":2}]"
abbreviation_or_editorial	surface	magg		2			2		"[{""surface"":""magg"",""occurrences"":2}]"
abbreviation_or_editorial	surface	mak		2			2		"[{""surface"":""Mak"",""occurrences"":1},{""surface"":""mak"",""occurrences"":1}]"
abbreviation_or_editorial	surface	makron		2			2		"[{""surface"":""MAKRON"",""occurrences"":2}]"
abbreviation_or_editorial	surface	melciadis		2			2		"[{""surface"":""MELCIADIS"",""occurrences"":2}]"
abbreviation_or_editorial	surface	meteie		2			1		"[{""surface"":""METEIE"",""occurrences"":2}]"
abbreviation_or_editorial	surface	mss		2			2		"[{""surface"":""MSS"",""occurrences"":2}]"
abbreviation_or_editorial	surface	mut		2			2		"[{""surface"":""mut"",""occurrences"":2}]"
abbreviation_or_editorial	surface	myom		2			2		"[{""surface"":""myom"",""occurrences"":2}]"
abbreviation_or_editorial	surface	mys		2			2		"[{""surface"":""Mys"",""occurrences"":2}]"
abbreviation_or_editorial	surface	naus		2			1		"[{""surface"":""NAUS"",""occurrences"":2}]"
abbreviation_or_editorial	surface	neae		2			2		"[{""surface"":""Neae"",""occurrences"":1},{""surface"":""neae"",""occurrences"":1}]"
abbreviation_or_editorial	surface	newtonum		2			1		"[{""surface"":""NEWTONUM"",""occurrences"":2}]"
abbreviation_or_editorial	surface	nous		2			2		"[{""surface"":""NOUS"",""occurrences"":2}]"
abbreviation_or_editorial	surface	nw		2			2		"[{""surface"":""nw"",""occurrences"":2}]"
abbreviation_or_editorial	surface	ny		2			2		"[{""surface"":""ny"",""occurrences"":2}]"
abbreviation_or_editorial	surface	oida		2			2		"[{""surface"":""oida"",""occurrences"":2}]"
abbreviation_or_editorial	surface	orasthai		2			2		"[{""surface"":""ORASTHAI"",""occurrences"":2}]"
abbreviation_or_editorial	surface	ortugas		2			2		"[{""surface"":""ORTUGAS"",""occurrences"":2}]"
abbreviation_or_editorial	surface	ouranos		2			2		"[{""surface"":""OURANOS"",""occurrences"":2}]"
abbreviation_or_editorial	surface	ow		2			2		"[{""surface"":""Ow"",""occurrences"":1},{""surface"":""ow"",""occurrences"":1}]"
abbreviation_or_editorial	surface	pac		2			2		"[{""surface"":""Pac"",""occurrences"":1},{""surface"":""pac"",""occurrences"":1}]"
abbreviation_or_editorial	surface	paegnivm		2			1		"[{""surface"":""PAEGNIVM"",""occurrences"":2}]"
abbreviation_or_editorial	surface	pamphilvs		2			2		"[{""surface"":""PAMPHILVS"",""occurrences"":2}]"
abbreviation_or_editorial	surface	parricido		2			2		"[{""surface"":""PARRICIDO"",""occurrences"":2}]"
abbreviation_or_editorial	surface	pecc		2			1		"[{""surface"":""pecc"",""occurrences"":2}]"
abbreviation_or_editorial	surface	petrarcae		2			2		"[{""surface"":""PETRARCAE"",""occurrences"":2}]"
abbreviation_or_editorial	surface	phanostrata		2			1		"[{""surface"":""PHANOSTRATA"",""occurrences"":2}]"
abbreviation_or_editorial	surface	philaenivm		2			1		"[{""surface"":""PHILAENIVM"",""occurrences"":2}]"
abbreviation_or_editorial	surface	philop		2			1		"[{""surface"":""PHILOP"",""occurrences"":2}]"
abbreviation_or_editorial	surface	philoxenvs		2			1		"[{""surface"":""PHILOXENVS"",""occurrences"":2}]"
abbreviation_or_editorial	surface	plagiou		2			2		"[{""surface"":""PLAGIOU"",""occurrences"":2}]"
abbreviation_or_editorial	surface	pleuma		2			1		"[{""surface"":""PLEUMA"",""occurrences"":2}]"
abbreviation_or_editorial	surface	plur		2			2		"[{""surface"":""Plur"",""occurrences"":1},{""surface"":""plur"",""occurrences"":1}]"
abbreviation_or_editorial	surface	poiotes		2			2		"[{""surface"":""POIOTES"",""occurrences"":2}]"
abbreviation_or_editorial	surface	polyaenvm		2			1		"[{""surface"":""POLYAENVM"",""occurrences"":2}]"
abbreviation_or_editorial	surface	pom		2			1		"[{""surface"":""Pom"",""occurrences"":2}]"
abbreviation_or_editorial	surface	pomp		2			2		"[{""surface"":""pomp"",""occurrences"":2}]"
abbreviation_or_editorial	surface	pond		2			1		"[{""surface"":""pond"",""occurrences"":2}]"
abbreviation_or_editorial	surface	poteroisi		2			1		"[{""surface"":""POTEROISI"",""occurrences"":2}]"
abbreviation_or_editorial	surface	prat		2			2		"[{""surface"":""Prat"",""occurrences"":2}]"
abbreviation_or_editorial	surface	puh		2			2		"[{""surface"":""Puh"",""occurrences"":2}]"
abbreviation_or_editorial	surface	pup		2			1		"[{""surface"":""Pup"",""occurrences"":2}]"
abbreviation_or_editorial	surface	pyr		2			2		"[{""surface"":""Pyr"",""occurrences"":2}]"
abbreviation_or_editorial	surface	pythodicvs		2			1		"[{""surface"":""PYTHODICVS"",""occurrences"":2}]"
abbreviation_or_editorial	surface	qi		2			1		"[{""surface"":""qi"",""occurrences"":2}]"
abbreviation_or_editorial	surface	qvendam		2			1		"[{""surface"":""QVENDAM"",""occurrences"":2}]"
abbreviation_or_editorial	surface	rapt		2			2		"[{""surface"":""rapt"",""occurrences"":2}]"
abbreviation_or_editorial	surface	reip		2			2		"[{""surface"":""reip"",""occurrences"":2}]"
abbreviation_or_editorial	surface	rre		2			2		"[{""surface"":""rre"",""occurrences"":2}]"
abbreviation_or_editorial	surface	sacta		2			2		"[{""surface"":""SACTA"",""occurrences"":2}]"
abbreviation_or_editorial	surface	sangarinvs		2			1		"[{""surface"":""SANGARINVS"",""occurrences"":2}]"
abbreviation_or_editorial	surface	scal		2			2		"[{""surface"":""Scal"",""occurrences"":1},{""surface"":""scal"",""occurrences"":1}]"
abbreviation_or_editorial	surface	scr		2			2		"[{""surface"":""Scr"",""occurrences"":1},{""surface"":""scr"",""occurrences"":1}]"
abbreviation_or_editorial	surface	somn		2			1		"[{""surface"":""somn"",""occurrences"":2}]"
abbreviation_or_editorial	surface	spelaia		2			2		"[{""surface"":""SPELAIA"",""occurrences"":2}]"
abbreviation_or_editorial	surface	spir		2			2		"[{""surface"":""Spir"",""occurrences"":1},{""surface"":""spir"",""occurrences"":1}]"
abbreviation_or_editorial	surface	stephanivm		2			1		"[{""surface"":""STEPHANIVM"",""occurrences"":2}]"
abbreviation_or_editorial	surface	stephanvs		2			2		"[{""surface"":""STEPHANVS"",""occurrences"":2}]"
abbreviation_or_editorial	surface	sullambanein		2			1		"[{""surface"":""SULLAMBANEIN"",""occurrences"":2}]"
abbreviation_or_editorial	surface	svngrapha		2			1		"[{""surface"":""SVNGRAPHA"",""occurrences"":2}]"
abbreviation_or_editorial	surface	svrdinvs		2			2		"[{""surface"":""SVRDINVS"",""occurrences"":2}]"
abbreviation_or_editorial	surface	taos		2			2		"[{""surface"":""taos"",""occurrences"":2}]"
abbreviation_or_editorial	surface	tempationem		2			1		"[{""surface"":""TEMPATIONEM"",""occurrences"":2}]"
abbreviation_or_editorial	surface	tetheamai		2			1		"[{""surface"":""TETHEAMAI"",""occurrences"":2}]"
abbreviation_or_editorial	surface	theke		2			2		"[{""surface"":""THEKE"",""occurrences"":2}]"
abbreviation_or_editorial	surface	theodebertus		2			1		"[{""surface"":""THEODEBERTUS"",""occurrences"":2}]"
abbreviation_or_editorial	surface	tira		2			1		"[{""surface"":""Tira"",""occurrences"":2}]"
abbreviation_or_editorial	surface	tuchen		2			1		"[{""surface"":""TUCHEN"",""occurrences"":2}]"
abbreviation_or_editorial	surface	tudeiden		2			1		"[{""surface"":""TUDEIDEN"",""occurrences"":2}]"
abbreviation_or_editorial	surface	ugiaine		2			1		"[{""surface"":""UGIAINE"",""occurrences"":2}]"
abbreviation_or_editorial	surface	uhiw		2			2		"[{""surface"":""uhiw"",""occurrences"":2}]"
abbreviation_or_editorial	surface	uios		2			2		"[{""surface"":""UIOS"",""occurrences"":2}]"
abbreviation_or_editorial	surface	ulen		2			1		"[{""surface"":""ULEN"",""occurrences"":2}]"
abbreviation_or_editorial	surface	upo		2			2		"[{""surface"":""UPO"",""occurrences"":2}]"
abbreviation_or_editorial	surface	uz		2			1		"[{""surface"":""uz"",""occurrences"":2}]"
abbreviation_or_editorial	surface	vandoperae		2			2		"[{""surface"":""VANDOPERAE"",""occurrences"":2}]"
abbreviation_or_editorial	surface	vandoperani		2			2		"[{""surface"":""VANDOPERANI"",""occurrences"":2}]"
abbreviation_or_editorial	surface	varr		2			1		"[{""surface"":""Varr"",""occurrences"":2}]"
abbreviation_or_editorial	surface	vict		2			2		"[{""surface"":""vict"",""occurrences"":2}]"
abbreviation_or_editorial	surface	vvitigis		2			1		"[{""surface"":""VVITIGIS"",""occurrences"":2}]"
abbreviation_or_editorial	surface	vw		2			1		"[{""surface"":""vw"",""occurrences"":2}]"
abbreviation_or_editorial	surface	xete		2			1		"[{""surface"":""xete"",""occurrences"":2}]"
abbreviation_or_editorial	surface	xiio		2			2		"[{""surface"":""XIIo"",""occurrences"":2}]"
abbreviation_or_editorial	surface	xis		2			1		"[{""surface"":""xis"",""occurrences"":2}]"
abbreviation_or_editorial	surface	xlij		2			1		"[{""surface"":""xlij"",""occurrences"":2}]"
abbreviation_or_editorial	surface	xqai		2			2		"[{""surface"":""xqai"",""occurrences"":2}]"
abbreviation_or_editorial	surface	xs		2			1		"[{""surface"":""xs"",""occurrences"":2}]"
abbreviation_or_editorial	surface	xvj		2			1		"[{""surface"":""xvj"",""occurrences"":2}]"
abbreviation_or_editorial	surface	yn		2			2		"[{""surface"":""yn"",""occurrences"":2}]"
abbreviation_or_editorial	surface	yo		2			2		"[{""surface"":""Yo"",""occurrences"":1},{""surface"":""yo"",""occurrences"":1}]"
abbreviation_or_editorial	surface	zo		2			2		"[{""surface"":""zo"",""occurrences"":2}]"
abbreviation_or_editorial	surface	zoa		2			2		"[{""surface"":""ZOA"",""occurrences"":1},{""surface"":""zoa"",""occurrences"":1}]"
abbreviation_or_editorial	surface	zosimvs		2			2		"[{""surface"":""ZOSIMVS"",""occurrences"":2}]"
abbreviation_or_editorial	surface	zz		2			1		"[{""surface"":""zz"",""occurrences"":2}]"
abbreviation_or_editorial	surface	abaz		1			1		"[{""surface"":""Abaz"",""occurrences"":1}]"
abbreviation_or_editorial	surface	abc		1			1		"[{""surface"":""ABC"",""occurrences"":1}]"
abbreviation_or_editorial	surface	abcd		1			1		"[{""surface"":""ABCD"",""occurrences"":1}]"
abbreviation_or_editorial	surface	abei		1			1		"[{""surface"":""Abei"",""occurrences"":1}]"
abbreviation_or_editorial	surface	abelardum		1			1		"[{""surface"":""ABELARDUM"",""occurrences"":1}]"
abbreviation_or_editorial	surface	absenthiten		1			1		"[{""surface"":""ABSENTHITEN"",""occurrences"":1}]"
abbreviation_or_editorial	surface	accavs		1			1		"[{""surface"":""ACCAVS"",""occurrences"":1}]"
abbreviation_or_editorial	surface	achaiois		1			1		"[{""surface"":""ACHAIOIS"",""occurrences"":1}]"
abbreviation_or_editorial	surface	acheronteia		1			1		"[{""surface"":""ACHERONTEIA"",""occurrences"":1}]"
abbreviation_or_editorial	surface	achouson		1			1		"[{""surface"":""ACHOUSON"",""occurrences"":1}]"
abbreviation_or_editorial	surface	achran		1			1		"[{""surface"":""ACHRAN"",""occurrences"":1}]"
abbreviation_or_editorial	surface	achthos		1			1		"[{""surface"":""ACHTHOS"",""occurrences"":1}]"
abbreviation_or_editorial	surface	acropolistis		1			1		"[{""surface"":""ACROPOLISTIS"",""occurrences"":1}]"
abbreviation_or_editorial	surface	adelfon		1			1		"[{""surface"":""ADELFON"",""occurrences"":1}]"
abbreviation_or_editorial	surface	adelpergae		1			1		"[{""surface"":""ADELPERGAE"",""occurrences"":1}]"
abbreviation_or_editorial	surface	aedilib		1			1		"[{""surface"":""AEDILIB"",""occurrences"":1}]"
abbreviation_or_editorial	surface	aegr		1			1		"[{""surface"":""aegr"",""occurrences"":1}]"
abbreviation_or_editorial	surface	aeisis		1			1		"[{""surface"":""AEISIS"",""occurrences"":1}]"
abbreviation_or_editorial	surface	aeroas		1			1		"[{""surface"":""AEROAS"",""occurrences"":1}]"
abbreviation_or_editorial	surface	aeschinvs		1			1		"[{""surface"":""AESCHINVS"",""occurrences"":1}]"
abbreviation_or_editorial	surface	aeserninvs		1			1		"[{""surface"":""AESERNINVS"",""occurrences"":1}]"
abbreviation_or_editorial	surface	afagnisasthai		1			1		"[{""surface"":""AFAGNISASTHAI"",""occurrences"":1}]"
abbreviation_or_editorial	surface	afanisthenai		1			1		"[{""surface"":""AFANISTHENAI"",""occurrences"":1}]"
abbreviation_or_editorial	surface	afanizei		1			1		"[{""surface"":""AFANIZEI"",""occurrences"":1}]"
abbreviation_or_editorial	surface	afel		1			1		"[{""surface"":""AFEL"",""occurrences"":1}]"
abbreviation_or_editorial	surface	agg		1			1		"[{""surface"":""Agg"",""occurrences"":1}]"
abbreviation_or_editorial	surface	aggos		1			1		"[{""surface"":""AGGOS"",""occurrences"":1}]"
abbreviation_or_editorial	surface	agnomonos		1			1		"[{""surface"":""AGNOMONOS"",""occurrences"":1}]"
abbreviation_or_editorial	surface	agriofaguitai		1			1		"[{""surface"":""AGRIOFAGUITAI"",""occurrences"":1}]"
abbreviation_or_editorial	surface	agrion		1			1		"[{""surface"":""AGRION"",""occurrences"":1}]"
abbreviation_or_editorial	surface	aidou		1			1		"[{""surface"":""AIDOU"",""occurrences"":1}]"
abbreviation_or_editorial	surface	aiga		1			1		"[{""surface"":""AIGA"",""occurrences"":1}]"
abbreviation_or_editorial	surface	aiolisti		1			1		"[{""surface"":""AIOLISTI"",""occurrences"":1}]"
abbreviation_or_editorial	surface	airein		1			1		"[{""surface"":""AIREIN"",""occurrences"":1}]"
abbreviation_or_editorial	surface	aisthesin		1			1		"[{""surface"":""AISTHESIN"",""occurrences"":1}]"
abbreviation_or_editorial	surface	aiy		1			1		"[{""surface"":""Aiy"",""occurrences"":1}]"
abbreviation_or_editorial	surface	akanthais		1			1		"[{""surface"":""AKANTHAIS"",""occurrences"":1}]"
abbreviation_or_editorial	surface	alban		1			1		"[{""surface"":""ALBAN"",""occurrences"":1}]"
abbreviation_or_editorial	surface	alcuini		1			1		"[{""surface"":""ALCUINI"",""occurrences"":1}]"
abbreviation_or_editorial	surface	alfivs		1			1		"[{""surface"":""ALFIVS"",""occurrences"":1}]"
abbreviation_or_editorial	surface	aliquotde		1			1		"[{""surface"":""ALIQUOTDE"",""occurrences"":1}]"
abbreviation_or_editorial	surface	allofulous		1			1		"[{""surface"":""ALLOFULOUS"",""occurrences"":1}]"
abbreviation_or_editorial	surface	alopeka		1			1		"[{""surface"":""ALOPEKA"",""occurrences"":1}]"
abbreviation_or_editorial	surface	alæthias		1			1		"[{""surface"":""ALÆTHIAS"",""occurrences"":1}]"
abbreviation_or_editorial	surface	ametreton		1			1		"[{""surface"":""AMETRETON"",""occurrences"":1}]"
abbreviation_or_editorial	surface	amfoterous		1			1		"[{""surface"":""AMFOTEROUS"",""occurrences"":1}]"
abbreviation_or_editorial	surface	ammudate		1			1		"[{""surface"":""AMMUDATE"",""occurrences"":1}]"
abbreviation_or_editorial	surface	ampelivs		1			1		"[{""surface"":""AMPELIVS"",""occurrences"":1}]"
abbreviation_or_editorial	surface	ampi		1			1		"[{""surface"":""Ampi"",""occurrences"":1}]"
abbreviation_or_editorial	surface	amposin		1			1		"[{""surface"":""AMPOSIN"",""occurrences"":1}]"
abbreviation_or_editorial	surface	anagetai		1			1		"[{""surface"":""ANAGETAI"",""occurrences"":1}]"
abbreviation_or_editorial	surface	ananeousthai		1			1		"[{""surface"":""ANANEOUSTHAI"",""occurrences"":1}]"
abbreviation_or_editorial	surface	anastasie		1			1		"[{""surface"":""ANASTASIE"",""occurrences"":1}]"
abbreviation_or_editorial	surface	androfonous		1			1		"[{""surface"":""ANDROFONOUS"",""occurrences"":1}]"
abbreviation_or_editorial	surface	androguinoi		1			1		"[{""surface"":""ANDROGUINOI"",""occurrences"":1}]"
abbreviation_or_editorial	surface	anechrage		1			1		"[{""surface"":""ANECHRAGE"",""occurrences"":1}]"
abbreviation_or_editorial	surface	aneclitvs		1			1		"[{""surface"":""ANECLITVS"",""occurrences"":1}]"
abbreviation_or_editorial	surface	aneufrikes		1			1		"[{""surface"":""ANEUFRIKES"",""occurrences"":1}]"
abbreviation_or_editorial	surface	anoston		1			1		"[{""surface"":""ANOSTON"",""occurrences"":1}]"
abbreviation_or_editorial	surface	anthraks		1			1		"[{""surface"":""ANTHRAKS"",""occurrences"":1}]"
abbreviation_or_editorial	surface	anthropinos		1			1		"[{""surface"":""ANTHROPINOS"",""occurrences"":1}]"
abbreviation_or_editorial	surface	anthropo		1			1		"[{""surface"":""ANTHROPO"",""occurrences"":1}]"
abbreviation_or_editorial	surface	antimuchterise		1			1		"[{""surface"":""ANTIMUCHTERISE"",""occurrences"":1}]"
abbreviation_or_editorial	surface	aoratous		1			1		"[{""surface"":""AORATOUS"",""occurrences"":1}]"
abbreviation_or_editorial	surface	apechalupsa		1			1		"[{""surface"":""APECHALUPSA"",""occurrences"":1}]"
abbreviation_or_editorial	surface	apedochen		1			1		"[{""surface"":""APEDOCHEN"",""occurrences"":1}]"
abbreviation_or_editorial	surface	apeggele		1			1		"[{""surface"":""APEGGELE"",""occurrences"":1}]"
abbreviation_or_editorial	surface	apegusen		1			1		"[{""surface"":""APEGUSEN"",""occurrences"":1}]"
abbreviation_or_editorial	surface	apethanen		1			1		"[{""surface"":""APETHANEN"",""occurrences"":1}]"
abbreviation_or_editorial	surface	apocheruttei		1			1		"[{""surface"":""APOCHERUTTEI"",""occurrences"":1}]"
abbreviation_or_editorial	surface	apochopsete		1			1		"[{""surface"":""APOCHOPSETE"",""occurrences"":1}]"
abbreviation_or_editorial	surface	apochorizon		1			1		"[{""surface"":""APOCHORIZON"",""occurrences"":1}]"
abbreviation_or_editorial	surface	apochrisarium		1			1		"[{""surface"":""APOCHRISARIUM"",""occurrences"":1}]"
abbreviation_or_editorial	surface	apoduein		1			1		"[{""surface"":""APODUEIN"",""occurrences"":1}]"
abbreviation_or_editorial	surface	apogutheis		1			1		"[{""surface"":""APOGUTHEIS"",""occurrences"":1}]"
abbreviation_or_editorial	surface	apol		1			1		"[{""surface"":""apol"",""occurrences"":1}]"
abbreviation_or_editorial	surface	apoleitai		1			1		"[{""surface"":""APOLEITAI"",""occurrences"":1}]"
abbreviation_or_editorial	surface	apollonivs		1			1		"[{""surface"":""APOLLONIVS"",""occurrences"":1}]"
abbreviation_or_editorial	surface	aporretoi		1			1		"[{""surface"":""APORRETOI"",""occurrences"":1}]"
abbreviation_or_editorial	surface	apotuches		1			1		"[{""surface"":""APOTUCHES"",""occurrences"":1}]"
abbreviation_or_editorial	surface	aproichon		1			1		"[{""surface"":""APROICHON"",""occurrences"":1}]"
abbreviation_or_editorial	surface	apul		1			1		"[{""surface"":""Apul"",""occurrences"":1}]"
abbreviation_or_editorial	surface	aq		1			1		"[{""surface"":""aq"",""occurrences"":1}]"
abbreviation_or_editorial	surface	arait		1			1		"[{""surface"":""ARAIT"",""occurrences"":1}]"
abbreviation_or_editorial	surface	archetupon		1			1		"[{""surface"":""ARCHETUPON"",""occurrences"":1}]"
abbreviation_or_editorial	surface	archipeiraten		1			1		"[{""surface"":""ARCHIPEIRATEN"",""occurrences"":1}]"
abbreviation_or_editorial	surface	areimanion		1			1		"[{""surface"":""AREIMANION"",""occurrences"":1}]"
abbreviation_or_editorial	surface	areschon		1			1		"[{""surface"":""ARESCHON"",""occurrences"":1}]"
abbreviation_or_editorial	surface	arguron		1			1		"[{""surface"":""ARGURON"",""occurrences"":1}]"
abbreviation_or_editorial	surface	aril		1			1		"[{""surface"":""aril"",""occurrences"":1}]"
abbreviation_or_editorial	surface	aristeias		1			1		"[{""surface"":""ARISTEIAS"",""occurrences"":1}]"
abbreviation_or_editorial	surface	aristippvs		1			1		"[{""surface"":""ARISTIPPVS"",""occurrences"":1}]"
abbreviation_or_editorial	surface	aristopoieisthe		1			1		"[{""surface"":""ARISTOPOIEISTHE"",""occurrences"":1}]"
abbreviation_or_editorial	surface	arithmon		1			1		"[{""surface"":""ARITHMON"",""occurrences"":1}]"
abbreviation_or_editorial	surface	arksomai		1			1		"[{""surface"":""ARKSOMAI"",""occurrences"":1}]"
abbreviation_or_editorial	surface	arktou		1			1		"[{""surface"":""ARKTOU"",""occurrences"":1}]"
abbreviation_or_editorial	surface	arlin		1			1		"[{""surface"":""ARLIN"",""occurrences"":1}]"
abbreviation_or_editorial	surface	artt		1			1		"[{""surface"":""artt"",""occurrences"":1}]"
abbreviation_or_editorial	surface	asebes		1			1		"[{""surface"":""ASEBES"",""occurrences"":1}]"
abbreviation_or_editorial	surface	asfaleia		1			1		"[{""surface"":""ASFALEIA"",""occurrences"":1}]"
abbreviation_or_editorial	surface	asfalestaton		1			1		"[{""surface"":""ASFALESTATON"",""occurrences"":1}]"
abbreviation_or_editorial	surface	asfodelon		1			1		"[{""surface"":""ASFODELON"",""occurrences"":1}]"
abbreviation_or_editorial	surface	asiage		1			1		"[{""surface"":""ASIAGE"",""occurrences"":1}]"
abbreviation_or_editorial	surface	asilivs		1			1		"[{""surface"":""ASILIVS"",""occurrences"":1}]"
abbreviation_or_editorial	surface	ass		1			1		"[{""surface"":""ASS"",""occurrences"":1}]"
abbreviation_or_editorial	surface	astakon		1			1		"[{""surface"":""ASTAKON"",""occurrences"":1}]"
abbreviation_or_editorial	surface	asthulaka		1			1		"[{""surface"":""ASTHULAKA"",""occurrences"":1}]"
abbreviation_or_editorial	surface	atha		1			1		"[{""surface"":""Atha"",""occurrences"":1}]"
abbreviation_or_editorial	surface	athanagyldo		1			1		"[{""surface"":""ATHANAGYLDO"",""occurrences"":1}]"
abbreviation_or_editorial	surface	athroismos		1			1		"[{""surface"":""ATHROISMOS"",""occurrences"":1}]"
abbreviation_or_editorial	surface	atomoi		1			1		"[{""surface"":""ATOMOI"",""occurrences"":1}]"
abbreviation_or_editorial	surface	atrofian		1			1		"[{""surface"":""ATROFIAN"",""occurrences"":1}]"
abbreviation_or_editorial	surface	attichon		1			1		"[{""surface"":""ATTICHON"",""occurrences"":1}]"
abbreviation_or_editorial	surface	atyn		1			1		"[{""surface"":""Atyn"",""occurrences"":1}]"
abbreviation_or_editorial	surface	auctoritatesq		1			1		"[{""surface"":""AUCTORITATESQ"",""occurrences"":1}]"
abbreviation_or_editorial	surface	augistissimum		1			1		"[{""surface"":""AUGISTISSIMUM"",""occurrences"":1}]"
abbreviation_or_editorial	surface	augustin		1			1		"[{""surface"":""AUGUSTIN"",""occurrences"":1}]"
abbreviation_or_editorial	surface	auno		1			1		"[{""surface"":""Auno"",""occurrences"":1}]"
abbreviation_or_editorial	surface	austrasio		1			1		"[{""surface"":""AUSTRASIO"",""occurrences"":1}]"
abbreviation_or_editorial	surface	babone		1			1		"[{""surface"":""BABONE"",""occurrences"":1}]"
abbreviation_or_editorial	surface	babulon		1			1		"[{""surface"":""BABULON"",""occurrences"":1}]"
abbreviation_or_editorial	surface	baconum		1			1		"[{""surface"":""BACONUM"",""occurrences"":1}]"
abbreviation_or_editorial	surface	bai		1			1		"[{""surface"":""Bai"",""occurrences"":1}]"
abbreviation_or_editorial	surface	baldwin		1			1		"[{""surface"":""BALDWIN"",""occurrences"":1}]"
abbreviation_or_editorial	surface	balein		1			1		"[{""surface"":""BALEIN"",""occurrences"":1}]"
abbreviation_or_editorial	surface	balletai		1			1		"[{""surface"":""BALLETAI"",""occurrences"":1}]"
abbreviation_or_editorial	surface	basanizei		1			1		"[{""surface"":""BASANIZEI"",""occurrences"":1}]"
abbreviation_or_editorial	surface	batrachon		1			1		"[{""surface"":""BATRACHON"",""occurrences"":1}]"
abbreviation_or_editorial	surface	bauno		1			1		"[{""surface"":""BAUNO"",""occurrences"":1}]"
abbreviation_or_editorial	surface	berolinensem		1			1		"[{""surface"":""BEROLINENSEM"",""occurrences"":1}]"
abbreviation_or_editorial	surface	biblion		1			1		"[{""surface"":""BIBLION"",""occurrences"":1}]"
abbreviation_or_editorial	surface	booker		1			1		"[{""surface"":""BOOKER"",""occurrences"":1}]"
abbreviation_or_editorial	surface	boulen		1			1		"[{""surface"":""BOULEN"",""occurrences"":1}]"
abbreviation_or_editorial	surface	bouleuometha		1			1		"[{""surface"":""BOULEUOMETHA"",""occurrences"":1}]"
abbreviation_or_editorial	surface	boun		1			1		"[{""surface"":""BOUN"",""occurrences"":1}]"
abbreviation_or_editorial	surface	bpt		1			1		"[{""surface"":""bpt"",""occurrences"":1}]"
abbreviation_or_editorial	surface	brad		1			1		"[{""surface"":""BRAD"",""occurrences"":1}]"
abbreviation_or_editorial	surface	bradlius		1			1		"[{""surface"":""BRADLIUS"",""occurrences"":1}]"
abbreviation_or_editorial	surface	brandarius		1			1		"[{""surface"":""BRANDARIUS"",""occurrences"":1}]"
abbreviation_or_editorial	surface	bratun		1			1		"[{""surface"":""BRATUN"",""occurrences"":1}]"
abbreviation_or_editorial	surface	bremetou		1			1		"[{""surface"":""BREMETOU"",""occurrences"":1}]"
abbreviation_or_editorial	surface	brown		1			1		"[{""surface"":""BROWN"",""occurrences"":1}]"
abbreviation_or_editorial	surface	brunehildis		1			1		"[{""surface"":""BRUNEHILDIS"",""occurrences"":1}]"
abbreviation_or_editorial	surface	brvttedi		1			1		"[{""surface"":""BRVTTEDI"",""occurrences"":1}]"
abbreviation_or_editorial	surface	bt		1			1		"[{""surface"":""bt"",""occurrences"":1}]"
abbreviation_or_editorial	surface	buc		1			1		"[{""surface"":""buc"",""occurrences"":1}]"
abbreviation_or_editorial	surface	bultelius		1			1		"[{""surface"":""BULTELIUS"",""occurrences"":1}]"
abbreviation_or_editorial	surface	burnettum		1			1		"[{""surface"":""BURNETTUM"",""occurrences"":1}]"
abbreviation_or_editorial	surface	buthon		1			1		"[{""surface"":""BUTHON"",""occurrences"":1}]"
abbreviation_or_editorial	surface	bvdapestinensi		1			1		"[{""surface"":""BVDAPESTINENSI"",""occurrences"":1}]"
abbreviation_or_editorial	surface	bvrrieni		1			1		"[{""surface"":""BVRRIENI"",""occurrences"":1}]"
abbreviation_or_editorial	surface	cadell		1			1		"[{""surface"":""CADELL"",""occurrences"":1}]"
abbreviation_or_editorial	surface	caerellium		1			1		"[{""surface"":""CAERELLIUM"",""occurrences"":1}]"
abbreviation_or_editorial	surface	calagurri		1			1		"[{""surface"":""CALAGURRI"",""occurrences"":1}]"
abbreviation_or_editorial	surface	calc		1			1		"[{""surface"":""Calc"",""occurrences"":1}]"
abbreviation_or_editorial	surface	camdenum		1			1		"[{""surface"":""CAMDENUM"",""occurrences"":1}]"
abbreviation_or_editorial	surface	camvvni		1			1		"[{""surface"":""CAMVVNI"",""occurrences"":1}]"
abbreviation_or_editorial	surface	carystivm		1			1		"[{""surface"":""CARYSTIVM"",""occurrences"":1}]"
abbreviation_or_editorial	surface	ceio		1			1		"[{""surface"":""Ceio"",""occurrences"":1}]"
abbreviation_or_editorial	surface	ceoluulfo		1			1		"[{""surface"":""CEOLUULFO"",""occurrences"":1}]"
abbreviation_or_editorial	surface	cerebillis		1			1		"[{""surface"":""CEREBILLIS"",""occurrences"":1}]"
abbreviation_or_editorial	surface	chaiontos		1			1		"[{""surface"":""CHAIONTOS"",""occurrences"":1}]"
abbreviation_or_editorial	surface	chalkos		1			1		"[{""surface"":""CHALKOS"",""occurrences"":1}]"
abbreviation_or_editorial	surface	chambers		1			1		"[{""surface"":""CHAMBERS"",""occurrences"":1}]"
abbreviation_or_editorial	surface	charadochoumen		1			1		"[{""surface"":""CHARADOCHOUMEN"",""occurrences"":1}]"
abbreviation_or_editorial	surface	charoneia		1			1		"[{""surface"":""CHARONEIA"",""occurrences"":1}]"
abbreviation_or_editorial	surface	chatafrono		1			1		"[{""surface"":""CHATAFRONO"",""occurrences"":1}]"
abbreviation_or_editorial	surface	chataleleiptai		1			1		"[{""surface"":""CHATALELEIPTAI"",""occurrences"":1}]"
abbreviation_or_editorial	surface	chatalepsomai		1			1		"[{""surface"":""CHATALEPSOMAI"",""occurrences"":1}]"
abbreviation_or_editorial	surface	chatapontoson		1			1		"[{""surface"":""CHATAPONTOSON"",""occurrences"":1}]"
abbreviation_or_editorial	surface	chatechrithen		1			1		"[{""surface"":""CHATECHRITHEN"",""occurrences"":1}]"
abbreviation_or_editorial	surface	chatefronesen		1			1		"[{""surface"":""CHATEFRONESEN"",""occurrences"":1}]"
abbreviation_or_editorial	surface	chatoichei		1			1		"[{""surface"":""CHATOICHEI"",""occurrences"":1}]"
abbreviation_or_editorial	surface	cheiria		1			1		"[{""surface"":""CHEIRIA"",""occurrences"":1}]"
abbreviation_or_editorial	surface	cheirizesthai		1			1		"[{""surface"":""CHEIRIZESTHAI"",""occurrences"":1}]"
abbreviation_or_editorial	surface	cheisomai		1			1		"[{""surface"":""CHEISOMAI"",""occurrences"":1}]"
abbreviation_or_editorial	surface	cheraunion		1			1		"[{""surface"":""CHERAUNION"",""occurrences"":1}]"
abbreviation_or_editorial	surface	cheros		1			1		"[{""surface"":""CHEROS"",""occurrences"":1}]"
abbreviation_or_editorial	surface	cherosamene		1			1		"[{""surface"":""CHEROSAMENE"",""occurrences"":1}]"
abbreviation_or_editorial	surface	chilac		1			1		"[{""surface"":""CHILAC"",""occurrences"":1}]"
abbreviation_or_editorial	surface	chindunos		1			1		"[{""surface"":""CHINDUNOS"",""occurrences"":1}]"
abbreviation_or_editorial	surface	chlaie		1			1		"[{""surface"":""CHLAIE"",""occurrences"":1}]"
abbreviation_or_editorial	surface	chlaiontos		1			1		"[{""surface"":""CHLAIONTOS"",""occurrences"":1}]"
abbreviation_or_editorial	surface	chlaiousai		1			1		"[{""surface"":""CHLAIOUSAI"",""occurrences"":1}]"
abbreviation_or_editorial	surface	chlapenai		1			1		"[{""surface"":""CHLAPENAI"",""occurrences"":1}]"
abbreviation_or_editorial	surface	chlepsai		1			1		"[{""surface"":""CHLEPSAI"",""occurrences"":1}]"
abbreviation_or_editorial	surface	cholumban		1			1		"[{""surface"":""CHOLUMBAN"",""occurrences"":1}]"
abbreviation_or_editorial	surface	chomon		1			1		"[{""surface"":""CHOMON"",""occurrences"":1}]"
abbreviation_or_editorial	surface	chomos		1			1		"[{""surface"":""CHOMOS"",""occurrences"":1}]"
abbreviation_or_editorial	surface	chonon		1			1		"[{""surface"":""CHONON"",""occurrences"":1}]"
abbreviation_or_editorial	surface	chrousato		1			1		"[{""surface"":""CHROUSATO"",""occurrences"":1}]"
abbreviation_or_editorial	surface	chrueroteran		1			1		"[{""surface"":""CHRUEROTERAN"",""occurrences"":1}]"
abbreviation_or_editorial	surface	chtanon		1			1		"[{""surface"":""CHTANON"",""occurrences"":1}]"
abbreviation_or_editorial	surface	chtematon		1			1		"[{""surface"":""CHTEMATON"",""occurrences"":1}]"
abbreviation_or_editorial	surface	cinc		1			1		"[{""surface"":""cinc"",""occurrences"":1}]"
abbreviation_or_editorial	surface	claraevallensis		1			1		"[{""surface"":""CLARAEVALLENSIS"",""occurrences"":1}]"
abbreviation_or_editorial	surface	cled		1			1		"[{""surface"":""Cled"",""occurrences"":1}]"
abbreviation_or_editorial	surface	cleomachvs		1			1		"[{""surface"":""CLEOMACHVS"",""occurrences"":1}]"
abbreviation_or_editorial	surface	clitophon		1			1		"[{""surface"":""CLITOPHON"",""occurrences"":1}]"
abbreviation_or_editorial	surface	colgius		1			1		"[{""surface"":""COLGIUS"",""occurrences"":1}]"
abbreviation_or_editorial	surface	comitiaco		1			1		"[{""surface"":""COMITIACO"",""occurrences"":1}]"
abbreviation_or_editorial	surface	commodian		1			1		"[{""surface"":""COMMODIAN"",""occurrences"":1}]"
abbreviation_or_editorial	surface	corp		1			1		"[{""surface"":""corp"",""occurrences"":1}]"
abbreviation_or_editorial	surface	cost		1			1		"[{""surface"":""Cost"",""occurrences"":1}]"
abbreviation_or_editorial	surface	cradock		1			1		"[{""surface"":""CRADOCK"",""occurrences"":1}]"
abbreviation_or_editorial	surface	cri		1			1		"[{""surface"":""Cri"",""occurrences"":1}]"
abbreviation_or_editorial	surface	crit		1			1		"[{""surface"":""Crit"",""occurrences"":1}]"
abbreviation_or_editorial	surface	cvrvlib		1			1		"[{""surface"":""CVRVLIB"",""occurrences"":1}]"
abbreviation_or_editorial	surface	cycada		1			1		"[{""surface"":""CYCADA"",""occurrences"":1}]"
abbreviation_or_editorial	surface	daimonis		1			1		"[{""surface"":""DAIMONIS"",""occurrences"":1}]"
abbreviation_or_editorial	surface	dakrua		1			1		"[{""surface"":""DAKRUA"",""occurrences"":1}]"
abbreviation_or_editorial	surface	dangerous		1			1		"[{""surface"":""DANGEROUS"",""occurrences"":1}]"
abbreviation_or_editorial	surface	daseian		1			1		"[{""surface"":""DASEIAN"",""occurrences"":1}]"
abbreviation_or_editorial	surface	dav		1			1		"[{""surface"":""dav"",""occurrences"":1}]"
unresolved	surface	maxim		1266			15		"[{""surface"":""maxim"",""occurrences"":1263},{""surface"":""Maxim"",""occurrences"":3}]"
unresolved	surface	diocl		1264			12		"[{""surface"":""diocl"",""occurrences"":1263},{""surface"":""Diocl"",""occurrences"":1}]"
unresolved	surface	april		995			47		"[{""surface"":""april"",""occurrences"":781},{""surface"":""April"",""occurrences"":214}]"
unresolved	surface	theodos		838			27		"[{""surface"":""theodos"",""occurrences"":837},{""surface"":""Theodos"",""occurrences"":1}]"
unresolved	surface	valentin		686			23		"[{""surface"":""valentin"",""occurrences"":684},{""surface"":""Valentin"",""occurrences"":2}]"
unresolved	surface	lampadii		493			14		"[{""surface"":""lampadii"",""occurrences"":487},{""surface"":""Lampadii"",""occurrences"":6}]"
unresolved	surface	kai		447			63		"[{""surface"":""kai"",""occurrences"":434},{""surface"":""Kai"",""occurrences"":11},{""surface"":""KAI"",""occurrences"":2}]"
unresolved	surface	mediolano		378			30		"[{""surface"":""mediolano"",""occurrences"":362},{""surface"":""Mediolano"",""occurrences"":16}]"
unresolved	surface	michi		344			34		"[{""surface"":""michi"",""occurrences"":338},{""surface"":""Michi"",""occurrences"":6}]"
unresolved	surface	sirmi		302			20		"[{""surface"":""sirmi"",""occurrences"":254},{""surface"":""Sirmi"",""occurrences"":48}]"
unresolved	surface	const		252			21		"[{""surface"":""const"",""occurrences"":225},{""surface"":""Const"",""occurrences"":27}]"
unresolved	surface	mediolani		229			42		"[{""surface"":""mediolani"",""occurrences"":119},{""surface"":""Mediolani"",""occurrences"":110}]"
unresolved	surface	curul		209			8		"[{""surface"":""curul"",""occurrences"":209}]"
unresolved	surface	theodoro		188			39		"[{""surface"":""theodoro"",""occurrences"":157},{""surface"":""Theodoro"",""occurrences"":31}]"
unresolved	surface	adult		182			10		"[{""surface"":""adult"",""occurrences"":182}]"
unresolved	surface	treviris		178			28		"[{""surface"":""treviris"",""occurrences"":146},{""surface"":""Treviris"",""occurrences"":32}]"
unresolved	surface	quedam		176			35		"[{""surface"":""quedam"",""occurrences"":165},{""surface"":""Quedam"",""occurrences"":11}]"
unresolved	surface	ton		171			44		"[{""surface"":""ton"",""occurrences"":142},{""surface"":""TON"",""occurrences"":23},{""surface"":""Ton"",""occurrences"":6}]"
unresolved	surface	decemb		169			17		"[{""surface"":""Decemb"",""occurrences"":129},{""surface"":""decemb"",""occurrences"":40}]"
unresolved	surface	tou		167			58		"[{""surface"":""tou"",""occurrences"":121},{""surface"":""TOU"",""occurrences"":45},{""surface"":""Tou"",""occurrences"":1}]"
unresolved	surface	aureliano		164			44		"[{""surface"":""aureliano"",""occurrences"":110},{""surface"":""Aureliano"",""occurrences"":54}]"
unresolved	surface	specus		162			96		"[{""surface"":""specus"",""occurrences"":158},{""surface"":""Specus"",""occurrences"":4}]"
unresolved	surface	eutychiano		154			30		"[{""surface"":""eutychiano"",""occurrences"":152},{""surface"":""Eutychiano"",""occurrences"":2}]"
unresolved	surface	aurelio		152			51		"[{""surface"":""aurelio"",""occurrences"":107},{""surface"":""Aurelio"",""occurrences"":45}]"
unresolved	surface	olybrio		151			32		"[{""surface"":""olybrio"",""occurrences"":136},{""surface"":""Olybrio"",""occurrences"":15}]"
unresolved	surface	aeliano		148			21		"[{""surface"":""aeliano"",""occurrences"":137},{""surface"":""Aeliano"",""occurrences"":11}]"
unresolved	surface	syagrio		143			27		"[{""surface"":""syagrio"",""occurrences"":138},{""surface"":""Syagrio"",""occurrences"":5}]"
unresolved	surface	vitell		132			13		"[{""surface"":""VITELL"",""occurrences"":72},{""surface"":""vitell"",""occurrences"":60}]"
unresolved	surface	philipp		124			16		"[{""surface"":""philipp"",""occurrences"":117},{""surface"":""Philipp"",""occurrences"":6},{""surface"":""PHILIPP"",""occurrences"":1}]"
unresolved	surface	twn		114			20		"[{""surface"":""twn"",""occurrences"":114}]"
unresolved	surface	merobaude		112			28		"[{""surface"":""merobaude"",""occurrences"":106},{""surface"":""Merobaude"",""occurrences"":6}]"
unresolved	surface	varroniano		110			26		"[{""surface"":""varroniano"",""occurrences"":105},{""surface"":""Varroniano"",""occurrences"":5}]"
unresolved	surface	octob		109			24		"[{""surface"":""octob"",""occurrences"":76},{""surface"":""Octob"",""occurrences"":33}]"
unresolved	surface	cynegio		106			24		"[{""surface"":""cynegio"",""occurrences"":104},{""surface"":""Cynegio"",""occurrences"":2}]"
unresolved	surface	presb		102			3		"[{""surface"":""presb"",""occurrences"":102}]"
unresolved	surface	balbino		100			16		"[{""surface"":""balbino"",""occurrences"":85},{""surface"":""Balbino"",""occurrences"":15}]"
unresolved	surface	cyro		100			55		"[{""surface"":""Cyro"",""occurrences"":70},{""surface"":""cyro"",""occurrences"":30}]"
unresolved	surface	gar		96			40		"[{""surface"":""gar"",""occurrences"":87},{""surface"":""GAR"",""occurrences"":9}]"
unresolved	surface	hypoth		96			8		"[{""surface"":""hypoth"",""occurrences"":96}]"
unresolved	surface	opust		96			25		"[{""surface"":""opust"",""occurrences"":94},{""surface"":""Opust"",""occurrences"":2}]"
unresolved	surface	satin		94			37		"[{""surface"":""satin"",""occurrences"":59},{""surface"":""Satin"",""occurrences"":35}]"
unresolved	surface	stilichone		93			24		"[{""surface"":""stilichone"",""occurrences"":88},{""surface"":""Stilichone"",""occurrences"":5}]"
unresolved	surface	trebelliano		92			28		"[{""surface"":""trebelliano"",""occurrences"":81},{""surface"":""Trebelliano"",""occurrences"":11}]"
unresolved	surface	nostr		91			6		"[{""surface"":""nostr"",""occurrences"":90},{""surface"":""Nostr"",""occurrences"":1}]"
unresolved	surface	pamphilum		88			25		"[{""surface"":""pamphilum"",""occurrences"":67},{""surface"":""Pamphilum"",""occurrences"":21}]"
unresolved	surface	clearcho		86			22		"[{""surface"":""clearcho"",""occurrences"":84},{""surface"":""Clearcho"",""occurrences"":2}]"
unresolved	surface	gallien		86			10		"[{""surface"":""gallien"",""occurrences"":86}]"
unresolved	surface	isidoro		84			30		"[{""surface"":""isidoro"",""occurrences"":69},{""surface"":""Isidoro"",""occurrences"":15}]"
unresolved	surface	cfr		80			1		"[{""surface"":""cfr"",""occurrences"":43},{""surface"":""Cfr"",""occurrences"":37}]"
unresolved	surface	corneliae		78			40		"[{""surface"":""corneliae"",""occurrences"":44},{""surface"":""Corneliae"",""occurrences"":34}]"
unresolved	surface	anastasio		76			17		"[{""surface"":""Anastasio"",""occurrences"":45},{""surface"":""anastasio"",""occurrences"":29},{""surface"":""ANASTASIO"",""occurrences"":2}]"
unresolved	surface	tas		75			34		"[{""surface"":""tas"",""occurrences"":72},{""surface"":""TAS"",""occurrences"":3}]"
unresolved	surface	estin		70			27		"[{""surface"":""estin"",""occurrences"":50},{""surface"":""ESTIN"",""occurrences"":16},{""surface"":""Estin"",""occurrences"":4}]"
unresolved	surface	symmachum		70			29		"[{""surface"":""symmachum"",""occurrences"":46},{""surface"":""Symmachum"",""occurrences"":24}]"
unresolved	surface	tun		70			31		"[{""surface"":""Tun"",""occurrences"":38},{""surface"":""tun"",""occurrences"":32}]"
unresolved	surface	pros		67			27		"[{""surface"":""pros"",""occurrences"":61},{""surface"":""PROS"",""occurrences"":5},{""surface"":""Pros"",""occurrences"":1}]"
unresolved	surface	symmacho		67			28		"[{""surface"":""symmacho"",""occurrences"":51},{""surface"":""Symmacho"",""occurrences"":16}]"
unresolved	surface	vin		67			27		"[{""surface"":""Vin"",""occurrences"":37},{""surface"":""vin"",""occurrences"":29},{""surface"":""VIN"",""occurrences"":1}]"
unresolved	surface	eutropio		64			27		"[{""surface"":""eutropio"",""occurrences"":58},{""surface"":""Eutropio"",""occurrences"":5},{""surface"":""EUTROPIO"",""occurrences"":1}]"
unresolved	surface	mamertino		63			22		"[{""surface"":""mamertino"",""occurrences"":50},{""surface"":""Mamertino"",""occurrences"":13}]"
unresolved	surface	ten		63			36		"[{""surface"":""ten"",""occurrences"":41},{""surface"":""Ten"",""occurrences"":14},{""surface"":""TEN"",""occurrences"":8}]"
unresolved	surface	eucherio		62			25		"[{""surface"":""eucherio"",""occurrences"":56},{""surface"":""Eucherio"",""occurrences"":6}]"
unresolved	surface	tur		61			45		"[{""surface"":""tur"",""occurrences"":59},{""surface"":""Tur"",""occurrences"":2}]"
unresolved	surface	heracliae		60			11		"[{""surface"":""heracliae"",""occurrences"":33},{""surface"":""Heracliae"",""occurrences"":27}]"
unresolved	surface	tys		60			10		"[{""surface"":""tys"",""occurrences"":60}]"
unresolved	surface	aetio		58			22		"[{""surface"":""Aetio"",""occurrences"":36},{""surface"":""aetio"",""occurrences"":22}]"
unresolved	surface	mamertinum		58			23		"[{""surface"":""mamertinum"",""occurrences"":48},{""surface"":""Mamertinum"",""occurrences"":10}]"
unresolved	surface	tyn		58			14		"[{""surface"":""tyn"",""occurrences"":58}]"
unresolved	surface	certumst		56			24		"[{""surface"":""certumst"",""occurrences"":50},{""surface"":""Certumst"",""occurrences"":6}]"
unresolved	surface	ouk		56			23		"[{""surface"":""ouk"",""occurrences"":52},{""surface"":""Ouk"",""occurrences"":4}]"
unresolved	surface	scin		55			21		"[{""surface"":""scin"",""occurrences"":39},{""surface"":""Scin"",""occurrences"":16}]"
unresolved	surface	touto		55			16		"[{""surface"":""touto"",""occurrences"":48},{""surface"":""TOUTO"",""occurrences"":6},{""surface"":""Touto"",""occurrences"":1}]"
unresolved	surface	iudic		54			11		"[{""surface"":""iudic"",""occurrences"":51},{""surface"":""Iudic"",""occurrences"":2},{""surface"":""iudiC"",""occurrences"":1}]"
unresolved	surface	seleuco		54			40		"[{""surface"":""Seleuco"",""occurrences"":43},{""surface"":""seleuco"",""occurrences"":11}]"
unresolved	surface	sient		53			22		"[{""surface"":""sient"",""occurrences"":52},{""surface"":""Sient"",""occurrences"":1}]"
unresolved	surface	heracleae		49			23		"[{""surface"":""heracleae"",""occurrences"":31},{""surface"":""Heracleae"",""occurrences"":18}]"
unresolved	surface	queis		49			25		"[{""surface"":""queis"",""occurrences"":33},{""surface"":""Queis"",""occurrences"":16}]"
unresolved	surface	corneliam		46			29		"[{""surface"":""Corneliam"",""occurrences"":23},{""surface"":""corneliam"",""occurrences"":23}]"
unresolved	surface	milit		46			6		"[{""surface"":""milit"",""occurrences"":46}]"
unresolved	surface	explicit		45			21		"[{""surface"":""Explicit"",""occurrences"":20},{""surface"":""explicit"",""occurrences"":20},{""surface"":""EXPLICIT"",""occurrences"":5}]"
unresolved	surface	monaxio		45			20		"[{""surface"":""monaxio"",""occurrences"":43},{""surface"":""Monaxio"",""occurrences"":2}]"
unresolved	surface	minic		44			27		"[{""surface"":""minic"",""occurrences"":44}]"
unresolved	surface	alla		43			16		"[{""surface"":""alla"",""occurrences"":41},{""surface"":""ALLA"",""occurrences"":1},{""surface"":""Alla"",""occurrences"":1}]"
unresolved	surface	aequomst		41			17		"[{""surface"":""aequomst"",""occurrences"":40},{""surface"":""Aequomst"",""occurrences"":1}]"
unresolved	surface	daemonas		41			19		"[{""surface"":""daemonas"",""occurrences"":32},{""surface"":""Daemonas"",""occurrences"":8},{""surface"":""DAEMONAS"",""occurrences"":1}]"
unresolved	surface	menandro		41			27		"[{""surface"":""Menandro"",""occurrences"":27},{""surface"":""menandro"",""occurrences"":13},{""surface"":""MENANDRO"",""occurrences"":1}]"
unresolved	surface	pamphili		41			20		"[{""surface"":""pamphili"",""occurrences"":29},{""surface"":""Pamphili"",""occurrences"":12}]"
unresolved	surface	attio		40			23		"[{""surface"":""attio"",""occurrences"":30},{""surface"":""Attio"",""occurrences"":10}]"
unresolved	surface	longino		40			23		"[{""surface"":""Longino"",""occurrences"":22},{""surface"":""longino"",""occurrences"":18}]"
unresolved	surface	factumst		39			16		"[{""surface"":""factumst"",""occurrences"":38},{""surface"":""Factumst"",""occurrences"":1}]"
unresolved	surface	hierio		39			23		"[{""surface"":""hierio"",""occurrences"":36},{""surface"":""Hierio"",""occurrences"":3}]"
unresolved	surface	ubicunque		39			30		"[{""surface"":""ubicunque"",""occurrences"":35},{""surface"":""Ubicunque"",""occurrences"":4}]"
unresolved	surface	ymnis		39			4		"[{""surface"":""ymnis"",""occurrences"":38},{""surface"":""Ymnis"",""occurrences"":1}]"
unresolved	surface	hws		37			9		"[{""surface"":""hws"",""occurrences"":37}]"
unresolved	surface	mou		37			19		"[{""surface"":""mou"",""occurrences"":35},{""surface"":""MOU"",""occurrences"":2}]"
unresolved	surface	catullino		36			15		"[{""surface"":""catullino"",""occurrences"":34},{""surface"":""Catullino"",""occurrences"":2}]"
unresolved	surface	einai		36			19		"[{""surface"":""einai"",""occurrences"":36}]"
unresolved	surface	meliust		36			17		"[{""surface"":""meliust"",""occurrences"":34},{""surface"":""Meliust"",""occurrences"":2}]"
unresolved	surface	pamphilo		36			15		"[{""surface"":""pamphilo"",""occurrences"":20},{""surface"":""Pamphilo"",""occurrences"":16}]"
unresolved	surface	quenquam		36			24		"[{""surface"":""quenquam"",""occurrences"":36}]"
unresolved	surface	sebastiano		36			20		"[{""surface"":""sebastiano"",""occurrences"":26},{""surface"":""Sebastiano"",""occurrences"":9},{""surface"":""SEBASTIANO"",""occurrences"":1}]"
unresolved	surface	lolliano		35			24		"[{""surface"":""lolliano"",""occurrences"":27},{""surface"":""Lolliano"",""occurrences"":8}]"
unresolved	surface	septemb		35			17		"[{""surface"":""septemb"",""occurrences"":23},{""surface"":""Septemb"",""occurrences"":12}]"
unresolved	surface	aeliam		34			21		"[{""surface"":""Aeliam"",""occurrences"":23},{""surface"":""aeliam"",""occurrences"":11}]"
unresolved	surface	eustathio		34			19		"[{""surface"":""eustathio"",""occurrences"":31},{""surface"":""Eustathio"",""occurrences"":3}]"
unresolved	surface	richomere		34			13		"[{""surface"":""richomere"",""occurrences"":33},{""surface"":""Richomere"",""occurrences"":1}]"
unresolved	surface	plerunque		33			19		"[{""surface"":""plerunque"",""occurrences"":33}]"
unresolved	surface	numer		32			13		"[{""surface"":""numer"",""occurrences"":32}]"
unresolved	surface	oblig		32			5		"[{""surface"":""oblig"",""occurrences"":32}]"
unresolved	surface	tem		32			26		"[{""surface"":""tem"",""occurrences"":31},{""surface"":""TEM"",""occurrences"":1}]"
unresolved	surface	fravito		31			12		"[{""surface"":""fravito"",""occurrences"":29},{""surface"":""Fravito"",""occurrences"":2}]"
unresolved	surface	homost		31			14		"[{""surface"":""homost"",""occurrences"":31}]"
unresolved	surface	moi		31			17		"[{""surface"":""moi"",""occurrences"":23},{""surface"":""MOI"",""occurrences"":8}]"
unresolved	surface	timotheo		31			23		"[{""surface"":""Timotheo"",""occurrences"":23},{""surface"":""timotheo"",""occurrences"":8}]"
unresolved	surface	domist		29			14		"[{""surface"":""domist"",""occurrences"":27},{""surface"":""Domist"",""occurrences"":2}]"
unresolved	surface	faustino		29			18		"[{""surface"":""faustino"",""occurrences"":22},{""surface"":""Faustino"",""occurrences"":7}]"
unresolved	surface	olybrium		29			16		"[{""surface"":""olybrium"",""occurrences"":25},{""surface"":""Olybrium"",""occurrences"":4}]"
unresolved	surface	potin		29			18		"[{""surface"":""Potin"",""occurrences"":19},{""surface"":""potin"",""occurrences"":10}]"
unresolved	surface	utrunque		29			18		"[{""surface"":""utrunque"",""occurrences"":25},{""surface"":""Utrunque"",""occurrences"":4}]"
unresolved	surface	anullino		28			9		"[{""surface"":""anullino"",""occurrences"":26},{""surface"":""Anullino"",""occurrences"":2}]"
unresolved	surface	aps		28			12		"[{""surface"":""aps"",""occurrences"":27},{""surface"":""Aps"",""occurrences"":1}]"
unresolved	surface	archelao		28			18		"[{""surface"":""Archelao"",""occurrences"":14},{""surface"":""archelao"",""occurrences"":14}]"
unresolved	surface	exalavit		28			11		"[{""surface"":""exalavit"",""occurrences"":28}]"
unresolved	surface	opu		28			6		"[{""surface"":""opu"",""occurrences"":26},{""surface"":""OPU"",""occurrences"":2}]"
unresolved	surface	philomena		28			14		"[{""surface"":""philomena"",""occurrences"":24},{""surface"":""Philomena"",""occurrences"":4}]"
unresolved	surface	autou		27			12		"[{""surface"":""autou"",""occurrences"":27}]"
unresolved	surface	dalmatio		27			18		"[{""surface"":""dalmatio"",""occurrences"":20},{""surface"":""Dalmatio"",""occurrences"":7}]"
unresolved	surface	falcid		27			5		"[{""surface"":""falcid"",""occurrences"":27}]"
unresolved	surface	hyems		27			13		"[{""surface"":""hyems"",""occurrences"":19},{""surface"":""Hyems"",""occurrences"":8}]"
unresolved	surface	hypatio		27			15		"[{""surface"":""hypatio"",""occurrences"":24},{""surface"":""Hypatio"",""occurrences"":3}]"
unresolved	surface	hypothesin		27			9		"[{""surface"":""hypothesin"",""occurrences"":26},{""surface"":""Hypothesin"",""occurrences"":1}]"
unresolved	surface	summatur		27			6		"[{""surface"":""summatur"",""occurrences"":23},{""surface"":""Summatur"",""occurrences"":4}]"
unresolved	surface	tauta		27			12		"[{""surface"":""tauta"",""occurrences"":23},{""surface"":""TAUTA"",""occurrences"":2},{""surface"":""Tauta"",""occurrences"":2}]"
unresolved	surface	eudoxii		26			4		"[{""surface"":""eudoxii"",""occurrences"":24},{""surface"":""Eudoxii"",""occurrences"":2}]"
unresolved	surface	ammiraldus		25			3		"[{""surface"":""ammiraldus"",""occurrences"":16},{""surface"":""Ammiraldus"",""occurrences"":9}]"
unresolved	surface	arintheo		25			11		"[{""surface"":""arintheo"",""occurrences"":22},{""surface"":""Arintheo"",""occurrences"":3}]"
unresolved	surface	basim		25			15		"[{""surface"":""basim"",""occurrences"":25}]"
unresolved	surface	beryto		25			16		"[{""surface"":""beryto"",""occurrences"":21},{""surface"":""Beryto"",""occurrences"":4}]"
unresolved	surface	ebdomadas		25			14		"[{""surface"":""ebdomadas"",""occurrences"":25}]"
unresolved	surface	fuat		25			22		"[{""surface"":""fuat"",""occurrences"":25}]"
unresolved	surface	ouch		25			14		"[{""surface"":""OUCH"",""occurrences"":15},{""surface"":""ouch"",""occurrences"":10}]"
unresolved	surface	proprietario		25			10		"[{""surface"":""proprietario"",""occurrences"":25}]"
unresolved	surface	ris		25			20		"[{""surface"":""ris"",""occurrences"":24},{""surface"":""Ris"",""occurrences"":1}]"
unresolved	surface	auton		24			13		"[{""surface"":""auton"",""occurrences"":22},{""surface"":""AUTON"",""occurrences"":1},{""surface"":""Auton"",""occurrences"":1}]"
unresolved	surface	trebatium		24			17		"[{""surface"":""Trebatium"",""occurrences"":19},{""surface"":""trebatium"",""occurrences"":5}]"
unresolved	surface	ancyrae		23			14		"[{""surface"":""ancyrae"",""occurrences"":16},{""surface"":""Ancyrae"",""occurrences"":7}]"
unresolved	surface	aristobulo		23			11		"[{""surface"":""aristobulo"",""occurrences"":18},{""surface"":""Aristobulo"",""occurrences"":5}]"
unresolved	surface	dagalaifo		23			17		"[{""surface"":""dagalaifo"",""occurrences"":20},{""surface"":""Dagalaifo"",""occurrences"":3}]"
unresolved	surface	epist		23			15		"[{""surface"":""epist"",""occurrences"":13},{""surface"":""Epist"",""occurrences"":10}]"
unresolved	surface	hie		23			3		"[{""surface"":""Hie"",""occurrences"":12},{""surface"":""hie"",""occurrences"":11}]"
unresolved	surface	pamphilam		23			10		"[{""surface"":""pamphilam"",""occurrences"":13},{""surface"":""Pamphilam"",""occurrences"":10}]"
unresolved	surface	priu		23			5		"[{""surface"":""priu"",""occurrences"":23}]"
unresolved	surface	tais		23			11		"[{""surface"":""tais"",""occurrences"":20},{""surface"":""Tais"",""occurrences"":2},{""surface"":""TAIS"",""occurrences"":1}]"
unresolved	surface	ebdomada		22			10		"[{""surface"":""ebdomada"",""occurrences"":22}]"
unresolved	surface	novemb		22			16		"[{""surface"":""novemb"",""occurrences"":13},{""surface"":""Novemb"",""occurrences"":9}]"
unresolved	surface	perduint		22			17		"[{""surface"":""perduint"",""occurrences"":22}]"
unresolved	surface	solennitate		22			11		"[{""surface"":""solennitate"",""occurrences"":22}]"
unresolved	surface	theodoto		22			18		"[{""surface"":""theodoto"",""occurrences"":14},{""surface"":""Theodoto"",""occurrences"":8}]"
unresolved	surface	trebatio		22			17		"[{""surface"":""trebatio"",""occurrences"":12},{""surface"":""Trebatio"",""occurrences"":10}]"
unresolved	surface	ymni		22			1		"[{""surface"":""ymni"",""occurrences"":22}]"
unresolved	surface	analogian		21			7		"[{""surface"":""analogian"",""occurrences"":20},{""surface"":""ANALOGIAN"",""occurrences"":1}]"
unresolved	surface	eiu		21			6		"[{""surface"":""eiu"",""occurrences"":21}]"
unresolved	surface	erythrio		21			8		"[{""surface"":""erythrio"",""occurrences"":21}]"
unresolved	surface	gaytus		21			2		"[{""surface"":""gaytus"",""occurrences"":20},{""surface"":""Gaytus"",""occurrences"":1}]"
unresolved	surface	horon		21			11		"[{""surface"":""horon"",""occurrences"":12},{""surface"":""Horon"",""occurrences"":9}]"
unresolved	surface	nebridio		21			13		"[{""surface"":""nebridio"",""occurrences"":16},{""surface"":""Nebridio"",""occurrences"":5}]"
unresolved	surface	oude		21			11		"[{""surface"":""oude"",""occurrences"":14},{""surface"":""OUDE"",""occurrences"":7}]"
unresolved	surface	pergin		21			13		"[{""surface"":""Pergin"",""occurrences"":14},{""surface"":""pergin"",""occurrences"":7}]"
unresolved	surface	quoiquam		21			10		"[{""surface"":""quoiquam"",""occurrences"":21}]"
unresolved	surface	animu		20			8		"[{""surface"":""animu"",""occurrences"":20}]"
unresolved	surface	excons		20			14		"[{""surface"":""EXCONS"",""occurrences"":13},{""surface"":""excons"",""occurrences"":7}]"
unresolved	surface	hupo		20			12		"[{""surface"":""hupo"",""occurrences"":20}]"
unresolved	surface	idololatrian		20			3		"[{""surface"":""idololatrian"",""occurrences"":20}]"
unresolved	surface	langore		20			8		"[{""surface"":""langore"",""occurrences"":20}]"
unresolved	surface	myde		20			3		"[{""surface"":""myde"",""occurrences"":19},{""surface"":""Myde"",""occurrences"":1}]"
unresolved	surface	negotist		20			12		"[{""surface"":""negotist"",""occurrences"":20}]"
unresolved	surface	simoniacam		20			7		"[{""surface"":""simoniacam"",""occurrences"":19},{""surface"":""Simoniacam"",""occurrences"":1}]"
unresolved	surface	sompno		20			14		"[{""surface"":""sompno"",""occurrences"":20}]"
unresolved	surface	adfin		19			1		"[{""surface"":""adfin"",""occurrences"":19}]"
unresolved	surface	all		19			13		"[{""surface"":""all"",""occurrences"":16},{""surface"":""All"",""occurrences"":2},{""surface"":""ALL"",""occurrences"":1}]"
unresolved	surface	aureliae		19			9		"[{""surface"":""aureliae"",""occurrences"":15},{""surface"":""Aureliae"",""occurrences"":4}]"
unresolved	surface	hyeme		19			11		"[{""surface"":""hyeme"",""occurrences"":18},{""surface"":""Hyeme"",""occurrences"":1}]"
unresolved	surface	maecianus		19			10		"[{""surface"":""maecianus"",""occurrences"":17},{""surface"":""Maecianus"",""occurrences"":2}]"
unresolved	surface	nullast		19			13		"[{""surface"":""nullast"",""occurrences"":17},{""surface"":""Nullast"",""occurrences"":2}]"
unresolved	surface	philoxeno		19			8		"[{""surface"":""philoxeno"",""occurrences"":14},{""surface"":""Philoxeno"",""occurrences"":5}]"
unresolved	surface	tempu		19			5		"[{""surface"":""tempu"",""occurrences"":19}]"
unresolved	surface	vettium		19			14		"[{""surface"":""Vettium"",""occurrences"":14},{""surface"":""vettium"",""occurrences"":5}]"
unresolved	surface	adeon		18			9		"[{""surface"":""adeon"",""occurrences"":15},{""surface"":""Adeon"",""occurrences"":3}]"
unresolved	surface	auxonio		18			11		"[{""surface"":""auxonio"",""occurrences"":18}]"
unresolved	surface	favoni		18			13		"[{""surface"":""Favoni"",""occurrences"":12},{""surface"":""favoni"",""occurrences"":6}]"
unresolved	surface	omnimo		18			3		"[{""surface"":""omnimo"",""occurrences"":18}]"
unresolved	surface	scripulos		18			5		"[{""surface"":""scripulos"",""occurrences"":18}]"
unresolved	surface	sexdecim		18			16		"[{""surface"":""sexdecim"",""occurrences"":18}]"
unresolved	surface	syagrium		18			10		"[{""surface"":""syagrium"",""occurrences"":15},{""surface"":""Syagrium"",""occurrences"":3}]"
unresolved	surface	tati		18			13		"[{""surface"":""Tati"",""occurrences"":12},{""surface"":""tati"",""occurrences"":6}]"
unresolved	surface	theologian		18			3		"[{""surface"":""theologian"",""occurrences"":18}]"
unresolved	surface	turpill		18			2		"[{""surface"":""turpill"",""occurrences"":18}]"
unresolved	surface	zoilo		18			11		"[{""surface"":""zoilo"",""occurrences"":14},{""surface"":""Zoilo"",""occurrences"":3},{""surface"":""ZOILO"",""occurrences"":1}]"
unresolved	surface	apolloniae		17			13		"[{""surface"":""Apolloniae"",""occurrences"":12},{""surface"":""apolloniae"",""occurrences"":5}]"
unresolved	surface	equs		17			3		"[{""surface"":""equs"",""occurrences"":17}]"
unresolved	surface	hermogeni		17			12		"[{""surface"":""hermogeni"",""occurrences"":12},{""surface"":""Hermogeni"",""occurrences"":5}]"
unresolved	surface	lam		17			12		"[{""surface"":""lam"",""occurrences"":12},{""surface"":""LAM"",""occurrences"":3},{""surface"":""Lam"",""occurrences"":2}]"
unresolved	surface	mucii		17			15		"[{""surface"":""mucii"",""occurrences"":9},{""surface"":""Mucii"",""occurrences"":8}]"
unresolved	surface	ohutws		17			6		"[{""surface"":""ohutws"",""occurrences"":16},{""surface"":""Ohutws"",""occurrences"":1}]"
unresolved	surface	pur		17			10		"[{""surface"":""PUR"",""occurrences"":11},{""surface"":""pur"",""occurrences"":6}]"
unresolved	surface	quidemst		17			9		"[{""surface"":""quidemst"",""occurrences"":17}]"
unresolved	surface	sompnia		17			8		"[{""surface"":""sompnia"",""occurrences"":17}]"
unresolved	surface	theophilo		17			14		"[{""surface"":""Theophilo"",""occurrences"":12},{""surface"":""theophilo"",""occurrences"":5}]"
unresolved	surface	trebellianum		17			7		"[{""surface"":""trebellianum"",""occurrences"":10},{""surface"":""Trebellianum"",""occurrences"":7}]"
unresolved	surface	ulpianum		17			9		"[{""surface"":""Ulpianum"",""occurrences"":10},{""surface"":""ulpianum"",""occurrences"":7}]"
unresolved	surface	actumst		16			8		"[{""surface"":""actumst"",""occurrences"":16}]"
unresolved	surface	discendit		16			10		"[{""surface"":""discendit"",""occurrences"":15},{""surface"":""Discendit"",""occurrences"":1}]"
unresolved	surface	manumiss		16			6		"[{""surface"":""manumiss"",""occurrences"":16}]"
unresolved	surface	mavelim		16			10		"[{""surface"":""mavelim"",""occurrences"":16}]"
unresolved	surface	nestorii		16			5		"[{""surface"":""Nestorii"",""occurrences"":8},{""surface"":""nestorii"",""occurrences"":8}]"
unresolved	surface	nostin		16			9		"[{""surface"":""nostin"",""occurrences"":14},{""surface"":""Nostin"",""occurrences"":2}]"
unresolved	surface	ocyus		16			7		"[{""surface"":""ocyus"",""occurrences"":15},{""surface"":""Ocyus"",""occurrences"":1}]"
unresolved	surface	olybrii		16			6		"[{""surface"":""Olybrii"",""occurrences"":9},{""surface"":""olybrii"",""occurrences"":7}]"
unresolved	surface	orfitum		16			11		"[{""surface"":""orfitum"",""occurrences"":12},{""surface"":""Orfitum"",""occurrences"":4}]"
unresolved	surface	peligno		16			9		"[{""surface"":""peligno"",""occurrences"":15},{""surface"":""Peligno"",""occurrences"":1}]"
unresolved	surface	potiu		16			5		"[{""surface"":""potiu"",""occurrences"":16}]"
unresolved	surface	praxin		16			7		"[{""surface"":""praxin"",""occurrences"":14},{""surface"":""Praxin"",""occurrences"":2}]"
unresolved	surface	putandumst		16			5		"[{""surface"":""putandumst"",""occurrences"":16}]"
unresolved	surface	ahy		15			1		"[{""surface"":""ahy"",""occurrences"":10},{""surface"":""Ahy"",""occurrences"":5}]"
unresolved	surface	catullinum		15			12		"[{""surface"":""catullinum"",""occurrences"":14},{""surface"":""Catullinum"",""occurrences"":1}]"
unresolved	surface	exei		15			4		"[{""surface"":""exei"",""occurrences"":15}]"
unresolved	surface	helioni		15			6		"[{""surface"":""helioni"",""occurrences"":15}]"
unresolved	surface	heuremat		15			10		"[{""surface"":""heuremat"",""occurrences"":15}]"
unresolved	surface	illorsum		15			2		"[{""surface"":""illorsum"",""occurrences"":15}]"
unresolved	surface	illus		15			9		"[{""surface"":""Illus"",""occurrences"":9},{""surface"":""illus"",""occurrences"":6}]"
unresolved	surface	iovio		15			10		"[{""surface"":""iovio"",""occurrences"":10},{""surface"":""Iovio"",""occurrences"":5}]"
unresolved	surface	leudes		15			3		"[{""surface"":""leudes"",""occurrences"":15}]"
unresolved	surface	monastirio		15			2		"[{""surface"":""monastirio"",""occurrences"":15}]"
unresolved	surface	namsi		15			7		"[{""surface"":""Namsi"",""occurrences"":11},{""surface"":""namsi"",""occurrences"":4}]"
unresolved	surface	nomo		15			6		"[{""surface"":""nomo"",""occurrences"":14},{""surface"":""Nomo"",""occurrences"":1}]"
unresolved	surface	oun		15			12		"[{""surface"":""oun"",""occurrences"":12},{""surface"":""OUN"",""occurrences"":3}]"
unresolved	surface	sebyrou		15			2		"[{""surface"":""sebyrou"",""occurrences"":15}]"
unresolved	surface	sylvas		15			6		"[{""surface"":""sylvas"",""occurrences"":15}]"
unresolved	surface	usust		15			9		"[{""surface"":""usust"",""occurrences"":15}]"
unresolved	surface	abin		14			10		"[{""surface"":""abin"",""occurrences"":8},{""surface"":""Abin"",""occurrences"":6}]"
unresolved	surface	arrio		14			10		"[{""surface"":""Arrio"",""occurrences"":9},{""surface"":""arrio"",""occurrences"":5}]"
unresolved	surface	autois		14			10		"[{""surface"":""autois"",""occurrences"":14}]"
unresolved	surface	brittiorum		14			12		"[{""surface"":""brittiorum"",""occurrences"":10},{""surface"":""Brittiorum"",""occurrences"":4}]"
unresolved	surface	facilest		14			11		"[{""surface"":""facilest"",""occurrences"":11},{""surface"":""Facilest"",""occurrences"":3}]"
unresolved	surface	firmino		14			10		"[{""surface"":""firmino"",""occurrences"":11},{""surface"":""Firmino"",""occurrences"":3}]"
unresolved	surface	futurumst		14			9		"[{""surface"":""futurumst"",""occurrences"":13},{""surface"":""Futurumst"",""occurrences"":1}]"
unresolved	surface	gnomonis		14			3		"[{""surface"":""gnomonis"",""occurrences"":14}]"
unresolved	surface	hee		14			8		"[{""surface"":""hee"",""occurrences"":9},{""surface"":""Hee"",""occurrences"":5}]"
unresolved	surface	ibus		14			12		"[{""surface"":""ibus"",""occurrences"":13},{""surface"":""Ibus"",""occurrences"":1}]"
unresolved	surface	illut		14			5		"[{""surface"":""illut"",""occurrences"":11},{""surface"":""Illut"",""occurrences"":3}]"
unresolved	surface	imper		14			8		"[{""surface"":""imper"",""occurrences"":12},{""surface"":""Imper"",""occurrences"":2}]"
unresolved	surface	itan		14			7		"[{""surface"":""itan"",""occurrences"":13},{""surface"":""Itan"",""occurrences"":1}]"
unresolved	surface	nemost		14			9		"[{""surface"":""nemost"",""occurrences"":12},{""surface"":""Nemost"",""occurrences"":2}]"
unresolved	surface	nestorio		14			13		"[{""surface"":""nestorio"",""occurrences"":9},{""surface"":""Nestorio"",""occurrences"":5}]"
unresolved	surface	offitium		14			6		"[{""surface"":""offitium"",""occurrences"":14}]"
unresolved	surface	pra		14			8		"[{""surface"":""pra"",""occurrences"":14}]"
unresolved	surface	psyches		14			6		"[{""surface"":""Psyches"",""occurrences"":10},{""surface"":""psyches"",""occurrences"":3},{""surface"":""PSYCHES"",""occurrences"":1}]"
unresolved	surface	sadducaeorum		14			10		"[{""surface"":""sadducaeorum"",""occurrences"":9},{""surface"":""Sadducaeorum"",""occurrences"":5}]"
unresolved	surface	sse		14			11		"[{""surface"":""sse"",""occurrences"":14}]"
unresolved	surface	symeus		14			1		"[{""surface"":""Symeus"",""occurrences"":7},{""surface"":""symeus"",""occurrences"":7}]"
unresolved	surface	tamem		14			6		"[{""surface"":""tamem"",""occurrences"":14}]"
unresolved	surface	tei		14			9		"[{""surface"":""tei"",""occurrences"":14}]"
unresolved	surface	tertullo		14			11		"[{""surface"":""Tertullo"",""occurrences"":9},{""surface"":""tertullo"",""occurrences"":5}]"
unresolved	surface	ulpio		14			11		"[{""surface"":""ulpio"",""occurrences"":8},{""surface"":""Ulpio"",""occurrences"":6}]"
unresolved	surface	unt		14			12		"[{""surface"":""unt"",""occurrences"":14}]"
unresolved	surface	viminacii		14			4		"[{""surface"":""viminacii"",""occurrences"":12},{""surface"":""Viminacii"",""occurrences"":2}]"
unresolved	surface	acindyno		13			8		"[{""surface"":""acindyno"",""occurrences"":12},{""surface"":""Acindyno"",""occurrences"":1}]"
unresolved	surface	afesin		13			1		"[{""surface"":""afesin"",""occurrences"":13}]"
unresolved	surface	arinthaeo		13			6		"[{""surface"":""arinthaeo"",""occurrences"":13}]"
unresolved	surface	autw		13			5		"[{""surface"":""autw"",""occurrences"":13}]"
unresolved	surface	danunt		13			9		"[{""surface"":""danunt"",""occurrences"":13}]"
unresolved	surface	eclypsis		13			7		"[{""surface"":""eclypsis"",""occurrences"":12},{""surface"":""Eclypsis"",""occurrences"":1}]"
unresolved	surface	ent		13			12		"[{""surface"":""ent"",""occurrences"":13}]"
unresolved	surface	epitropys		13			2		"[{""surface"":""epitropys"",""occurrences"":13}]"
unresolved	surface	eudoxio		13			10		"[{""surface"":""eudoxio"",""occurrences"":10},{""surface"":""Eudoxio"",""occurrences"":3}]"
unresolved	surface	facillume		13			13		"[{""surface"":""facillume"",""occurrences"":12},{""surface"":""Facillume"",""occurrences"":1}]"
unresolved	surface	falconem		13			8		"[{""surface"":""falconem"",""occurrences"":9},{""surface"":""Falconem"",""occurrences"":4}]"
unresolved	surface	helemosine		13			2		"[{""surface"":""helemosine"",""occurrences"":13}]"
unresolved	surface	hypoiastium		13			1		"[{""surface"":""hypoiastium"",""occurrences"":13}]"
unresolved	surface	iapyge		13			12		"[{""surface"":""Iapyge"",""occurrences"":10},{""surface"":""iapyge"",""occurrences"":3}]"
unresolved	surface	illest		13			11		"[{""surface"":""illest"",""occurrences"":13}]"
unresolved	surface	inc		13			8		"[{""surface"":""inc"",""occurrences"":13}]"
unresolved	surface	libon		13			1		"[{""surface"":""libon"",""occurrences"":13}]"
unresolved	surface	malest		13			7		"[{""surface"":""malest"",""occurrences"":11},{""surface"":""Malest"",""occurrences"":2}]"
unresolved	surface	mysiae		13			9		"[{""surface"":""Mysiae"",""occurrences"":10},{""surface"":""mysiae"",""occurrences"":3}]"
unresolved	surface	nai		13			6		"[{""surface"":""Nai"",""occurrences"":8},{""surface"":""nai"",""occurrences"":5}]"
unresolved	surface	ouden		13			8		"[{""surface"":""ouden"",""occurrences"":10},{""surface"":""OUDEN"",""occurrences"":2},{""surface"":""Ouden"",""occurrences"":1}]"
unresolved	surface	praescr		13			6		"[{""surface"":""praescr"",""occurrences"":13}]"
unresolved	surface	quecunque		13			9		"[{""surface"":""quecunque"",""occurrences"":13}]"
unresolved	surface	relliquias		13			11		"[{""surface"":""Relliquias"",""occurrences"":8},{""surface"":""relliquias"",""occurrences"":5}]"
unresolved	surface	satiust		13			12		"[{""surface"":""satiust"",""occurrences"":13}]"
unresolved	surface	simoniaca		13			6		"[{""surface"":""simoniaca"",""occurrences"":12},{""surface"":""Simoniaca"",""occurrences"":1}]"
unresolved	surface	zenophilo		13			10		"[{""surface"":""zenophilo"",""occurrences"":12},{""surface"":""Zenophilo"",""occurrences"":1}]"
unresolved	surface	attii		12			7		"[{""surface"":""attii"",""occurrences"":7},{""surface"":""Attii"",""occurrences"":5}]"
unresolved	surface	censen		12			11		"[{""surface"":""censen"",""occurrences"":7},{""surface"":""Censen"",""occurrences"":5}]"
unresolved	surface	decim		12			7		"[{""surface"":""decim"",""occurrences"":12}]"
unresolved	surface	defritum		12			5		"[{""surface"":""defritum"",""occurrences"":12}]"
unresolved	surface	duint		12			10		"[{""surface"":""duint"",""occurrences"":12}]"
unresolved	surface	epitropwn		12			2		"[{""surface"":""epitropwn"",""occurrences"":12}]"
unresolved	surface	euchario		12			5		"[{""surface"":""euchario"",""occurrences"":12}]"
unresolved	surface	herculio		12			8		"[{""surface"":""Herculio"",""occurrences"":7},{""surface"":""herculio"",""occurrences"":5}]"
unresolved	surface	hyemes		12			6		"[{""surface"":""hyemes"",""occurrences"":12}]"
unresolved	surface	hypocrisin		12			11		"[{""surface"":""hypocrisin"",""occurrences"":12}]"
unresolved	surface	leudibus		12			3		"[{""surface"":""leudibus"",""occurrences"":10},{""surface"":""Leudibus"",""occurrences"":2}]"
unresolved	surface	licteras		12			1		"[{""surface"":""licteras"",""occurrences"":12}]"
unresolved	surface	mir		12			7		"[{""surface"":""mir"",""occurrences"":12}]"
unresolved	surface	musicen		12			6		"[{""surface"":""musicen"",""occurrences"":11},{""surface"":""Musicen"",""occurrences"":1}]"
unresolved	surface	novembrio		12			6		"[{""surface"":""Novembrio"",""occurrences"":9},{""surface"":""novembrio"",""occurrences"":3}]"
unresolved	surface	peccuniam		12			2		"[{""surface"":""peccuniam"",""occurrences"":9},{""surface"":""Peccuniam"",""occurrences"":3}]"
unresolved	surface	tan		12			10		"[{""surface"":""tan"",""occurrences"":11},{""surface"":""Tan"",""occurrences"":1}]"
unresolved	surface	aeliae		11			9		"[{""surface"":""aeliae"",""occurrences"":7},{""surface"":""Aeliae"",""occurrences"":4}]"
unresolved	surface	artemidoro		11			9		"[{""surface"":""Artemidoro"",""occurrences"":7},{""surface"":""artemidoro"",""occurrences"":4}]"
unresolved	surface	auty		11			4		"[{""surface"":""auty"",""occurrences"":11}]"
unresolved	surface	auxonium		11			9		"[{""surface"":""auxonium"",""occurrences"":11}]"
unresolved	surface	caess		11			6		"[{""surface"":""caess"",""occurrences"":11}]"
unresolved	surface	cantara		11			1		"[{""surface"":""cantara"",""occurrences"":11}]"
unresolved	surface	codicill		11			5		"[{""surface"":""codicill"",""occurrences"":11}]"
unresolved	surface	datumst		11			10		"[{""surface"":""datumst"",""occurrences"":11}]"
unresolved	surface	difficilest		11			8		"[{""surface"":""difficilest"",""occurrences"":11}]"
unresolved	surface	distinat		11			5		"[{""surface"":""distinat"",""occurrences"":11}]"
unresolved	surface	ebdomade		11			3		"[{""surface"":""ebdomade"",""occurrences"":11}]"
unresolved	surface	eunomianorum		11			2		"[{""surface"":""eunomianorum"",""occurrences"":9},{""surface"":""Eunomianorum"",""occurrences"":2}]"
unresolved	surface	exousin		11			3		"[{""surface"":""exousin"",""occurrences"":11}]"
unresolved	surface	factost		11			11		"[{""surface"":""factost"",""occurrences"":11}]"
unresolved	surface	gayto		11			1		"[{""surface"":""gayto"",""occurrences"":11}]"
unresolved	surface	hypoaeolium		11			1		"[{""surface"":""hypoaeolium"",""occurrences"":11}]"
unresolved	surface	lacrumans		11			10		"[{""surface"":""lacrumans"",""occurrences"":11}]"
unresolved	surface	lollianum		11			10		"[{""surface"":""Lollianum"",""occurrences"":6},{""surface"":""lollianum"",""occurrences"":5}]"
unresolved	surface	maevi		11			9		"[{""surface"":""maevi"",""occurrences"":9},{""surface"":""MAEVI"",""occurrences"":1},{""surface"":""Maevi"",""occurrences"":1}]"
unresolved	surface	mihist		11			9		"[{""surface"":""mihist"",""occurrences"":11}]"
unresolved	surface	mirumst		11			7		"[{""surface"":""mirumst"",""occurrences"":9},{""surface"":""Mirumst"",""occurrences"":2}]"
unresolved	surface	mnizo		11			5		"[{""surface"":""mnizo"",""occurrences"":11}]"
unresolved	surface	molestumst		11			10		"[{""surface"":""molestumst"",""occurrences"":11}]"
unresolved	surface	monon		11			6		"[{""surface"":""monon"",""occurrences"":10},{""surface"":""MONON"",""occurrences"":1}]"
unresolved	surface	ousia		11			9		"[{""surface"":""ousia"",""occurrences"":8},{""surface"":""OUSIA"",""occurrences"":3}]"
unresolved	surface	penitenciam		11			6		"[{""surface"":""penitenciam"",""occurrences"":11}]"
unresolved	surface	pernitiem		11			7		"[{""surface"":""pernitiem"",""occurrences"":11}]"
unresolved	surface	possiet		11			10		"[{""surface"":""possiet"",""occurrences"":11}]"
unresolved	surface	provintiam		11			8		"[{""surface"":""provintiam"",""occurrences"":11}]"
unresolved	surface	quac		11			8		"[{""surface"":""quac"",""occurrences"":11}]"
unresolved	surface	ram		11			8		"[{""surface"":""ram"",""occurrences"":6},{""surface"":""Ram"",""occurrences"":5}]"
unresolved	surface	sancita		11			10		"[{""surface"":""sancita"",""occurrences"":10},{""surface"":""Sancita"",""occurrences"":1}]"
unresolved	surface	saturn		11			1		"[{""surface"":""saturn"",""occurrences"":11}]"
unresolved	surface	similest		11			8		"[{""surface"":""similest"",""occurrences"":11}]"
unresolved	surface	stilichoni		11			3		"[{""surface"":""stilichoni"",""occurrences"":11}]"
unresolved	surface	tia		11			11		"[{""surface"":""tia"",""occurrences"":11}]"
unresolved	surface	toutwn		11			3		"[{""surface"":""toutwn"",""occurrences"":11}]"
unresolved	surface	ubist		11			7		"[{""surface"":""ubist"",""occurrences"":11}]"
unresolved	surface	undiquaque		11			7		"[{""surface"":""undiquaque"",""occurrences"":11}]"
unresolved	surface	aega		10			5		"[{""surface"":""Aega"",""occurrences"":7},{""surface"":""aega"",""occurrences"":3}]"
unresolved	surface	aeolium		10			5		"[{""surface"":""aeolium"",""occurrences"":6},{""surface"":""Aeolium"",""occurrences"":4}]"
unresolved	surface	anthropon		10			8		"[{""surface"":""anthropon"",""occurrences"":6},{""surface"":""ANTHROPON"",""occurrences"":4}]"
unresolved	surface	antwninou		10			2		"[{""surface"":""antwninou"",""occurrences"":10}]"
unresolved	surface	brixiae		10			8		"[{""surface"":""brixiae"",""occurrences"":6},{""surface"":""Brixiae"",""occurrences"":4}]"
unresolved	surface	dictumst		10			8		"[{""surface"":""dictumst"",""occurrences"":10}]"
unresolved	surface	dignumst		10			6		"[{""surface"":""dignumst"",""occurrences"":10}]"
unresolved	surface	dikaion		10			4		"[{""surface"":""dikaion"",""occurrences"":10}]"
unresolved	surface	dokei		10			3		"[{""surface"":""dokei"",""occurrences"":10}]"
unresolved	surface	endecasillabum		10			1		"[{""surface"":""endecasillabum"",""occurrences"":10}]"
unresolved	surface	entos		10			2		"[{""surface"":""entos"",""occurrences"":10}]"
unresolved	surface	epitropas		10			2		"[{""surface"":""epitropas"",""occurrences"":10}]"
unresolved	surface	ergasteriis		10			7		"[{""surface"":""ergasteriis"",""occurrences"":10}]"
unresolved	surface	facinu		10			4		"[{""surface"":""facinu"",""occurrences"":10}]"
unresolved	surface	gablo		10			1		"[{""surface"":""gablo"",""occurrences"":10}]"
unresolved	surface	helpidio		10			8		"[{""surface"":""helpidio"",""occurrences"":9},{""surface"":""Helpidio"",""occurrences"":1}]"
unresolved	surface	inpresentiarum		10			4		"[{""surface"":""inpresentiarum"",""occurrences"":10}]"
unresolved	surface	leticia		10			6		"[{""surface"":""leticia"",""occurrences"":10}]"
unresolved	surface	malachim		10			3		"[{""surface"":""Malachim"",""occurrences"":6},{""surface"":""malachim"",""occurrences"":4}]"
unresolved	surface	malist		10			6		"[{""surface"":""malist"",""occurrences"":10}]"
unresolved	surface	meu		10			5		"[{""surface"":""meu"",""occurrences"":10}]"
unresolved	surface	mum		10			8		"[{""surface"":""mum"",""occurrences"":10}]"
unresolved	surface	neratii		10			8		"[{""surface"":""neratii"",""occurrences"":10}]"
unresolved	surface	ofilio		10			5		"[{""surface"":""ofilio"",""occurrences"":9},{""surface"":""Ofilio"",""occurrences"":1}]"
unresolved	surface	onmes		10			9		"[{""surface"":""onmes"",""occurrences"":10}]"
unresolved	surface	peccunia		10			5		"[{""surface"":""peccunia"",""occurrences"":10}]"
unresolved	surface	philadelpho		10			9		"[{""surface"":""Philadelpho"",""occurrences"":6},{""surface"":""philadelpho"",""occurrences"":4}]"
unresolved	surface	pronao		10			3		"[{""surface"":""pronao"",""occurrences"":10}]"
unresolved	surface	sanun		10			9		"[{""surface"":""Sanun"",""occurrences"":5},{""surface"":""sanun"",""occurrences"":5}]"
unresolved	surface	sco		10			3		"[{""surface"":""sco"",""occurrences"":10}]"
unresolved	surface	scs		10			1		"[{""surface"":""scs"",""occurrences"":9},{""surface"":""Scs"",""occurrences"":1}]"
unresolved	surface	sicyonia		10			7		"[{""surface"":""Sicyonia"",""occurrences"":7},{""surface"":""sicyonia"",""occurrences"":3}]"
unresolved	surface	sonu		10			8		"[{""surface"":""sonu"",""occurrences"":10}]"
unresolved	surface	sou		10			10		"[{""surface"":""sou"",""occurrences"":6},{""surface"":""SOU"",""occurrences"":4}]"
unresolved	surface	sporacio		10			5		"[{""surface"":""sporacio"",""occurrences"":9},{""surface"":""Sporacio"",""occurrences"":1}]"
unresolved	surface	sque		10			8		"[{""surface"":""sque"",""occurrences"":10}]"
unresolved	surface	synod		10			4		"[{""surface"":""synod"",""occurrences"":9},{""surface"":""Synod"",""occurrences"":1}]"
unresolved	surface	theos		10			4		"[{""surface"":""theos"",""occurrences"":9},{""surface"":""THEOS"",""occurrences"":1}]"
unresolved	surface	topon		10			2		"[{""surface"":""topon"",""occurrences"":10}]"
unresolved	surface	tra		10			7		"[{""surface"":""tra"",""occurrences"":10}]"
unresolved	surface	tropikos		10			4		"[{""surface"":""TROPIKOS"",""occurrences"":6},{""surface"":""tropikos"",""occurrences"":4}]"
unresolved	surface	und		10			8		"[{""surface"":""und"",""occurrences"":8},{""surface"":""Und"",""occurrences"":2}]"
unresolved	surface	ven		10			9		"[{""surface"":""ven"",""occurrences"":8},{""surface"":""Ven"",""occurrences"":2}]"
unresolved	surface	visust		10			9		"[{""surface"":""visust"",""occurrences"":10}]"
unresolved	surface	ymnos		10			3		"[{""surface"":""ymnos"",""occurrences"":10}]"
unresolved	surface	zotico		10			6		"[{""surface"":""zotico"",""occurrences"":10}]"
unresolved	surface	aegrest		9			7		"[{""surface"":""aegrest"",""occurrences"":9}]"
unresolved	surface	aelianum		9			7		"[{""surface"":""aelianum"",""occurrences"":6},{""surface"":""Aelianum"",""occurrences"":3}]"
unresolved	surface	andromacho		9			6		"[{""surface"":""andromacho"",""occurrences"":7},{""surface"":""Andromacho"",""occurrences"":2}]"
unresolved	surface	antiphrasin		9			8		"[{""surface"":""antiphrasin"",""occurrences"":9}]"
unresolved	surface	autoi		9			7		"[{""surface"":""autoi"",""occurrences"":9}]"
unresolved	surface	autwn		9			6		"[{""surface"":""autwn"",""occurrences"":9}]"
unresolved	surface	bithynos		9			8		"[{""surface"":""bithynos"",""occurrences"":5},{""surface"":""Bithynos"",""occurrences"":4}]"
unresolved	surface	causast		9			8		"[{""surface"":""causast"",""occurrences"":8},{""surface"":""Causast"",""occurrences"":1}]"
unresolved	surface	ces		9			8		"[{""surface"":""ces"",""occurrences"":6},{""surface"":""Ces"",""occurrences"":3}]"
unresolved	surface	clearchum		9			8		"[{""surface"":""clearchum"",""occurrences"":8},{""surface"":""Clearchum"",""occurrences"":1}]"
unresolved	surface	cydnum		9			5		"[{""surface"":""Cydnum"",""occurrences"":5},{""surface"":""cydnum"",""occurrences"":4}]"
unresolved	surface	decretumst		9			8		"[{""surface"":""decretumst"",""occurrences"":9}]"
unresolved	surface	dixin		9			7		"[{""surface"":""Dixin"",""occurrences"":5},{""surface"":""dixin"",""occurrences"":4}]"
unresolved	surface	ennoio		9			3		"[{""surface"":""ennoio"",""occurrences"":9}]"
unresolved	surface	epitropos		9			1		"[{""surface"":""epitropos"",""occurrences"":9}]"
unresolved	surface	estai		9			6		"[{""surface"":""estai"",""occurrences"":7},{""surface"":""ESTAI"",""occurrences"":1},{""surface"":""Estai"",""occurrences"":1}]"
unresolved	surface	eucherium		9			9		"[{""surface"":""Eucherium"",""occurrences"":6},{""surface"":""eucherium"",""occurrences"":3}]"
unresolved	surface	gaytum		9			1		"[{""surface"":""gaytum"",""occurrences"":9}]"
unresolved	surface	hotan		9			3		"[{""surface"":""hotan"",""occurrences"":8},{""surface"":""Hotan"",""occurrences"":1}]"
unresolved	surface	hwn		9			6		"[{""surface"":""hwn"",""occurrences"":9}]"
unresolved	surface	hystoria		9			4		"[{""surface"":""hystoria"",""occurrences"":8},{""surface"":""Hystoria"",""occurrences"":1}]"
unresolved	surface	iastium		9			2		"[{""surface"":""iastium"",""occurrences"":8},{""surface"":""Iastium"",""occurrences"":1}]"
unresolved	surface	ingratitudinem		9			6		"[{""surface"":""ingratitudinem"",""occurrences"":9}]"
unresolved	surface	interscapilio		9			1		"[{""surface"":""interscapilio"",""occurrences"":9}]"
unresolved	surface	inventast		9			8		"[{""surface"":""inventast"",""occurrences"":9}]"
unresolved	surface	irenaeo		9			5		"[{""surface"":""Irenaeo"",""occurrences"":5},{""surface"":""irenaeo"",""occurrences"":4}]"
unresolved	surface	kat		9			6		"[{""surface"":""kat"",""occurrences"":5},{""surface"":""KAT"",""occurrences"":4}]"
unresolved	surface	langoribus		9			5		"[{""surface"":""langoribus"",""occurrences"":9}]"
unresolved	surface	langoris		9			7		"[{""surface"":""langoris"",""occurrences"":9}]"
unresolved	surface	lictera		9			2		"[{""surface"":""lictera"",""occurrences"":6},{""surface"":""Lictera"",""occurrences"":3}]"
unresolved	surface	lycium		9			9		"[{""surface"":""Lycium"",""occurrences"":6},{""surface"":""lycium"",""occurrences"":2},{""surface"":""LYCIUM"",""occurrences"":1}]"
unresolved	surface	mavellem		9			5		"[{""surface"":""mavellem"",""occurrences"":9}]"
unresolved	surface	maxumumst		9			9		"[{""surface"":""maxumumst"",""occurrences"":9}]"
unresolved	surface	meministin		9			7		"[{""surface"":""meministin"",""occurrences"":7},{""surface"":""Meministin"",""occurrences"":2}]"
unresolved	surface	mogontiaci		9			4		"[{""surface"":""Mogontiaci"",""occurrences"":7},{""surface"":""mogontiaci"",""occurrences"":2}]"
unresolved	surface	monastyrium		9			3		"[{""surface"":""monastyrium"",""occurrences"":9}]"
unresolved	surface	montaneam		9			4		"[{""surface"":""montaneam"",""occurrences"":9}]"
unresolved	surface	mti		9			1		"[{""surface"":""mti"",""occurrences"":9}]"
unresolved	surface	niciae		9			7		"[{""surface"":""Niciae"",""occurrences"":6},{""surface"":""niciae"",""occurrences"":3}]"
unresolved	surface	ntur		9			8		"[{""surface"":""ntur"",""occurrences"":9}]"
unresolved	surface	occulos		9			4		"[{""surface"":""occulos"",""occurrences"":7},{""surface"":""Occulos"",""occurrences"":2}]"
unresolved	surface	ohutoi		9			4		"[{""surface"":""ohutoi"",""occurrences"":8},{""surface"":""Ohutoi"",""occurrences"":1}]"
unresolved	surface	panormitani		9			4		"[{""surface"":""Panormitani"",""occurrences"":6},{""surface"":""panormitani"",""occurrences"":2},{""surface"":""PanormitanI"",""occurrences"":1}]"
unresolved	surface	phylosopho		9			5		"[{""surface"":""Phylosopho"",""occurrences"":6},{""surface"":""phylosopho"",""occurrences"":3}]"
unresolved	surface	plusquamperfecto		9			1		"[{""surface"":""plusquamperfecto"",""occurrences"":9}]"
unresolved	surface	proprietarii		9			5		"[{""surface"":""proprietarii"",""occurrences"":9}]"
unresolved	surface	quoidam		9			7		"[{""surface"":""quoidam"",""occurrences"":9}]"
unresolved	surface	rithimorum		9			1		"[{""surface"":""rithimorum"",""occurrences"":8},{""surface"":""Rithimorum"",""occurrences"":1}]"
unresolved	surface	sapuit		9			9		"[{""surface"":""sapuit"",""occurrences"":9}]"
unresolved	surface	scaturrigines		9			6		"[{""surface"":""scaturrigines"",""occurrences"":9}]"
unresolved	surface	semul		9			6		"[{""surface"":""semul"",""occurrences"":9}]"
unresolved	surface	sompnis		9			5		"[{""surface"":""sompnis"",""occurrences"":9}]"
unresolved	surface	sopatro		9			7		"[{""surface"":""Sopatro"",""occurrences"":7},{""surface"":""sopatro"",""occurrences"":2}]"
unresolved	surface	sophye		9			2		"[{""surface"":""Sophye"",""occurrences"":7},{""surface"":""sophye"",""occurrences"":2}]"
unresolved	surface	sti		9			6		"[{""surface"":""sti"",""occurrences"":9}]"
unresolved	surface	sun		9			6		"[{""surface"":""sun"",""occurrences"":8},{""surface"":""SUN"",""occurrences"":1}]"
unresolved	surface	syndico		9			6		"[{""surface"":""syndico"",""occurrences"":8},{""surface"":""SYNDICO"",""occurrences"":1}]"
unresolved	surface	syndicum		9			4		"[{""surface"":""syndicum"",""occurrences"":9}]"
unresolved	surface	tate		9			8		"[{""surface"":""tate"",""occurrences"":9}]"
unresolved	surface	theodorae		9			6		"[{""surface"":""theodorae"",""occurrences"":4},{""surface"":""Theodorae"",""occurrences"":3},{""surface"":""THEODORAE"",""occurrences"":2}]"
unresolved	surface	theodotae		9			5		"[{""surface"":""theodotae"",""occurrences"":8},{""surface"":""Theodotae"",""occurrences"":1}]"
unresolved	surface	thesin		9			5		"[{""surface"":""thesin"",""occurrences"":7},{""surface"":""Thesin"",""occurrences"":2}]"
unresolved	surface	uam		9			8		"[{""surface"":""uam"",""occurrences"":9}]"
unresolved	surface	visumst		9			8		"[{""surface"":""visumst"",""occurrences"":8},{""surface"":""Visumst"",""occurrences"":1}]"
unresolved	surface	ymnus		9			4		"[{""surface"":""ymnus"",""occurrences"":9}]"
unresolved	surface	zosimo		9			7		"[{""surface"":""zosimo"",""occurrences"":6},{""surface"":""Zosimo"",""occurrences"":3}]"
unresolved	surface	acyndino		8			7		"[{""surface"":""acyndino"",""occurrences"":7},{""surface"":""Acyndino"",""occurrences"":1}]"
unresolved	surface	afesews		8			1		"[{""surface"":""afesews"",""occurrences"":8}]"
unresolved	surface	allon		8			7		"[{""surface"":""allon"",""occurrences"":6},{""surface"":""ALLON"",""occurrences"":1},{""surface"":""Allon"",""occurrences"":1}]"
unresolved	surface	ammiraldi		8			3		"[{""surface"":""ammiraldi"",""occurrences"":6},{""surface"":""Ammiraldi"",""occurrences"":2}]"
unresolved	surface	arbetione		8			6		"[{""surface"":""Arbetione"",""occurrences"":4},{""surface"":""arbetione"",""occurrences"":4}]"
unresolved	surface	autous		8			4		"[{""surface"":""autous"",""occurrences"":8}]"
unresolved	surface	beauuesberge		8			1		"[{""surface"":""Beauuesberge"",""occurrences"":5},{""surface"":""beauuesberge"",""occurrences"":3}]"
unresolved	surface	biocrhsta		8			1		"[{""surface"":""biocrhsta"",""occurrences"":8}]"
unresolved	surface	cam		8			6		"[{""surface"":""cam"",""occurrences"":7},{""surface"":""Cam"",""occurrences"":1}]"
unresolved	surface	castr		8			2		"[{""surface"":""castr"",""occurrences"":8}]"
unresolved	surface	century		8			8		"[{""surface"":""century"",""occurrences"":8}]"
unresolved	surface	cocceio		8			8		"[{""surface"":""Cocceio"",""occurrences"":6},{""surface"":""cocceio"",""occurrences"":2}]"
unresolved	surface	consciencie		8			3		"[{""surface"":""consciencie"",""occurrences"":8}]"
unresolved	surface	corneliani		8			7		"[{""surface"":""corneliani"",""occurrences"":6},{""surface"":""Corneliani"",""occurrences"":2}]"
unresolved	surface	deffendit		8			1		"[{""surface"":""deffendit"",""occurrences"":7},{""surface"":""Deffendit"",""occurrences"":1}]"
unresolved	surface	dirixit		8			5		"[{""surface"":""dirixit"",""occurrences"":8}]"
unresolved	surface	distinavit		8			7		"[{""surface"":""distinavit"",""occurrences"":8}]"
unresolved	surface	dubiumst		8			6		"[{""surface"":""dubiumst"",""occurrences"":8}]"
unresolved	surface	dyabolus		8			3		"[{""surface"":""Dyabolus"",""occurrences"":4},{""surface"":""dyabolus"",""occurrences"":4}]"
unresolved	surface	each		8			1		"[{""surface"":""each"",""occurrences"":8}]"
unresolved	surface	ebdomadarum		8			3		"[{""surface"":""ebdomadarum"",""occurrences"":8}]"
unresolved	surface	ebes		8			1		"[{""surface"":""ebes"",""occurrences"":8}]"
unresolved	surface	eidenai		8			4		"[{""surface"":""Eidenai"",""occurrences"":5},{""surface"":""eidenai"",""occurrences"":3}]"
unresolved	surface	erotio		8			3		"[{""surface"":""Erotio"",""occurrences"":6},{""surface"":""erotio"",""occurrences"":2}]"
unresolved	surface	eudoxiopoli		8			6		"[{""surface"":""eudoxiopoli"",""occurrences"":7},{""surface"":""Eudoxiopoli"",""occurrences"":1}]"
unresolved	surface	eufratensis		8			3		"[{""surface"":""Eufratensis"",""occurrences"":6},{""surface"":""eufratensis"",""occurrences"":2}]"
unresolved	surface	eutychio		8			5		"[{""surface"":""eutychio"",""occurrences"":6},{""surface"":""Eutychio"",""occurrences"":2}]"
unresolved	surface	exein		8			4		"[{""surface"":""exein"",""occurrences"":8}]"
unresolved	surface	exryn		8			2		"[{""surface"":""exryn"",""occurrences"":8}]"
unresolved	surface	faedera		8			1		"[{""surface"":""faedera"",""occurrences"":8}]"
unresolved	surface	falcone		8			7		"[{""surface"":""Falcone"",""occurrences"":6},{""surface"":""falcone"",""occurrences"":2}]"
unresolved	surface	hemistrigia		8			1		"[{""surface"":""hemistrigia"",""occurrences"":8}]"
unresolved	surface	heracliano		8			6		"[{""surface"":""heracliano"",""occurrences"":6},{""surface"":""Heracliano"",""occurrences"":2}]"
unresolved	surface	hernica		8			8		"[{""surface"":""Hernica"",""occurrences"":6},{""surface"":""hernica"",""occurrences"":2}]"
unresolved	surface	hyper		8			5		"[{""surface"":""hyper"",""occurrences"":7},{""surface"":""Hyper"",""occurrences"":1}]"
unresolved	surface	illast		8			7		"[{""surface"":""illast"",""occurrences"":7},{""surface"":""Illast"",""occurrences"":1}]"
unresolved	surface	int		8			8		"[{""surface"":""int"",""occurrences"":8}]"
unresolved	surface	intercess		8			1		"[{""surface"":""intercess"",""occurrences"":8}]"
unresolved	surface	ipsu		8			2		"[{""surface"":""ipsu"",""occurrences"":8}]"
unresolved	surface	ligua		8			1		"[{""surface"":""ligua"",""occurrences"":8}]"
unresolved	surface	maechus		8			4		"[{""surface"":""maechus"",""occurrences"":8}]"
unresolved	surface	mavolo		8			7		"[{""surface"":""mavolo"",""occurrences"":8}]"
unresolved	surface	mega		8			5		"[{""surface"":""mega"",""occurrences"":6},{""surface"":""Mega"",""occurrences"":2}]"
unresolved	surface	meliu		8			4		"[{""surface"":""meliu"",""occurrences"":8}]"
unresolved	surface	mentoi		8			2		"[{""surface"":""mentoi"",""occurrences"":8}]"
unresolved	surface	meumst		8			5		"[{""surface"":""meumst"",""occurrences"":8}]"
unresolved	surface	monastirium		8			2		"[{""surface"":""monastirium"",""occurrences"":8}]"
unresolved	surface	mortuost		8			6		"[{""surface"":""mortuost"",""occurrences"":6},{""surface"":""Mortuost"",""occurrences"":2}]"
unresolved	surface	nicomacho		8			5		"[{""surface"":""Nicomacho"",""occurrences"":6},{""surface"":""nicomacho"",""occurrences"":2}]"
unresolved	surface	notificavit		8			5		"[{""surface"":""notificavit"",""occurrences"":8}]"
unresolved	surface	nullust		8			5		"[{""surface"":""nullust"",""occurrences"":6},{""surface"":""Nullust"",""occurrences"":2}]"
unresolved	surface	nusquamst		8			7		"[{""surface"":""nusquamst"",""occurrences"":7},{""surface"":""Nusquamst"",""occurrences"":1}]"
unresolved	surface	occasiost		8			6		"[{""surface"":""occasiost"",""occurrences"":8}]"
unresolved	surface	oenogaro		8			4		"[{""surface"":""oenogaro"",""occurrences"":8}]"
unresolved	surface	ophiuchi		8			4		"[{""surface"":""Ophiuchi"",""occurrences"":6},{""surface"":""ophiuchi"",""occurrences"":2}]"
unresolved	surface	osteum		8			4		"[{""surface"":""osteum"",""occurrences"":8}]"
unresolved	surface	palin		8			5		"[{""surface"":""palin"",""occurrences"":7},{""surface"":""PALIN"",""occurrences"":1}]"
unresolved	surface	pamphilae		8			4		"[{""surface"":""pamphilae"",""occurrences"":8}]"
unresolved	surface	panther		8			3		"[{""surface"":""panther"",""occurrences"":5},{""surface"":""Panther"",""occurrences"":3}]"
unresolved	surface	peccunie		8			2		"[{""surface"":""peccunie"",""occurrences"":8}]"
unresolved	surface	pecul		8			2		"[{""surface"":""pecul"",""occurrences"":8}]"
unresolved	surface	pegaso		8			8		"[{""surface"":""Pegaso"",""occurrences"":5},{""surface"":""pegaso"",""occurrences"":3}]"
unresolved	surface	pigneribus		8			8		"[{""surface"":""pigneribus"",""occurrences"":8}]"
unresolved	surface	pneu		8			1		"[{""surface"":""pneu"",""occurrences"":8}]"
unresolved	surface	promtu		8			6		"[{""surface"":""promtu"",""occurrences"":8}]"
unresolved	surface	provesmian		8			1		"[{""surface"":""provesmian"",""occurrences"":8}]"
unresolved	surface	provintia		8			6		"[{""surface"":""provintia"",""occurrences"":6},{""surface"":""Provintia"",""occurrences"":2}]"
unresolved	surface	pulcherruma		8			8		"[{""surface"":""pulcherruma"",""occurrences"":8}]"
unresolved	surface	quantotius		8			5		"[{""surface"":""quantotius"",""occurrences"":8}]"
unresolved	surface	relig		8			4		"[{""surface"":""relig"",""occurrences"":8}]"
unresolved	surface	satyra		8			5		"[{""surface"":""satyra"",""occurrences"":6},{""surface"":""Satyra"",""occurrences"":2}]"
unresolved	surface	scaturrigine		8			7		"[{""surface"":""scaturrigine"",""occurrences"":8}]"
unresolved	surface	sicin		8			7		"[{""surface"":""sicin"",""occurrences"":8}]"
unresolved	surface	sompnium		8			5		"[{""surface"":""sompnium"",""occurrences"":8}]"
unresolved	surface	stablesiani		8			2		"[{""surface"":""stablesiani"",""occurrences"":8}]"
unresolved	surface	stilichonis		8			7		"[{""surface"":""Stilichonis"",""occurrences"":5},{""surface"":""stilichonis"",""occurrences"":3}]"
unresolved	surface	strateias		8			1		"[{""surface"":""strateias"",""occurrences"":8}]"
unresolved	surface	stratigo		8			2		"[{""surface"":""Stratigo"",""occurrences"":6},{""surface"":""stratigo"",""occurrences"":2}]"
unresolved	surface	stratigotus		8			3		"[{""surface"":""stratigotus"",""occurrences"":7},{""surface"":""Stratigotus"",""occurrences"":1}]"
unresolved	surface	tato		8			5		"[{""surface"":""Tato"",""occurrences"":6},{""surface"":""tato"",""occurrences"":2}]"
unresolved	surface	tout		8			4		"[{""surface"":""tout"",""occurrences"":7},{""surface"":""TOUT"",""occurrences"":1}]"
unresolved	surface	touton		8			7		"[{""surface"":""touton"",""occurrences"":7},{""surface"":""TOUTON"",""occurrences"":1}]"
unresolved	surface	trebatii		8			7		"[{""surface"":""trebatii"",""occurrences"":8}]"
unresolved	surface	trebelliani		8			5		"[{""surface"":""trebelliani"",""occurrences"":8}]"
unresolved	surface	tryphaenae		8			3		"[{""surface"":""Tryphaenae"",""occurrences"":5},{""surface"":""tryphaenae"",""occurrences"":2},{""surface"":""TRYPHAENAE"",""occurrences"":1}]"
unresolved	surface	tuost		8			4		"[{""surface"":""tuost"",""occurrences"":8}]"
unresolved	surface	ulpiano		8			7		"[{""surface"":""ulpiano"",""occurrences"":5},{""surface"":""Ulpiano"",""occurrences"":3}]"
unresolved	surface	xronon		8			4		"[{""surface"":""xronon"",""occurrences"":8}]"
unresolved	surface	ypocrita		8			5		"[{""surface"":""ypocrita"",""occurrences"":8}]"
unresolved	surface	acerrume		7			6		"[{""surface"":""acerrume"",""occurrences"":6},{""surface"":""Acerrume"",""occurrences"":1}]"
unresolved	surface	acran		7			6		"[{""surface"":""Acran"",""occurrences"":5},{""surface"":""acran"",""occurrences"":2}]"
unresolved	surface	aleitourgysian		7			1		"[{""surface"":""aleitourgysian"",""occurrences"":7}]"
unresolved	surface	ammiraldo		7			3		"[{""surface"":""ammiraldo"",""occurrences"":6},{""surface"":""Ammiraldo"",""occurrences"":1}]"
unresolved	surface	ammiraldum		7			3		"[{""surface"":""ammiraldum"",""occurrences"":5},{""surface"":""Ammiraldum"",""occurrences"":2}]"
unresolved	surface	ampelio		7			5		"[{""surface"":""AMPELIO"",""occurrences"":3},{""surface"":""ampelio"",""occurrences"":3},{""surface"":""Ampelio"",""occurrences"":1}]"
unresolved	surface	antehmio		7			3		"[{""surface"":""antehmio"",""occurrences"":4},{""surface"":""Antehmio"",""occurrences"":3}]"
unresolved	surface	antimacho		7			6		"[{""surface"":""Antimacho"",""occurrences"":5},{""surface"":""antimacho"",""occurrences"":2}]"
unresolved	surface	aristaeo		7			7		"[{""surface"":""Aristaeo"",""occurrences"":5},{""surface"":""aristaeo"",""occurrences"":2}]"
unresolved	surface	artemium		7			5		"[{""surface"":""artemium"",""occurrences"":5},{""surface"":""Artemium"",""occurrences"":2}]"
unresolved	surface	chre		7			7		"[{""surface"":""chre"",""occurrences"":5},{""surface"":""CHRE"",""occurrences"":2}]"
unresolved	surface	christ		7			6		"[{""surface"":""christ"",""occurrences"":4},{""surface"":""Christ"",""occurrences"":3}]"
unresolved	surface	cimitirio		7			1		"[{""surface"":""cimitirio"",""occurrences"":7}]"
unresolved	surface	cin		7			5		"[{""surface"":""cin"",""occurrences"":6},{""surface"":""Cin"",""occurrences"":1}]"
unresolved	surface	ciulis		7			1		"[{""surface"":""ciulis"",""occurrences"":7}]"
unresolved	surface	condempnavit		7			5		"[{""surface"":""condempnavit"",""occurrences"":7}]"
unresolved	surface	constanciensis		7			1		"[{""surface"":""constanciensis"",""occurrences"":7}]"
unresolved	surface	cre		7			6		"[{""surface"":""cre"",""occurrences"":7}]"
unresolved	surface	cuiusce		7			5		"[{""surface"":""cuiusce"",""occurrences"":7}]"
unresolved	surface	della		7			2		"[{""surface"":""della"",""occurrences"":7}]"
unresolved	surface	discendens		7			6		"[{""surface"":""discendens"",""occurrences"":7}]"
unresolved	surface	doura		7			1		"[{""surface"":""Doura"",""occurrences"":5},{""surface"":""doura"",""occurrences"":2}]"
unresolved	surface	dovynai		7			4		"[{""surface"":""dovynai"",""occurrences"":7}]"
unresolved	surface	eamu		7			4		"[{""surface"":""eamu"",""occurrences"":7}]"
unresolved	surface	ebdomadis		7			5		"[{""surface"":""ebdomadis"",""occurrences"":7}]"
unresolved	surface	elect		7			4		"[{""surface"":""elect"",""occurrences"":7}]"
unresolved	surface	elymosinis		7			4		"[{""surface"":""elymosinis"",""occurrences"":7}]"
unresolved	surface	emphyteusin		7			3		"[{""surface"":""emphyteusin"",""occurrences"":7}]"
unresolved	surface	enucl		7			5		"[{""surface"":""enucl"",""occurrences"":7}]"
unresolved	surface	epagatho		7			5		"[{""surface"":""epagatho"",""occurrences"":7}]"
unresolved	surface	epaphrodito		7			6		"[{""surface"":""Epaphrodito"",""occurrences"":5},{""surface"":""epaphrodito"",""occurrences"":2}]"
unresolved	surface	epitropon		7			2		"[{""surface"":""epitropon"",""occurrences"":7}]"
unresolved	surface	epitropyn		7			1		"[{""surface"":""epitropyn"",""occurrences"":7}]"
unresolved	surface	eptasillabum		7			1		"[{""surface"":""eptasillabum"",""occurrences"":7}]"
unresolved	surface	equm		7			1		"[{""surface"":""equm"",""occurrences"":7}]"
unresolved	surface	ergasteria		7			5		"[{""surface"":""ergasteria"",""occurrences"":5},{""surface"":""Ergasteria"",""occurrences"":2}]"
unresolved	surface	etymon		7			5		"[{""surface"":""etymon"",""occurrences"":7}]"
unresolved	surface	eucherii		7			7		"[{""surface"":""eucherii"",""occurrences"":4},{""surface"":""Eucherii"",""occurrences"":3}]"
unresolved	surface	eutychus		7			5		"[{""surface"":""Eutychus"",""occurrences"":5},{""surface"":""eutychus"",""occurrences"":2}]"
unresolved	surface	exempl		7			4		"[{""surface"":""exempl"",""occurrences"":7}]"
unresolved	surface	exomologesin		7			3		"[{""surface"":""exomologesin"",""occurrences"":7}]"
unresolved	surface	extuberatur		7			6		"[{""surface"":""extuberatur"",""occurrences"":7}]"
unresolved	surface	fiamma		7			4		"[{""surface"":""fiamma"",""occurrences"":7}]"
unresolved	surface	gayti		7			1		"[{""surface"":""gayti"",""occurrences"":7}]"
unresolved	surface	gloss		7			3		"[{""surface"":""gloss"",""occurrences"":6},{""surface"":""Gloss"",""occurrences"":1}]"
unresolved	surface	haecin		7			4		"[{""surface"":""haecin"",""occurrences"":4},{""surface"":""Haecin"",""occurrences"":3}]"
unresolved	surface	heliotropio		7			5		"[{""surface"":""heliotropio"",""occurrences"":7}]"
unresolved	surface	hipparchi		7			4		"[{""surface"":""Hipparchi"",""occurrences"":5},{""surface"":""hipparchi"",""occurrences"":2}]"
unresolved	surface	hominio		7			5		"[{""surface"":""hominio"",""occurrences"":7}]"
unresolved	surface	hosio		7			4		"[{""surface"":""hosio"",""occurrences"":7}]"
unresolved	surface	houtos		7			6		"[{""surface"":""houtos"",""occurrences"":7}]"
unresolved	surface	hyemavit		7			1		"[{""surface"":""hyemavit"",""occurrences"":7}]"
unresolved	surface	hyemem		7			6		"[{""surface"":""hyemem"",""occurrences"":7}]"
unresolved	surface	iacinctus		7			6		"[{""surface"":""Iacinctus"",""occurrences"":4},{""surface"":""iacinctus"",""occurrences"":3}]"
unresolved	surface	iae		7			6		"[{""surface"":""iae"",""occurrences"":7}]"
unresolved	surface	illyricae		7			5		"[{""surface"":""Illyricae"",""occurrences"":4},{""surface"":""illyricae"",""occurrences"":3}]"
unresolved	surface	ingratitudinis		7			6		"[{""surface"":""ingratitudinis"",""occurrences"":7}]"
unresolved	surface	inoff		7			1		"[{""surface"":""inoff"",""occurrences"":7}]"
unresolved	surface	instr		7			3		"[{""surface"":""Instr"",""occurrences"":4},{""surface"":""instr"",""occurrences"":3}]"
unresolved	surface	iuben		7			7		"[{""surface"":""Iuben"",""occurrences"":5},{""surface"":""iuben"",""occurrences"":2}]"
unresolved	surface	kav		7			3		"[{""surface"":""kav"",""occurrences"":7}]"
unresolved	surface	kouratorias		7			2		"[{""surface"":""kouratorias"",""occurrences"":7}]"
unresolved	surface	kouratwr		7			2		"[{""surface"":""kouratwr"",""occurrences"":7}]"
unresolved	surface	lacertiva		7			1		"[{""surface"":""lacertiva"",""occurrences"":7}]"
unresolved	surface	lauriaco		7			5		"[{""surface"":""Lauriaco"",""occurrences"":5},{""surface"":""lauriaco"",""occurrences"":2}]"
unresolved	surface	licitumst		7			6		"[{""surface"":""licitumst"",""occurrences"":6},{""surface"":""Licitumst"",""occurrences"":1}]"
unresolved	surface	ligustico		7			7		"[{""surface"":""Ligustico"",""occurrences"":5},{""surface"":""ligustico"",""occurrences"":2}]"
unresolved	surface	magian		7			3		"[{""surface"":""magian"",""occurrences"":7}]"
unresolved	surface	monastyrio		7			3		"[{""surface"":""monastyrio"",""occurrences"":7}]"
unresolved	surface	natust		7			7		"[{""surface"":""natust"",""occurrences"":7}]"
unresolved	surface	noys		7			2		"[{""surface"":""Noys"",""occurrences"":4},{""surface"":""noys"",""occurrences"":3}]"
unresolved	surface	nullu		7			5		"[{""surface"":""nullu"",""occurrences"":7}]"
unresolved	surface	ocyor		7			2		"[{""surface"":""ocyor"",""occurrences"":7}]"
unresolved	surface	omo		7			2		"[{""surface"":""omo"",""occurrences"":6},{""surface"":""OMO"",""occurrences"":1}]"
unresolved	surface	orphitiano		7			2		"[{""surface"":""orphitiano"",""occurrences"":4},{""surface"":""Orphitiano"",""occurrences"":3}]"
unresolved	surface	patyr		7			2		"[{""surface"":""patyr"",""occurrences"":7}]"
unresolved	surface	politikon		7			5		"[{""surface"":""politikon"",""occurrences"":7}]"
unresolved	surface	polycrati		7			6		"[{""surface"":""Polycrati"",""occurrences"":5},{""surface"":""polycrati"",""occurrences"":2}]"
unresolved	surface	pou		7			5		"[{""surface"":""pou"",""occurrences"":4},{""surface"":""POU"",""occurrences"":3}]"
unresolved	surface	protostasiae		7			3		"[{""surface"":""protostasiae"",""occurrences"":7}]"
unresolved	surface	pthisis		7			6		"[{""surface"":""pthisis"",""occurrences"":7}]"
unresolved	surface	pulei		7			6		"[{""surface"":""pulei"",""occurrences"":7}]"
unresolved	surface	quadriginta		7			5		"[{""surface"":""quadriginta"",""occurrences"":7}]"
unresolved	surface	quibu		7			4		"[{""surface"":""quibu"",""occurrences"":7}]"
unresolved	surface	quicquamst		7			6		"[{""surface"":""quicquamst"",""occurrences"":7}]"
unresolved	surface	revortar		7			5		"[{""surface"":""revortar"",""occurrences"":7}]"
unresolved	surface	rvn		7			3		"[{""surface"":""rvn"",""occurrences"":7}]"
unresolved	surface	sanan		7			6		"[{""surface"":""Sanan"",""occurrences"":5},{""surface"":""sanan"",""occurrences"":2}]"
unresolved	surface	sie		7			6		"[{""surface"":""sie"",""occurrences"":4},{""surface"":""Sie"",""occurrences"":3}]"
unresolved	surface	simoniacae		7			3		"[{""surface"":""simoniacae"",""occurrences"":7}]"
unresolved	surface	siriste		7			1		"[{""surface"":""siriste"",""occurrences"":7}]"
unresolved	surface	solennitatem		7			4		"[{""surface"":""solennitatem"",""occurrences"":7}]"
unresolved	surface	solennitatibus		7			4		"[{""surface"":""solennitatibus"",""occurrences"":7}]"
unresolved	surface	sompnus		7			7		"[{""surface"":""sompnus"",""occurrences"":7}]"
unresolved	surface	spetie		7			5		"[{""surface"":""spetie"",""occurrences"":7}]"
unresolved	surface	sset		7			6		"[{""surface"":""sset"",""occurrences"":7}]"
unresolved	surface	stablesianorum		7			2		"[{""surface"":""stablesianorum"",""occurrences"":7}]"
unresolved	surface	stratonicae		7			6		"[{""surface"":""stratonicae"",""occurrences"":6},{""surface"":""Stratonicae"",""occurrences"":1}]"
unresolved	surface	syagrii		7			7		"[{""surface"":""syagrii"",""occurrences"":4},{""surface"":""Syagrii"",""occurrences"":3}]"
unresolved	surface	syluam		7			4		"[{""surface"":""syluam"",""occurrences"":7}]"
unresolved	surface	symphonian		7			2		"[{""surface"":""symphonian"",""occurrences"":7}]"
unresolved	surface	tatem		7			6		"[{""surface"":""tatem"",""occurrences"":7}]"
unresolved	surface	tertullum		7			6		"[{""surface"":""tertullum"",""occurrences"":4},{""surface"":""Tertullum"",""occurrences"":3}]"
unresolved	surface	tessaron		7			2		"[{""surface"":""tessaron"",""occurrences"":7}]"
unresolved	surface	tetartyn		7			1		"[{""surface"":""tetartyn"",""occurrences"":7}]"
unresolved	surface	thalassium		7			4		"[{""surface"":""thalassium"",""occurrences"":6},{""surface"":""Thalassium"",""occurrences"":1}]"
unresolved	surface	tithymalos		7			1		"[{""surface"":""tithymalos"",""occurrences"":7}]"
unresolved	surface	toutou		7			5		"[{""surface"":""toutou"",""occurrences"":5},{""surface"":""TOUTOU"",""occurrences"":1},{""surface"":""Toutou"",""occurrences"":1}]"
unresolved	surface	tuomst		7			5		"[{""surface"":""tuomst"",""occurrences"":6},{""surface"":""Tuomst"",""occurrences"":1}]"
unresolved	surface	turn		7			4		"[{""surface"":""turn"",""occurrences"":4},{""surface"":""Turn"",""occurrences"":3}]"
unresolved	surface	verumst		7			6		"[{""surface"":""verumst"",""occurrences"":7}]"
unresolved	surface	videon		7			6		"[{""surface"":""videon"",""occurrences"":6},{""surface"":""Videon"",""occurrences"":1}]"
unresolved	surface	ylarem		7			2		"[{""surface"":""ylarem"",""occurrences"":4},{""surface"":""Ylarem"",""occurrences"":3}]"
unresolved	surface	adsiet		6			5		"[{""surface"":""adsiet"",""occurrences"":6}]"
unresolved	surface	aliquoi		6			6		"[{""surface"":""aliquoi"",""occurrences"":6}]"
unresolved	surface	alkion		6			1		"[{""surface"":""alkion"",""occurrences"":6}]"
unresolved	surface	arm		6			3		"[{""surface"":""Arm"",""occurrences"":4},{""surface"":""arm"",""occurrences"":2}]"
unresolved	surface	ate		6			6		"[{""surface"":""ate"",""occurrences"":4},{""surface"":""Ate"",""occurrences"":2}]"
unresolved	surface	autemst		6			5		"[{""surface"":""autemst"",""occurrences"":6}]"
unresolved	surface	bac		6			4		"[{""surface"":""bac"",""occurrences"":5},{""surface"":""Bac"",""occurrences"":1}]"
unresolved	surface	beauuesberga		6			1		"[{""surface"":""beauuesberga"",""occurrences"":4},{""surface"":""Beauuesberga"",""occurrences"":2}]"
unresolved	surface	byzacenos		6			5		"[{""surface"":""byzacenos"",""occurrences"":6}]"
unresolved	surface	callinici		6			4		"[{""surface"":""Callinici"",""occurrences"":3},{""surface"":""callinici"",""occurrences"":3}]"
unresolved	surface	cantram		6			1		"[{""surface"":""cantram"",""occurrences"":6}]"
unresolved	surface	cccxxij		6			2		"[{""surface"":""cccxxij"",""occurrences"":6}]"
unresolved	surface	cirtensium		6			5		"[{""surface"":""cirtensium"",""occurrences"":4},{""surface"":""Cirtensium"",""occurrences"":2}]"
unresolved	surface	corneliano		6			6		"[{""surface"":""Corneliano"",""occurrences"":3},{""surface"":""corneliano"",""occurrences"":3}]"
unresolved	surface	cta		6			6		"[{""surface"":""cta"",""occurrences"":6}]"
unresolved	surface	cyzico		6			5		"[{""surface"":""Cyzico"",""occurrences"":3},{""surface"":""cyzico"",""occurrences"":3}]"
unresolved	surface	deu		6			6		"[{""surface"":""deu"",""occurrences"":4},{""surface"":""Deu"",""occurrences"":2}]"
unresolved	surface	diavykas		6			2		"[{""surface"":""diavykas"",""occurrences"":6}]"
unresolved	surface	dipthonga		6			1		"[{""surface"":""dipthonga"",""occurrences"":6}]"
unresolved	surface	dixemus		6			3		"[{""surface"":""dixemus"",""occurrences"":6}]"
unresolved	surface	dixis		6			6		"[{""surface"":""dixis"",""occurrences"":6}]"
unresolved	surface	dynaria		6			4		"[{""surface"":""dynaria"",""occurrences"":6}]"
unresolved	surface	earn		6			6		"[{""surface"":""earn"",""occurrences"":6}]"
unresolved	surface	ebdomades		6			1		"[{""surface"":""ebdomades"",""occurrences"":6}]"
unresolved	surface	ein		6			6		"[{""surface"":""ein"",""occurrences"":6}]"
unresolved	surface	eipein		6			6		"[{""surface"":""eipein"",""occurrences"":5},{""surface"":""EIPEIN"",""occurrences"":1}]"
unresolved	surface	elixatos		6			3		"[{""surface"":""elixatos"",""occurrences"":4},{""surface"":""Elixatos"",""occurrences"":2}]"
unresolved	surface	emou		6			6		"[{""surface"":""emou"",""occurrences"":5},{""surface"":""EMOU"",""occurrences"":1}]"
unresolved	surface	eniautou		6			2		"[{""surface"":""eniautou"",""occurrences"":6}]"
unresolved	surface	epeidan		6			4		"[{""surface"":""epeidan"",""occurrences"":5},{""surface"":""Epeidan"",""occurrences"":1}]"
unresolved	surface	epicteto		6			5		"[{""surface"":""Epicteto"",""occurrences"":3},{""surface"":""epicteto"",""occurrences"":3}]"
unresolved	surface	ess		6			6		"[{""surface"":""ess"",""occurrences"":6}]"
unresolved	surface	eunomianis		6			1		"[{""surface"":""eunomianis"",""occurrences"":6}]"
unresolved	surface	extetit		6			5		"[{""surface"":""extetit"",""occurrences"":4},{""surface"":""Extetit"",""occurrences"":2}]"
unresolved	surface	falcones		6			2		"[{""surface"":""falcones"",""occurrences"":5},{""surface"":""Falcones"",""occurrences"":1}]"
unresolved	surface	fatendumst		6			5		"[{""surface"":""fatendumst"",""occurrences"":6}]"
unresolved	surface	fidutiam		6			6		"[{""surface"":""fidutiam"",""occurrences"":6}]"
unresolved	surface	flagitiumst		6			6		"[{""surface"":""flagitiumst"",""occurrences"":6}]"
unresolved	surface	fontaneis		6			5		"[{""surface"":""fontaneis"",""occurrences"":6}]"
unresolved	surface	fratrueles		6			2		"[{""surface"":""fratrueles"",""occurrences"":5},{""surface"":""Fratrueles"",""occurrences"":1}]"
unresolved	surface	gazofilatio		6			1		"[{""surface"":""gazofilatio"",""occurrences"":6}]"
unresolved	surface	hebdomad		6			5		"[{""surface"":""hebdomad"",""occurrences"":6}]"
unresolved	surface	hekaton		6			1		"[{""surface"":""hekaton"",""occurrences"":6}]"
unresolved	surface	herenniano		6			5		"[{""surface"":""Herenniano"",""occurrences"":4},{""surface"":""herenniano"",""occurrences"":2}]"
unresolved	surface	hermionae		6			6		"[{""surface"":""Hermionae"",""occurrences"":3},{""surface"":""hermionae"",""occurrences"":3}]"
unresolved	surface	hesperon		6			5		"[{""surface"":""Hesperon"",""occurrences"":4},{""surface"":""hesperon"",""occurrences"":2}]"
unresolved	surface	hodous		6			1		"[{""surface"":""hodous"",""occurrences"":6}]"
unresolved	surface	homoioptoton		6			2		"[{""surface"":""homoioptoton"",""occurrences"":6}]"
unresolved	surface	homoiws		6			2		"[{""surface"":""homoiws"",""occurrences"":4},{""surface"":""Homoiws"",""occurrences"":2}]"
unresolved	surface	hoper		6			3		"[{""surface"":""hoper"",""occurrences"":6}]"
unresolved	surface	hopws		6			1		"[{""surface"":""hopws"",""occurrences"":6}]"
unresolved	surface	hormisdae		6			5		"[{""surface"":""hormisdae"",""occurrences"":4},{""surface"":""Hormisdae"",""occurrences"":2}]"
unresolved	surface	hyemalibus		6			2		"[{""surface"":""hyemalibus"",""occurrences"":6}]"
unresolved	surface	hys		6			5		"[{""surface"":""hys"",""occurrences"":6}]"
unresolved	surface	hystoriam		6			3		"[{""surface"":""hystoriam"",""occurrences"":6}]"
unresolved	surface	hystrice		6			4		"[{""surface"":""hystrice"",""occurrences"":6}]"
unresolved	surface	ignivomum		6			2		"[{""surface"":""ignivomum"",""occurrences"":6}]"
unresolved	surface	ipsast		6			3		"[{""surface"":""ipsast"",""occurrences"":6}]"
unresolved	surface	kalen		6			3		"[{""surface"":""kalen"",""occurrences"":6}]"
unresolved	surface	kouratores		6			3		"[{""surface"":""kouratores"",""occurrences"":6}]"
unresolved	surface	langor		6			6		"[{""surface"":""langor"",""occurrences"":4},{""surface"":""Langor"",""occurrences"":2}]"
unresolved	surface	langorem		6			5		"[{""surface"":""langorem"",""occurrences"":6}]"
unresolved	surface	latrei		6			3		"[{""surface"":""latrei"",""occurrences"":5},{""surface"":""Latrei"",""occurrences"":1}]"
unresolved	surface	lbi		6			4		"[{""surface"":""lbi"",""occurrences"":6}]"
unresolved	surface	leccatores		6			4		"[{""surface"":""leccatores"",""occurrences"":6}]"
unresolved	surface	letitie		6			5		"[{""surface"":""letitie"",""occurrences"":6}]"
unresolved	surface	lit		6			5		"[{""surface"":""lit"",""occurrences"":6}]"
unresolved	surface	locuplex		6			6		"[{""surface"":""locuplex"",""occurrences"":6}]"
unresolved	surface	lycaonem		6			6		"[{""surface"":""Lycaonem"",""occurrences"":3},{""surface"":""lycaonem"",""occurrences"":3}]"
unresolved	surface	lydium		6			2		"[{""surface"":""lydium"",""occurrences"":5},{""surface"":""Lydium"",""occurrences"":1}]"
unresolved	surface	maximillae		6			6		"[{""surface"":""Maximillae"",""occurrences"":4},{""surface"":""maximillae"",""occurrences"":2}]"
unresolved	surface	mein		6			4		"[{""surface"":""mein"",""occurrences"":4},{""surface"":""Mein"",""occurrences"":2}]"
unresolved	surface	melancholiam		6			4		"[{""surface"":""melancholiam"",""occurrences"":6}]"
unresolved	surface	merobaudis		6			6		"[{""surface"":""Merobaudis"",""occurrences"":4},{""surface"":""merobaudis"",""occurrences"":2}]"
unresolved	surface	miliwn		6			1		"[{""surface"":""miliwn"",""occurrences"":6}]"
unresolved	surface	monastirii		6			2		"[{""surface"":""monastirii"",""occurrences"":6}]"
unresolved	surface	munatio		6			6		"[{""surface"":""Munatio"",""occurrences"":3},{""surface"":""munatio"",""occurrences"":3}]"
unresolved	surface	myden		6			3		"[{""surface"":""myden"",""occurrences"":6}]"
unresolved	surface	novercatur		6			3		"[{""surface"":""novercatur"",""occurrences"":6}]"
unresolved	surface	nuc		6			4		"[{""surface"":""nuc"",""occurrences"":4},{""surface"":""Nuc"",""occurrences"":2}]"
unresolved	surface	observations		6			1		"[{""surface"":""observations"",""occurrences"":6}]"
unresolved	surface	octagensimo		6			4		"[{""surface"":""octagensimo"",""occurrences"":6}]"
unresolved	surface	offitia		6			4		"[{""surface"":""offitia"",""occurrences"":6}]"
unresolved	surface	ohus		6			4		"[{""surface"":""ohus"",""occurrences"":6}]"
unresolved	surface	oikias		6			4		"[{""surface"":""oikias"",""occurrences"":6}]"
unresolved	surface	ophiuchum		6			5		"[{""surface"":""Ophiuchum"",""occurrences"":4},{""surface"":""ophiuchum"",""occurrences"":2}]"
unresolved	surface	opimat		6			4		"[{""surface"":""opimat"",""occurrences"":6}]"
unresolved	surface	otius		6			5		"[{""surface"":""otius"",""occurrences"":5},{""surface"":""Otius"",""occurrences"":1}]"
unresolved	surface	oulpianos		6			2		"[{""surface"":""oulpianos"",""occurrences"":6}]"
unresolved	surface	palaestinis		6			4		"[{""surface"":""Palaestinis"",""occurrences"":4},{""surface"":""palaestinis"",""occurrences"":2}]"
unresolved	surface	palamst		6			5		"[{""surface"":""palamst"",""occurrences"":6}]"
unresolved	surface	pantherem		6			2		"[{""surface"":""pantherem"",""occurrences"":5},{""surface"":""Pantherem"",""occurrences"":1}]"
unresolved	surface	paratumst		6			5		"[{""surface"":""paratumst"",""occurrences"":6}]"
unresolved	surface	parrochias		6			5		"[{""surface"":""parrochias"",""occurrences"":6}]"
unresolved	surface	parumst		6			5		"[{""surface"":""parumst"",""occurrences"":5},{""surface"":""Parumst"",""occurrences"":1}]"
unresolved	surface	pasais		6			3		"[{""surface"":""pasais"",""occurrences"":6}]"
unresolved	surface	penitentie		6			5		"[{""surface"":""penitentie"",""occurrences"":6}]"
unresolved	surface	perplura		6			5		"[{""surface"":""perplura"",""occurrences"":6}]"
unresolved	surface	phasi		6			5		"[{""surface"":""Phasi"",""occurrences"":4},{""surface"":""phasi"",""occurrences"":2}]"
unresolved	surface	pleiadas		6			5		"[{""surface"":""Pleiadas"",""occurrences"":3},{""surface"":""pleiadas"",""occurrences"":2},{""surface"":""PLEIADAS"",""occurrences"":1}]"
unresolved	surface	pnoh		6			1		"[{""surface"":""pnoh"",""occurrences"":6}]"
unresolved	surface	polews		6			3		"[{""surface"":""polews"",""occurrences"":6}]"
unresolved	surface	pollicitust		6			4		"[{""surface"":""pollicitust"",""occurrences"":6}]"
unresolved	surface	possi		6			5		"[{""surface"":""possi"",""occurrences"":6}]"
unresolved	surface	possies		6			5		"[{""surface"":""possies"",""occurrences"":6}]"
unresolved	surface	ppria		6			1		"[{""surface"":""ppria"",""occurrences"":6}]"
unresolved	surface	prin		6			5		"[{""surface"":""prin"",""occurrences"":6}]"
unresolved	surface	proteron		6			4		"[{""surface"":""proteron"",""occurrences"":5},{""surface"":""PROTERON"",""occurrences"":1}]"
unresolved	surface	provintiae		6			5		"[{""surface"":""provintiae"",""occurrences"":5},{""surface"":""Provintiae"",""occurrences"":1}]"
unresolved	surface	pseudo		6			6		"[{""surface"":""pseudo"",""occurrences"":4},{""surface"":""PSEUDO"",""occurrences"":1},{""surface"":""Pseudo"",""occurrences"":1}]"
unresolved	surface	quan		6			6		"[{""surface"":""quan"",""occurrences"":6}]"
unresolved	surface	quantumst		6			5		"[{""surface"":""quantumst"",""occurrences"":6}]"
unresolved	surface	rat		6			6		"[{""surface"":""rat"",""occurrences"":6}]"
unresolved	surface	registro		6			2		"[{""surface"":""Registro"",""occurrences"":3},{""surface"":""registro"",""occurrences"":3}]"
unresolved	surface	reli		6			6		"[{""surface"":""reli"",""occurrences"":6}]"
unresolved	surface	rit		6			4		"[{""surface"":""rit"",""occurrences"":6}]"
unresolved	surface	sacam		6			1		"[{""surface"":""sacam"",""occurrences"":6}]"
unresolved	surface	saionem		6			5		"[{""surface"":""saionem"",""occurrences"":5},{""surface"":""SAIONEM"",""occurrences"":1}]"
unresolved	surface	sapphico		6			4		"[{""surface"":""Sapphico"",""occurrences"":3},{""surface"":""sapphico"",""occurrences"":3}]"
unresolved	surface	sapuisse		6			6		"[{""surface"":""sapuisse"",""occurrences"":6}]"
unresolved	surface	satyram		6			5		"[{""surface"":""Satyram"",""occurrences"":3},{""surface"":""satyram"",""occurrences"":3}]"
unresolved	surface	scaram		6			3		"[{""surface"":""scaram"",""occurrences"":6}]"
unresolved	surface	scinci		6			3		"[{""surface"":""Scinci"",""occurrences"":3},{""surface"":""scinci"",""occurrences"":3}]"
unresolved	surface	sclopis		6			2		"[{""surface"":""sclopis"",""occurrences"":6}]"
unresolved	surface	septimiae		6			3		"[{""surface"":""septimiae"",""occurrences"":5},{""surface"":""Septimiae"",""occurrences"":1}]"
unresolved	surface	sergantus		6			2		"[{""surface"":""sergantus"",""occurrences"":6}]"
unresolved	surface	seriphum		6			5		"[{""surface"":""Seriphum"",""occurrences"":4},{""surface"":""seriphum"",""occurrences"":2}]"
unresolved	surface	strategematon		6			4		"[{""surface"":""STRATEGEMATON"",""occurrences"":3},{""surface"":""strategematon"",""occurrences"":2},{""surface"":""Strategematon"",""occurrences"":1}]"
unresolved	surface	stratigotum		6			2		"[{""surface"":""stratigotum"",""occurrences"":6}]"
unresolved	surface	suffciat		6			1		"[{""surface"":""suffciat"",""occurrences"":6}]"
unresolved	surface	sumu		6			3		"[{""surface"":""sumu"",""occurrences"":6}]"
unresolved	surface	superspersa		6			3		"[{""surface"":""superspersa"",""occurrences"":6}]"
unresolved	surface	surrupui		6			2		"[{""surface"":""surrupui"",""occurrences"":6}]"
unresolved	surface	surrupuisse		6			2		"[{""surface"":""surrupuisse"",""occurrences"":6}]"
unresolved	surface	symea		6			1		"[{""surface"":""symea"",""occurrences"":6}]"
unresolved	surface	symoniacam		6			2		"[{""surface"":""symoniacam"",""occurrences"":6}]"
unresolved	surface	tautyn		6			3		"[{""surface"":""tautyn"",""occurrences"":6}]"
unresolved	surface	teknwn		6			3		"[{""surface"":""teknwn"",""occurrences"":6}]"
unresolved	surface	thanaton		6			3		"[{""surface"":""thanaton"",""occurrences"":5},{""surface"":""THANATON"",""occurrences"":1}]"
unresolved	surface	theodotiano		6			4		"[{""surface"":""theodotiano"",""occurrences"":5},{""surface"":""Theodotiano"",""occurrences"":1}]"
unresolved	surface	tiam		6			6		"[{""surface"":""tiam"",""occurrences"":6}]"
unresolved	surface	timum		6			5		"[{""surface"":""timum"",""occurrences"":4},{""surface"":""Timum"",""occurrences"":2}]"
unresolved	surface	tio		6			6		"[{""surface"":""tio"",""occurrences"":6}]"
unresolved	surface	tragedia		6			3		"[{""surface"":""tragedia"",""occurrences"":6}]"
unresolved	surface	triakonta		6			1		"[{""surface"":""triakonta"",""occurrences"":6}]"
unresolved	surface	uicennia		6			1		"[{""surface"":""uicennia"",""occurrences"":6}]"
unresolved	surface	ulit		6			3		"[{""surface"":""ulit"",""occurrences"":6}]"
unresolved	surface	unaetvicensima		6			3		"[{""surface"":""unaetvicensima"",""occurrences"":6}]"
unresolved	surface	vidistin		6			5		"[{""surface"":""vidistin"",""occurrences"":4},{""surface"":""Vidistin"",""occurrences"":2}]"
unresolved	surface	von		6			2		"[{""surface"":""von"",""occurrences"":4},{""surface"":""Von"",""occurrences"":2}]"
unresolved	surface	vuan		6			2		"[{""surface"":""vuan"",""occurrences"":4},{""surface"":""Vuan"",""occurrences"":2}]"
unresolved	surface	vuegg		6			2		"[{""surface"":""vuegg"",""occurrences"":6}]"
unresolved	surface	wsin		6			2		"[{""surface"":""wsin"",""occurrences"":6}]"
unresolved	surface	ydy		6			1		"[{""surface"":""ydy"",""occurrences"":4},{""surface"":""Ydy"",""occurrences"":2}]"
unresolved	surface	adeost		5			5		"[{""surface"":""adeost"",""occurrences"":5}]"
unresolved	surface	adsign		5			4		"[{""surface"":""adsign"",""occurrences"":5}]"
unresolved	surface	aelianae		5			5		"[{""surface"":""aelianae"",""occurrences"":5}]"
unresolved	surface	aitein		5			2		"[{""surface"":""aitein"",""occurrences"":5}]"
unresolved	surface	aitysy		5			1		"[{""surface"":""aitysy"",""occurrences"":5}]"
unresolved	surface	allwn		5			3		"[{""surface"":""allwn"",""occurrences"":5}]"
unresolved	surface	animost		5			5		"[{""surface"":""animost"",""occurrences"":5}]"
unresolved	surface	anomalian		5			3		"[{""surface"":""anomalian"",""occurrences"":5}]"
unresolved	surface	antipodas		5			4		"[{""surface"":""antipodas"",""occurrences"":5}]"
unresolved	surface	anysio		5			4		"[{""surface"":""anysio"",""occurrences"":4},{""surface"":""Anysio"",""occurrences"":1}]"
unresolved	surface	archontas		5			3		"[{""surface"":""archontas"",""occurrences"":5}]"
unresolved	surface	ariovindo		5			3		"[{""surface"":""ariovindo"",""occurrences"":3},{""surface"":""Ariovindo"",""occurrences"":2}]"
unresolved	surface	aristos		5			4		"[{""surface"":""aristos"",""occurrences"":5}]"
unresolved	surface	arivmon		5			1		"[{""surface"":""arivmon"",""occurrences"":5}]"
unresolved	surface	bant		5			5		"[{""surface"":""bant"",""occurrences"":5}]"
unresolved	surface	batur		5			5		"[{""surface"":""batur"",""occurrences"":5}]"
unresolved	surface	brittiis		5			4		"[{""surface"":""Brittiis"",""occurrences"":3},{""surface"":""brittiis"",""occurrences"":2}]"
unresolved	surface	cardinal		5			1		"[{""surface"":""cardinal"",""occurrences"":5}]"
unresolved	surface	ccnss		5			1		"[{""surface"":""ccnss"",""occurrences"":5}]"
unresolved	surface	cem		5			5		"[{""surface"":""cem"",""occurrences"":5}]"
unresolved	surface	charin		5			5		"[{""surface"":""charin"",""occurrences"":3},{""surface"":""CHARIN"",""occurrences"":1},{""surface"":""Charin"",""occurrences"":1}]"
unresolved	surface	chreste		5			4		"[{""surface"":""Chreste"",""occurrences"":3},{""surface"":""chreste"",""occurrences"":2}]"
unresolved	surface	chronos		5			4		"[{""surface"":""CHRONOS"",""occurrences"":3},{""surface"":""chronos"",""occurrences"":2}]"
unresolved	surface	commodumst		5			4		"[{""surface"":""commodumst"",""occurrences"":5}]"
unresolved	surface	condempnata		5			4		"[{""surface"":""condempnata"",""occurrences"":5}]"
unresolved	surface	cynegium		5			5		"[{""surface"":""cynegium"",""occurrences"":5}]"
unresolved	surface	cythara		5			3		"[{""surface"":""cythara"",""occurrences"":4},{""surface"":""Cythara"",""occurrences"":1}]"
unresolved	surface	dagalaipho		5			4		"[{""surface"":""dagalaipho"",""occurrences"":4},{""surface"":""Dagalaipho"",""occurrences"":1}]"
unresolved	surface	dclxxiiiis		5			1		"[{""surface"":""dclxxiiiis"",""occurrences"":5}]"
unresolved	surface	deka		5			5		"[{""surface"":""deka"",""occurrences"":3},{""surface"":""DEKA"",""occurrences"":2}]"
unresolved	surface	dictust		5			5		"[{""surface"":""dictust"",""occurrences"":5}]"
unresolved	surface	dignust		5			4		"[{""surface"":""dignust"",""occurrences"":3},{""surface"":""Dignust"",""occurrences"":2}]"
unresolved	surface	dikaiologian		5			1		"[{""surface"":""dikaiologian"",""occurrences"":5}]"
unresolved	surface	discendente		5			3		"[{""surface"":""discendente"",""occurrences"":4},{""surface"":""Discendente"",""occurrences"":1}]"
unresolved	surface	domin		5			4		"[{""surface"":""domin"",""occurrences"":5}]"
unresolved	surface	dorotheum		5			5		"[{""surface"":""Dorotheum"",""occurrences"":2},{""surface"":""dorotheum"",""occurrences"":2},{""surface"":""DOROTHEUM"",""occurrences"":1}]"
unresolved	surface	ducendast		5			4		"[{""surface"":""ducendast"",""occurrences"":5}]"
unresolved	surface	dyabolo		5			3		"[{""surface"":""dyabolo"",""occurrences"":5}]"
unresolved	surface	eclipsin		5			4		"[{""surface"":""eclipsin"",""occurrences"":5}]"
unresolved	surface	eikosi		5			1		"[{""surface"":""eikosi"",""occurrences"":5}]"
unresolved	surface	eisi		5			4		"[{""surface"":""eisi"",""occurrences"":4},{""surface"":""Eisi"",""occurrences"":1}]"
unresolved	surface	ele		5			5		"[{""surface"":""ele"",""occurrences"":4},{""surface"":""ELE"",""occurrences"":1}]"
unresolved	surface	elimosynas		5			3		"[{""surface"":""elimosynas"",""occurrences"":5}]"
unresolved	surface	emptast		5			4		"[{""surface"":""emptast"",""occurrences"":5}]"
unresolved	surface	epideiktikon		5			3		"[{""surface"":""epideiktikon"",""occurrences"":5}]"
unresolved	surface	epitropou		5			2		"[{""surface"":""epitropou"",""occurrences"":5}]"
unresolved	surface	epystolam		5			1		"[{""surface"":""epystolam"",""occurrences"":5}]"
unresolved	surface	etaim		5			5		"[{""surface"":""etaim"",""occurrences"":3},{""surface"":""Etaim"",""occurrences"":2}]"
unresolved	surface	etisraelhabitabit		5			1		"[{""surface"":""etIsraelhabitabit"",""occurrences"":5}]"
unresolved	surface	etwn		5			1		"[{""surface"":""etwn"",""occurrences"":5}]"
unresolved	surface	eutychiana		5			4		"[{""surface"":""Eutychiana"",""occurrences"":3},{""surface"":""eutychiana"",""occurrences"":2}]"
unresolved	surface	eutychianum		5			5		"[{""surface"":""eutychianum"",""occurrences"":5}]"
unresolved	surface	expromissore		5			3		"[{""surface"":""expromissore"",""occurrences"":5}]"
unresolved	surface	faciundumst		5			4		"[{""surface"":""faciundumst"",""occurrences"":5}]"
unresolved	surface	fontaneam		5			5		"[{""surface"":""fontaneam"",""occurrences"":5}]"
unresolved	surface	fuas		5			4		"[{""surface"":""fuas"",""occurrences"":5}]"
unresolved	surface	genytai		5			3		"[{""surface"":""genytai"",""occurrences"":5}]"
unresolved	surface	glyconi		5			5		"[{""surface"":""Glyconi"",""occurrences"":2},{""surface"":""glyconi"",""occurrences"":2},{""surface"":""GLYCONI"",""occurrences"":1}]"
unresolved	surface	graviu		5			5		"[{""surface"":""graviu"",""occurrences"":5}]"
unresolved	surface	gronna		5			2		"[{""surface"":""gronna"",""occurrences"":5}]"
unresolved	surface	gymnade		5			4		"[{""surface"":""gymnade"",""occurrences"":5}]"
unresolved	surface	gymnosophistas		5			5		"[{""surface"":""gymnosophistas"",""occurrences"":5}]"
unresolved	surface	haben		5			4		"[{""surface"":""Haben"",""occurrences"":3},{""surface"":""haben"",""occurrences"":2}]"
unresolved	surface	habundancia		5			2		"[{""surface"":""habundancia"",""occurrences"":5}]"
unresolved	surface	haemimontum		5			5		"[{""surface"":""Haemimontum"",""occurrences"":3},{""surface"":""haemimontum"",""occurrences"":2}]"
unresolved	surface	hamaxan		5			3		"[{""surface"":""hamaxan"",""occurrences"":5}]"
unresolved	surface	hand		5			3		"[{""surface"":""hand"",""occurrences"":4},{""surface"":""Hand"",""occurrences"":1}]"
unresolved	surface	heautou		5			4		"[{""surface"":""heautou"",""occurrences"":5}]"
unresolved	surface	helladio		5			5		"[{""surface"":""helladio"",""occurrences"":4},{""surface"":""Helladio"",""occurrences"":1}]"
unresolved	surface	hemistrigii		5			1		"[{""surface"":""hemistrigii"",""occurrences"":5}]"
unresolved	surface	herclest		5			5		"[{""surface"":""herclest"",""occurrences"":5}]"
unresolved	surface	hicin		5			5		"[{""surface"":""hicin"",""occurrences"":3},{""surface"":""Hicin"",""occurrences"":2}]"
unresolved	surface	hieroclem		5			5		"[{""surface"":""Hieroclem"",""occurrences"":3},{""surface"":""hieroclem"",""occurrences"":2}]"
unresolved	surface	hocin		5			5		"[{""surface"":""hocin"",""occurrences"":5}]"
unresolved	surface	hodon		5			3		"[{""surface"":""hodon"",""occurrences"":5}]"
unresolved	surface	hommes		5			5		"[{""surface"":""hommes"",""occurrences"":5}]"
unresolved	surface	homoios		5			2		"[{""surface"":""homoios"",""occurrences"":5}]"
unresolved	surface	hwsper		5			1		"[{""surface"":""hwsper"",""occurrences"":5}]"
unresolved	surface	hybernis		5			3		"[{""surface"":""hybernis"",""occurrences"":4},{""surface"":""Hybernis"",""occurrences"":1}]"
unresolved	surface	hyemis		5			5		"[{""surface"":""hyemis"",""occurrences"":5}]"
unresolved	surface	hymerwn		5			1		"[{""surface"":""hymerwn"",""occurrences"":5}]"
unresolved	surface	hystoriae		5			3		"[{""surface"":""hystoriae"",""occurrences"":5}]"
unresolved	surface	incertu		5			4		"[{""surface"":""incertu"",""occurrences"":5}]"
unresolved	surface	incertumst		5			4		"[{""surface"":""incertumst"",""occurrences"":5}]"
unresolved	surface	indempnes		5			3		"[{""surface"":""indempnes"",""occurrences"":5}]"
unresolved	surface	inminutio		5			4		"[{""surface"":""inminutio"",""occurrences"":5}]"
unresolved	surface	innox		5			3		"[{""surface"":""innox"",""occurrences"":4},{""surface"":""Innox"",""occurrences"":1}]"
unresolved	surface	ins		5			3		"[{""surface"":""ins"",""occurrences"":5}]"
unresolved	surface	intust		5			4		"[{""surface"":""intust"",""occurrences"":5}]"
unresolved	surface	ipsest		5			4		"[{""surface"":""ipsest"",""occurrences"":5}]"
unresolved	surface	istumat		5			1		"[{""surface"":""istumat"",""occurrences"":5}]"
unresolved	surface	kalon		5			3		"[{""surface"":""kalon"",""occurrences"":5}]"
unresolved	surface	kaqh		5			2		"[{""surface"":""kaqh"",""occurrences"":5}]"
unresolved	surface	kouratoras		5			2		"[{""surface"":""kouratoras"",""occurrences"":5}]"
unresolved	surface	labein		5			4		"[{""surface"":""labein"",""occurrences"":5}]"
unresolved	surface	lan		5			5		"[{""surface"":""Lan"",""occurrences"":3},{""surface"":""lan"",""occurrences"":2}]"
unresolved	surface	leccatoribus		5			3		"[{""surface"":""leccatoribus"",""occurrences"":5}]"
unresolved	surface	leuvas		5			4		"[{""surface"":""leuvas"",""occurrences"":5}]"
unresolved	surface	libert		5			4		"[{""surface"":""libert"",""occurrences"":5}]"
unresolved	surface	licin		5			4		"[{""surface"":""licin"",""occurrences"":5}]"
unresolved	surface	logografos		5			2		"[{""surface"":""logografos"",""occurrences"":5}]"
unresolved	surface	loipa		5			5		"[{""surface"":""loipa"",""occurrences"":5}]"
unresolved	surface	longiniano		5			4		"[{""surface"":""longiniano"",""occurrences"":5}]"
unresolved	surface	lubidost		5			4		"[{""surface"":""lubidost"",""occurrences"":5}]"
unresolved	surface	lubitumst		5			4		"[{""surface"":""lubitumst"",""occurrences"":3},{""surface"":""Lubitumst"",""occurrences"":2}]"
unresolved	surface	ludificatust		5			5		"[{""surface"":""ludificatust"",""occurrences"":5}]"
unresolved	surface	luppiter		5			3		"[{""surface"":""luppiter"",""occurrences"":5}]"
unresolved	surface	lychniten		5			3		"[{""surface"":""lychniten"",""occurrences"":3},{""surface"":""Lychniten"",""occurrences"":2}]"
unresolved	surface	lyncas		5			5		"[{""surface"":""lyncas"",""occurrences"":5}]"
unresolved	surface	masloth		5			3		"[{""surface"":""Masloth"",""occurrences"":3},{""surface"":""masloth"",""occurrences"":2}]"
unresolved	surface	maximin		5			4		"[{""surface"":""maximin"",""occurrences"":4},{""surface"":""Maximin"",""occurrences"":1}]"
unresolved	surface	medemnos		5			1		"[{""surface"":""medemnos"",""occurrences"":5}]"
unresolved	surface	mendatio		5			3		"[{""surface"":""mendatio"",""occurrences"":5}]"
unresolved	surface	mendatium		5			5		"[{""surface"":""mendatium"",""occurrences"":5}]"
unresolved	surface	mentemst		5			4		"[{""surface"":""mentemst"",""occurrences"":5}]"
unresolved	surface	metopae		5			1		"[{""surface"":""metopae"",""occurrences"":5}]"
unresolved	surface	miseritumst		5			4		"[{""surface"":""miseritumst"",""occurrences"":5}]"
unresolved	surface	miserrumum		5			5		"[{""surface"":""miserrumum"",""occurrences"":4},{""surface"":""Miserrumum"",""occurrences"":1}]"
unresolved	surface	mit		5			4		"[{""surface"":""mit"",""occurrences"":5}]"
unresolved	surface	monos		5			2		"[{""surface"":""monos"",""occurrences"":4},{""surface"":""MONOS"",""occurrences"":1}]"
unresolved	surface	necessumst		5			5		"[{""surface"":""necessumst"",""occurrences"":4},{""surface"":""Necessumst"",""occurrences"":1}]"
unresolved	surface	necessust		5			3		"[{""surface"":""necessust"",""occurrences"":5}]"
unresolved	surface	negotiumst		5			4		"[{""surface"":""negotiumst"",""occurrences"":5}]"
unresolved	surface	nel		5			5		"[{""surface"":""nel"",""occurrences"":5}]"
unresolved	surface	nevolt		5			3		"[{""surface"":""nevolt"",""occurrences"":5}]"
unresolved	surface	nicae		5			4		"[{""surface"":""nicae"",""occurrences"":5}]"
unresolved	surface	nicephoro		5			4		"[{""surface"":""Nicephoro"",""occurrences"":3},{""surface"":""nicephoro"",""occurrences"":2}]"
unresolved	surface	nihi		5			5		"[{""surface"":""nihi"",""occurrences"":4},{""surface"":""Nihi"",""occurrences"":1}]"
unresolved	surface	nomou		5			4		"[{""surface"":""nomou"",""occurrences"":5}]"
unresolved	surface	nomwn		5			3		"[{""surface"":""nomwn"",""occurrences"":4},{""surface"":""Nomwn"",""occurrences"":1}]"
unresolved	surface	nta		5			4		"[{""surface"":""nta"",""occurrences"":5}]"
unresolved	surface	nte		5			4		"[{""surface"":""nte"",""occurrences"":5}]"
unresolved	surface	nullon		5			3		"[{""surface"":""nullon"",""occurrences"":5}]"
unresolved	surface	ofilii		5			4		"[{""surface"":""ofilii"",""occurrences"":5}]"
unresolved	surface	ohis		5			4		"[{""surface"":""ohis"",""occurrences"":5}]"
unresolved	surface	oion		5			5		"[{""surface"":""oion"",""occurrences"":4},{""surface"":""OION"",""occurrences"":1}]"
unresolved	surface	onem		5			4		"[{""surface"":""onem"",""occurrences"":5}]"
unresolved	surface	onti		5			5		"[{""surface"":""onti"",""occurrences"":5}]"
unresolved	surface	oportit		5			4		"[{""surface"":""oportit"",""occurrences"":3},{""surface"":""Oportit"",""occurrences"":2}]"
unresolved	surface	oratiost		5			3		"[{""surface"":""oratiost"",""occurrences"":5}]"
unresolved	surface	ostem		5			2		"[{""surface"":""ostem"",""occurrences"":5}]"
unresolved	surface	ousias		5			5		"[{""surface"":""ousias"",""occurrences"":4},{""surface"":""Ousias"",""occurrences"":1}]"
unresolved	surface	ouxi		5			1		"[{""surface"":""ouxi"",""occurrences"":5}]"
unresolved	surface	paidas		5			2		"[{""surface"":""paidas"",""occurrences"":5}]"
unresolved	surface	paidion		5			4		"[{""surface"":""PAIDION"",""occurrences"":3},{""surface"":""paidion"",""occurrences"":2}]"
unresolved	surface	pantwn		5			3		"[{""surface"":""pantwn"",""occurrences"":5}]"
unresolved	surface	parabalanin		5			1		"[{""surface"":""parabalanin"",""occurrences"":4},{""surface"":""Parabalanin"",""occurrences"":1}]"
unresolved	surface	paradoxon		5			4		"[{""surface"":""paradoxon"",""occurrences"":3},{""surface"":""Paradoxon"",""occurrences"":2}]"
unresolved	surface	paraitysin		5			1		"[{""surface"":""paraitysin"",""occurrences"":5}]"
unresolved	surface	parhippum		5			3		"[{""surface"":""parhippum"",""occurrences"":4},{""surface"":""Parhippum"",""occurrences"":1}]"
unresolved	surface	parrochiam		5			5		"[{""surface"":""parrochiam"",""occurrences"":5}]"
unresolved	surface	pasiphilo		5			4		"[{""surface"":""pasiphilo"",""occurrences"":4},{""surface"":""Pasiphilo"",""occurrences"":1}]"
unresolved	surface	pason		5			1		"[{""surface"":""pason"",""occurrences"":5}]"
unresolved	surface	pentykonta		5			1		"[{""surface"":""pentykonta"",""occurrences"":5}]"
unresolved	surface	perculsit		5			4		"[{""surface"":""perculsit"",""occurrences"":5}]"
unresolved	surface	philoni		5			5		"[{""surface"":""Philoni"",""occurrences"":3},{""surface"":""philoni"",""occurrences"":2}]"
unresolved	surface	phrasin		5			4		"[{""surface"":""phrasin"",""occurrences"":5}]"
unresolved	surface	phylosophi		5			4		"[{""surface"":""Phylosophi"",""occurrences"":3},{""surface"":""phylosophi"",""occurrences"":2}]"
unresolved	surface	plintho		5			3		"[{""surface"":""plintho"",""occurrences"":5}]"
unresolved	surface	poi		5			4		"[{""surface"":""poi"",""occurrences"":4},{""surface"":""POI"",""occurrences"":1}]"
unresolved	surface	poiein		5			5		"[{""surface"":""poiein"",""occurrences"":5}]"
unresolved	surface	pollon		5			4		"[{""surface"":""pollon"",""occurrences"":5}]"
unresolved	surface	polyhistore		5			2		"[{""surface"":""polyhistore"",""occurrences"":4},{""surface"":""Polyhistore"",""occurrences"":1}]"
unresolved	surface	posquam		5			2		"[{""surface"":""posquam"",""occurrences"":4},{""surface"":""Posquam"",""occurrences"":1}]"
unresolved	surface	potuissit		5			3		"[{""surface"":""potuissit"",""occurrences"":5}]"
unresolved	surface	praestost		5			3		"[{""surface"":""praestost"",""occurrences"":5}]"
unresolved	surface	priscillianistas		5			2		"[{""surface"":""priscillianistas"",""occurrences"":4},{""surface"":""Priscillianistas"",""occurrences"":1}]"
unresolved	surface	processionaliter		5			4		"[{""surface"":""processionaliter"",""occurrences"":5}]"
unresolved	surface	prohinc		5			4		"[{""surface"":""Prohinc"",""occurrences"":3},{""surface"":""prohinc"",""occurrences"":2}]"
unresolved	surface	publia		5			3		"[{""surface"":""Publia"",""occurrences"":3},{""surface"":""publia"",""occurrences"":2}]"
unresolved	surface	pulcherrume		5			5		"[{""surface"":""pulcherrume"",""occurrences"":5}]"
unresolved	surface	qeou		5			2		"[{""surface"":""qeou"",""occurrences"":5}]"
unresolved	surface	qod		5			2		"[{""surface"":""qod"",""occurrences"":5}]"
unresolved	surface	quadraginsimae		5			5		"[{""surface"":""quadraginsimae"",""occurrences"":5}]"
unresolved	surface	quarunt		5			1		"[{""surface"":""quarunt"",""occurrences"":5}]"
unresolved	surface	quast		5			5		"[{""surface"":""quast"",""occurrences"":4},{""surface"":""Quast"",""occurrences"":1}]"
unresolved	surface	quei		5			2		"[{""surface"":""quei"",""occurrences"":5}]"
unresolved	surface	quisquamst		5			5		"[{""surface"":""quisquamst"",""occurrences"":5}]"
unresolved	surface	rant		5			5		"[{""surface"":""rant"",""occurrences"":5}]"
unresolved	surface	regin		5			1		"[{""surface"":""regin"",""occurrences"":5}]"
unresolved	surface	repatriavit		5			5		"[{""surface"":""repatriavit"",""occurrences"":5}]"
unresolved	surface	rhinocerotem		5			5		"[{""surface"":""rhinocerotem"",""occurrences"":5}]"
unresolved	surface	rithimi		5			1		"[{""surface"":""rithimi"",""occurrences"":5}]"
