queue	lemma	cltk_upos	corpus_occurrences_upper_bound	pilot_lemma_occurrences	pilot_document_count	contributing_form_count	ambiguous_form_count	dictionary_support	dictionary_sources	dictionary_entry_count	pos_assessment	also_in_structural_stage	top_forms
common_lexeme	quidam	DET	859	1	1	1	0	corroborated_independent	"[""faria-v2-retificado"",""latin-german"",""ls_dict""]"	5	unknown	True	"[{""form"":""quendam"",""corpus_occurrences"":859,""pilot_occurrences"":1,""ambiguous_cltk_lemma"":false}]"
common_lexeme	specus	NOUN	162	1	1	1	0	corroborated_independent	"[""faria-v2-retificado"",""latin-german"",""ls_dict""]"	4	compatible	False	"[{""form"":""specus"",""corpus_occurrences"":162,""pilot_occurrences"":1,""ambiguous_cltk_lemma"":false}]"
common_lexeme	tas	X	75	2	2	1	0	single_source	"[""gaffiot""]"	1	unknown	False	"[{""form"":""tas"",""corpus_occurrences"":75,""pilot_occurrences"":2,""ambiguous_cltk_lemma"":false}]"
common_lexeme	iudicium	NOUN	54	2	2	1	0	corroborated_independent	"[""faria-v2-retificado"",""latin-german""]"	2	compatible	False	"[{""form"":""iudic"",""corpus_occurrences"":54,""pilot_occurrences"":2,""ambiguous_cltk_lemma"":false}]"
common_lexeme	fuo	VERB	42	2	2	2	0	single_source	"[""ls_dict""]"	1	unknown	False	"[{""form"":""fuat"",""corpus_occurrences"":25,""pilot_occurrences"":1,""ambiguous_cltk_lemma"":false},{""form"":""fu"",""corpus_occurrences"":17,""pilot_occurrences"":1,""ambiguous_cltk_lemma"":false}]"
common_lexeme	ibus	NOUN	14	1	1	1	0	single_source	"[""ls_dict""]"	1	unknown	False	"[{""form"":""ibus"",""corpus_occurrences"":14,""pilot_occurrences"":1,""ambiguous_cltk_lemma"":false}]"
common_lexeme	ens	NOUN	13	1	1	1	0	corroborated_independent	"[""faria-v2-retificado"",""gaffiot"",""latin-german"",""ls_dict""]"	7	compatible	False	"[{""form"":""ent"",""corpus_occurrences"":13,""pilot_occurrences"":1,""ambiguous_cltk_lemma"":false}]"
common_lexeme	eo	VERB	12	3	3	3	0	corroborated_independent	"[""faria-v2-retificado"",""latin-german"",""ls_dict""]"	11	compatible	False	"[{""form"":""ele"",""corpus_occurrences"":5,""pilot_occurrences"":1,""ambiguous_cltk_lemma"":false},{""form"":""etia"",""corpus_occurrences"":4,""pilot_occurrences"":1,""ambiguous_cltk_lemma"":false},{""form"":""buz"",""corpus_occurrences"":3,""pilot_occurrences"":1,""ambiguous_cltk_lemma"":false}]"
common_lexeme	tia	NOUN	11	1	1	1	0	corroborated_independent	"[""faria-v2-retificado"",""gaffiot""]"	2	compatible	False	"[{""form"":""tia"",""corpus_occurrences"":11,""pilot_occurrences"":1,""ambiguous_cltk_lemma"":false}]"
common_lexeme	cedo	VERB	9	1	1	1	0	corroborated_independent	"[""faria-v2-retificado"",""latin-german"",""ls_dict""]"	7	compatible	False	"[{""form"":""ces"",""corpus_occurrences"":9,""pilot_occurrences"":1,""ambiguous_cltk_lemma"":false}]"
common_lexeme	suo	VERB	9	1	1	1	0	corroborated_independent	"[""faria-v2-retificado"",""latin-german"",""ls_dict""]"	3	compatible	False	"[{""form"":""sti"",""corpus_occurrences"":9,""pilot_occurrences"":1,""ambiguous_cltk_lemma"":false}]"
common_lexeme	lanio	NOUN	4	1	1	1	0	corroborated_independent	"[""faria-v2-retificado"",""latin-german"",""ls_dict""]"	5	compatible	False	"[{""form"":""lanionis"",""corpus_occurrences"":4,""pilot_occurrences"":1,""ambiguous_cltk_lemma"":false}]"
common_lexeme	genus	NOUN	3	1	1	1	0	corroborated_independent	"[""faria-v2-retificado"",""latin-german"",""ls_dict""]"	5	compatible	False	"[{""form"":""genre"",""corpus_occurrences"":3,""pilot_occurrences"":1,""ambiguous_cltk_lemma"":false}]"
common_lexeme	nia	NOUN	3	1	1	1	0	single_source	"[""gaffiot""]"	1	unknown	False	"[{""form"":""niae"",""corpus_occurrences"":3,""pilot_occurrences"":1,""ambiguous_cltk_lemma"":false}]"
common_lexeme	philostorgus	NOUN	2	1	1	1	0	corroborated_independent	"[""faria-v2-retificado"",""ls_dict""]"	2	compatible	True	"[{""form"":""philostorgum"",""corpus_occurrences"":2,""pilot_occurrences"":1,""ambiguous_cltk_lemma"":false}]"
common_lexeme	papirianus	ADJ	2	2	2	1	0	single_source	"[""faria-v2-retificado""]"	1	compatible	False	"[{""form"":""papirianum"",""corpus_occurrences"":2,""pilot_occurrences"":2,""ambiguous_cltk_lemma"":false}]"
common_lexeme	sas	NOUN	2	1	1	1	0	single_source	"[""ls_dict""]"	1	unknown	False	"[{""form"":""sas"",""corpus_occurrences"":2,""pilot_occurrences"":1,""ambiguous_cltk_lemma"":false}]"
common_lexeme	ago	VERB	1	1	1	1	0	corroborated_independent	"[""faria-v2-retificado"",""gaffiot"",""latin-german"",""ls_dict""]"	7	compatible	False	"[{""form"":""agsa"",""corpus_occurrences"":1,""pilot_occurrences"":1,""ambiguous_cltk_lemma"":false}]"
common_lexeme	bonus	ADJ	1	1	1	1	0	corroborated_independent	"[""faria-v2-retificado"",""gaffiot"",""latin-german"",""ls_dict""]"	6	compatible	False	"[{""form"":""oprimi"",""corpus_occurrences"":1,""pilot_occurrences"":1,""ambiguous_cltk_lemma"":false}]"
common_lexeme	cogo	VERB	1	1	1	1	0	corroborated_independent	"[""faria-v2-retificado"",""gaffiot"",""latin-german"",""ls_dict""]"	4	compatible	False	"[{""form"":""cogiem"",""corpus_occurrences"":1,""pilot_occurrences"":1,""ambiguous_cltk_lemma"":false}]"
common_lexeme	curro	VERB	1	1	1	1	0	corroborated_independent	"[""faria-v2-retificado"",""gaffiot"",""latin-german"",""ls_dict""]"	4	compatible	False	"[{""form"":""currissem"",""corpus_occurrences"":1,""pilot_occurrences"":1,""ambiguous_cltk_lemma"":false}]"
common_lexeme	facultas	NOUN	1	1	1	1	0	corroborated_independent	"[""faria-v2-retificado"",""gaffiot"",""latin-german"",""ls_dict""]"	4	compatible	False	"[{""form"":""facultatetm"",""corpus_occurrences"":1,""pilot_occurrences"":1,""ambiguous_cltk_lemma"":false}]"
common_lexeme	consumo	VERB	1	1	1	1	0	corroborated_independent	"[""faria-v2-retificado"",""gaffiot"",""latin-german""]"	3	compatible	False	"[{""form"":""consumpsei"",""corpus_occurrences"":1,""pilot_occurrences"":1,""ambiguous_cltk_lemma"":false}]"
common_lexeme	distinguo	VERB	1	1	1	1	0	corroborated_independent	"[""faria-v2-retificado"",""gaffiot"",""latin-german""]"	4	compatible	False	"[{""form"":""disticto"",""corpus_occurrences"":1,""pilot_occurrences"":1,""ambiguous_cltk_lemma"":false}]"
common_lexeme	ille	NOUN	1	1	1	1	0	corroborated_independent	"[""faria-v2-retificado"",""latin-german"",""ls_dict""]"	5	compatible	False	"[{""form"":""illei"",""corpus_occurrences"":1,""pilot_occurrences"":1,""ambiguous_cltk_lemma"":false}]"
common_lexeme	immortalis	ADJ	1	1	1	1	0	corroborated_independent	"[""faria-v2-retificado"",""latin-german"",""ls_dict""]"	5	compatible	False	"[{""form"":""immortalies"",""corpus_occurrences"":1,""pilot_occurrences"":1,""ambiguous_cltk_lemma"":false}]"
common_lexeme	incipio	VERB	1	1	1	1	0	corroborated_independent	"[""faria-v2-retificado"",""latin-german"",""ls_dict""]"	5	compatible	False	"[{""form"":""inceptui"",""corpus_occurrences"":1,""pilot_occurrences"":1,""ambiguous_cltk_lemma"":false}]"
common_lexeme	luo	VERB	1	1	1	1	0	corroborated_independent	"[""faria-v2-retificado"",""latin-german"",""ls_dict""]"	7	compatible	False	"[{""form"":""luos"",""corpus_occurrences"":1,""pilot_occurrences"":1,""ambiguous_cltk_lemma"":false}]"
common_lexeme	occupo	VERB	1	1	1	1	0	corroborated_independent	"[""faria-v2-retificado"",""latin-german"",""ls_dict""]"	4	compatible	False	"[{""form"":""occupara"",""corpus_occurrences"":1,""pilot_occurrences"":1,""ambiguous_cltk_lemma"":false}]"
common_lexeme	paro	VERB	1	1	1	1	0	corroborated_independent	"[""faria-v2-retificado"",""latin-german"",""ls_dict""]"	10	compatible	True	"[{""form"":""paratr"",""corpus_occurrences"":1,""pilot_occurrences"":1,""ambiguous_cltk_lemma"":false}]"
common_lexeme	pecunia	NOUN	1	1	1	1	0	corroborated_independent	"[""faria-v2-retificado"",""latin-german"",""ls_dict""]"	5	compatible	False	"[{""form"":""pecunian"",""corpus_occurrences"":1,""pilot_occurrences"":1,""ambiguous_cltk_lemma"":false}]"
common_lexeme	possum	VERB	1	1	1	1	0	corroborated_independent	"[""faria-v2-retificado"",""latin-german"",""ls_dict""]"	6	compatible	False	"[{""form"":""possos"",""corpus_occurrences"":1,""pilot_occurrences"":1,""ambiguous_cltk_lemma"":false}]"
common_lexeme	rideo	VERB	1	1	1	1	0	corroborated_independent	"[""faria-v2-retificado"",""latin-german"",""ls_dict""]"	3	compatible	False	"[{""form"":""ridisse"",""corpus_occurrences"":1,""pilot_occurrences"":1,""ambiguous_cltk_lemma"":false}]"
common_lexeme	sperno	VERB	1	1	1	1	0	corroborated_independent	"[""faria-v2-retificado"",""latin-german"",""ls_dict""]"	3	compatible	False	"[{""form"":""spernabere"",""corpus_occurrences"":1,""pilot_occurrences"":1,""ambiguous_cltk_lemma"":false}]"
common_lexeme	teneo	VERB	1	1	1	1	0	corroborated_independent	"[""faria-v2-retificado"",""latin-german"",""ls_dict""]"	5	compatible	False	"[{""form"":""tenetibus"",""corpus_occurrences"":1,""pilot_occurrences"":1,""ambiguous_cltk_lemma"":false}]"
common_lexeme	tono	VERB	1	1	1	1	0	corroborated_independent	"[""faria-v2-retificado"",""latin-german"",""ls_dict""]"	3	compatible	False	"[{""form"":""tonandti"",""corpus_occurrences"":1,""pilot_occurrences"":1,""ambiguous_cltk_lemma"":false}]"
common_lexeme	agra	NOUN	1	1	1	1	0	corroborated_independent	"[""faria-v2-retificado"",""gaffiot""]"	2	compatible	False	"[{""form"":""agrais"",""corpus_occurrences"":1,""pilot_occurrences"":1,""ambiguous_cltk_lemma"":false}]"
common_lexeme	ambigo	VERB	1	1	1	1	0	corroborated_independent	"[""gaffiot"",""latin-german""]"	2	compatible	False	"[{""form"":""ambiguendum"",""corpus_occurrences"":1,""pilot_occurrences"":1,""ambiguous_cltk_lemma"":false}]"
common_lexeme	decido	VERB	1	1	1	1	0	corroborated_independent	"[""faria-v2-retificado"",""latin-german""]"	5	compatible	False	"[{""form"":""decesssero"",""corpus_occurrences"":1,""pilot_occurrences"":1,""ambiguous_cltk_lemma"":false}]"
common_lexeme	elego	VERB	1	1	1	1	0	corroborated_independent	"[""gaffiot"",""latin-german""]"	2	compatible	False	"[{""form"":""eleganttissimis"",""corpus_occurrences"":1,""pilot_occurrences"":1,""ambiguous_cltk_lemma"":false}]"
common_lexeme	ingredior	VERB	1	1	1	1	0	corroborated_independent	"[""faria-v2-retificado"",""latin-german""]"	2	compatible	False	"[{""form"":""ingreder"",""corpus_occurrences"":1,""pilot_occurrences"":1,""ambiguous_cltk_lemma"":false}]"
common_lexeme	jacto	VERB	1	1	1	1	0	corroborated_independent	"[""faria-v2-retificado"",""ls_dict""]"	2	compatible	False	"[{""form"":""jactebtur"",""corpus_occurrences"":1,""pilot_occurrences"":1,""ambiguous_cltk_lemma"":false}]"
common_lexeme	pauso	VERB	1	1	1	1	0	corroborated_independent	"[""latin-german"",""ls_dict""]"	2	compatible	False	"[{""form"":""pausan"",""corpus_occurrences"":1,""pilot_occurrences"":1,""ambiguous_cltk_lemma"":false}]"
common_lexeme	pereo	VERB	1	1	1	1	0	corroborated_independent	"[""faria-v2-retificado"",""latin-german""]"	3	compatible	False	"[{""form"":""pericl"",""corpus_occurrences"":1,""pilot_occurrences"":1,""ambiguous_cltk_lemma"":false}]"
common_lexeme	prodigo	VERB	1	1	1	1	0	corroborated_independent	"[""latin-german"",""ls_dict""]"	2	compatible	False	"[{""form"":""prodigei"",""corpus_occurrences"":1,""pilot_occurrences"":1,""ambiguous_cltk_lemma"":false}]"
common_lexeme	recipio	VERB	1	1	1	1	0	corroborated_independent	"[""faria-v2-retificado"",""latin-german""]"	4	compatible	False	"[{""form"":""recips"",""corpus_occurrences"":1,""pilot_occurrences"":1,""ambiguous_cltk_lemma"":false}]"
common_lexeme	tia	X	1	1	1	1	0	corroborated_independent	"[""faria-v2-retificado"",""gaffiot""]"	2	unknown	False	"[{""form"":""tias"",""corpus_occurrences"":1,""pilot_occurrences"":1,""ambiguous_cltk_lemma"":false}]"
common_lexeme	vado	VERB	1	1	1	1	0	corroborated_independent	"[""latin-german"",""ls_dict""]"	4	compatible	False	"[{""form"":""vadus"",""corpus_occurrences"":1,""pilot_occurrences"":1,""ambiguous_cltk_lemma"":false}]"
common_lexeme	adfligo	VERB	1	1	1	1	0	single_source	"[""gaffiot""]"	1	unknown	False	"[{""form"":""adflixint"",""corpus_occurrences"":1,""pilot_occurrences"":1,""ambiguous_cltk_lemma"":false}]"
common_lexeme	incursim	ADV	1	1	1	1	0	single_source	"[""ls_dict""]"	1	compatible	True	"[{""form"":""incursim"",""corpus_occurrences"":1,""pilot_occurrences"":1,""ambiguous_cltk_lemma"":false}]"
common_lexeme	obsecro	VERB	1	1	1	1	0	single_source	"[""latin-german""]"	1	compatible	False	"[{""form"":""obsecri"",""corpus_occurrences"":1,""pilot_occurrences"":1,""ambiguous_cltk_lemma"":false}]"
common_lexeme	sos	NOUN	1	1	1	1	0	single_source	"[""ls_dict""]"	1	unknown	False	"[{""form"":""sosu"",""corpus_occurrences"":1,""pilot_occurrences"":1,""ambiguous_cltk_lemma"":false}]"
common_lexeme	stus	ADJ	1	1	1	1	0	single_source	"[""gaffiot""]"	1	unknown	False	"[{""form"":""stae"",""corpus_occurrences"":1,""pilot_occurrences"":1,""ambiguous_cltk_lemma"":false}]"
common_lexeme	tolutaris	ADJ	1	1	1	1	0	single_source	"[""ls_dict""]"	1	unknown	False	"[{""form"":""tolutares"",""corpus_occurrences"":1,""pilot_occurrences"":1,""ambiguous_cltk_lemma"":false}]"
proper_name	ulpianus	NOUN	9027	125	125	1	0	single_source	"[""ls_dict""]"	1	unknown	True	"[{""form"":""ulpianus"",""corpus_occurrences"":9027,""pilot_occurrences"":125,""ambiguous_cltk_lemma"":false}]"
proper_name	pomponius	NOUN	1355	9	9	1	0	corroborated_independent	"[""faria-v2-retificado"",""ls_dict""]"	2	compatible	True	"[{""form"":""pomponius"",""corpus_occurrences"":1355,""pilot_occurrences"":9,""ambiguous_cltk_lemma"":false}]"
proper_name	cornelius	PROPN	499	3	3	2	0	corroborated_independent	"[""faria-v2-retificado"",""ls_dict""]"	4	compatible	True	"[{""form"":""cornelius"",""corpus_occurrences"":460,""pilot_occurrences"":2,""ambiguous_cltk_lemma"":false},{""form"":""cornelii"",""corpus_occurrences"":39,""pilot_occurrences"":1,""ambiguous_cltk_lemma"":false}]"
proper_name	isaac	PROPN	317	55	11	1	1	single_source	"[""ls_dict""]"	1	unknown	True	"[{""form"":""isaac"",""corpus_occurrences"":317,""pilot_occurrences"":55,""ambiguous_cltk_lemma"":true}]"
proper_name	priamus	NOUN	219	3	3	3	0	corroborated_independent	"[""faria-v2-retificado"",""ls_dict""]"	2	compatible	True	"[{""form"":""priami"",""corpus_occurrences"":89,""pilot_occurrences"":1,""ambiguous_cltk_lemma"":false},{""form"":""priamo"",""corpus_occurrences"":76,""pilot_occurrences"":1,""ambiguous_cltk_lemma"":false},{""form"":""priamum"",""corpus_occurrences"":54,""pilot_occurrences"":1,""ambiguous_cltk_lemma"":false}]"
proper_name	gracchus	PROPN	210	3	2	1	0	corroborated_independent	"[""faria-v2-retificado"",""ls_dict""]"	2	compatible	True	"[{""form"":""gracchus"",""corpus_occurrences"":210,""pilot_occurrences"":3,""ambiguous_cltk_lemma"":false}]"
proper_name	mucius	NOUN	202	5	4	3	2	corroborated_independent	"[""faria-v2-retificado"",""ls_dict""]"	2	compatible	True	"[{""form"":""mucius"",""corpus_occurrences"":145,""pilot_occurrences"":2,""ambiguous_cltk_lemma"":true},{""form"":""mucio"",""corpus_occurrences"":40,""pilot_occurrences"":2,""ambiguous_cltk_lemma"":false},{""form"":""mucii"",""corpus_occurrences"":17,""pilot_occurrences"":1,""ambiguous_cltk_lemma"":true}]"
proper_name	ennius	PROPN	180	7	6	1	0	corroborated_independent	"[""faria-v2-retificado"",""gaffiot"",""ls_dict""]"	3	compatible	True	"[{""form"":""ennius"",""corpus_occurrences"":180,""pilot_occurrences"":7,""ambiguous_cltk_lemma"":false}]"
proper_name	phoebus	NOUN	178	1	1	1	0	corroborated_independent	"[""faria-v2-retificado"",""ls_dict""]"	4	compatible	True	"[{""form"":""phoebi"",""corpus_occurrences"":178,""pilot_occurrences"":1,""ambiguous_cltk_lemma"":false}]"
proper_name	esau	PROPN	178	53	5	1	1	single_source	"[""gaffiot""]"	1	unknown	True	"[{""form"":""esau"",""corpus_occurrences"":178,""pilot_occurrences"":53,""ambiguous_cltk_lemma"":true}]"
proper_name	troia	NOUN	165	8	8	3	1	corroborated_independent	"[""faria-v2-retificado"",""ls_dict""]"	2	compatible	True	"[{""form"":""troiae"",""corpus_occurrences"":163,""pilot_occurrences"":6,""ambiguous_cltk_lemma"":true},{""form"":""trōiae"",""corpus_occurrences"":1,""pilot_occurrences"":1,""ambiguous_cltk_lemma"":false},{""form"":""trōiam"",""corpus_occurrences"":1,""pilot_occurrences"":1,""ambiguous_cltk_lemma"":false}]"
proper_name	troia	PROPN	163	1	1	1	1	corroborated_independent	"[""faria-v2-retificado"",""ls_dict""]"	2	compatible	True	"[{""form"":""troiae"",""corpus_occurrences"":163,""pilot_occurrences"":1,""ambiguous_cltk_lemma"":true}]"
proper_name	mucius	PROPN	162	5	4	2	2	corroborated_independent	"[""faria-v2-retificado"",""ls_dict""]"	2	compatible	True	"[{""form"":""mucius"",""corpus_occurrences"":145,""pilot_occurrences"":4,""ambiguous_cltk_lemma"":true},{""form"":""mucii"",""corpus_occurrences"":17,""pilot_occurrences"":1,""ambiguous_cltk_lemma"":true}]"
proper_name	moab	PROPN	159	2	2	1	0	single_source	"[""ls_dict""]"	1	unknown	True	"[{""form"":""moab"",""corpus_occurrences"":159,""pilot_occurrences"":2,""ambiguous_cltk_lemma"":false}]"
proper_name	joseph	PROPN	143	77	13	1	1	single_source	"[""ls_dict""]"	1	unknown	True	"[{""form"":""joseph"",""corpus_occurrences"":143,""pilot_occurrences"":77,""ambiguous_cltk_lemma"":true}]"
proper_name	papirius	PROPN	139	3	3	1	0	corroborated_independent	"[""faria-v2-retificado"",""ls_dict""]"	4	compatible	True	"[{""form"":""papirius"",""corpus_occurrences"":139,""pilot_occurrences"":3,""ambiguous_cltk_lemma"":false}]"
proper_name	apollonius	PROPN	137	2	1	1	0	corroborated_independent	"[""gaffiot"",""ls_dict""]"	2	unknown	True	"[{""form"":""apollonius"",""corpus_occurrences"":137,""pilot_occurrences"":2,""ambiguous_cltk_lemma"":false}]"
proper_name	ammon	PROPN	121	1	1	1	0	corroborated_independent	"[""faria-v2-retificado"",""ls_dict""]"	3	compatible	True	"[{""form"":""ammon"",""corpus_occurrences"":121,""pilot_occurrences"":1,""ambiguous_cltk_lemma"":false}]"
proper_name	pythagoras	ADJ	118	1	1	1	0	corroborated_independent	"[""faria-v2-retificado"",""ls_dict""]"	2	compatible	True	"[{""form"":""pythagoras"",""corpus_occurrences"":118,""pilot_occurrences"":1,""ambiguous_cltk_lemma"":false}]"
proper_name	sylla	PROPN	118	1	1	1	0	single_source	"[""ls_dict""]"	1	unknown	True	"[{""form"":""sylla"",""corpus_occurrences"":118,""pilot_occurrences"":1,""ambiguous_cltk_lemma"":false}]"
proper_name	numa	PROPN	117	1	1	1	0	corroborated_independent	"[""faria-v2-retificado"",""ls_dict""]"	2	compatible	False	"[{""form"":""numa"",""corpus_occurrences"":117,""pilot_occurrences"":1,""ambiguous_cltk_lemma"":false}]"
proper_name	aelius	PROPN	116	3	2	1	0	corroborated_independent	"[""faria-v2-retificado"",""ls_dict""]"	2	compatible	True	"[{""form"":""aelius"",""corpus_occurrences"":116,""pilot_occurrences"":3,""ambiguous_cltk_lemma"":false}]"
proper_name	horatius	ADJ	104	1	1	1	1	corroborated_independent	"[""faria-v2-retificado"",""ls_dict""]"	4	compatible	True	"[{""form"":""horatius"",""corpus_occurrences"":104,""pilot_occurrences"":1,""ambiguous_cltk_lemma"":true}]"
proper_name	horatius	NOUN	104	1	1	1	1	corroborated_independent	"[""faria-v2-retificado"",""ls_dict""]"	4	compatible	True	"[{""form"":""horatius"",""corpus_occurrences"":104,""pilot_occurrences"":1,""ambiguous_cltk_lemma"":true}]"
proper_name	assur	PROPN	103	2	1	1	0	single_source	"[""gaffiot""]"	1	unknown	True	"[{""form"":""assur"",""corpus_occurrences"":103,""pilot_occurrences"":2,""ambiguous_cltk_lemma"":false}]"
proper_name	atilius	PROPN	102	2	1	1	0	corroborated_independent	"[""faria-v2-retificado"",""gaffiot"",""ls_dict""]"	3	compatible	True	"[{""form"":""atilius"",""corpus_occurrences"":102,""pilot_occurrences"":2,""ambiguous_cltk_lemma"":false}]"
proper_name	trebatius	NOUN	102	2	2	1	1	corroborated_independent	"[""faria-v2-retificado"",""ls_dict""]"	2	compatible	True	"[{""form"":""trebatius"",""corpus_occurrences"":102,""pilot_occurrences"":2,""ambiguous_cltk_lemma"":true}]"
proper_name	benjamin	NOUN	98	9	5	1	1	corroborated_independent	"[""gaffiot"",""ls_dict""]"	2	unknown	True	"[{""form"":""benjamin"",""corpus_occurrences"":98,""pilot_occurrences"":9,""ambiguous_cltk_lemma"":true}]"
proper_name	mesopotamia	NOUN	97	4	2	1	0	corroborated_independent	"[""faria-v2-retificado"",""ls_dict""]"	2	compatible	True	"[{""form"":""mesopotamiam"",""corpus_occurrences"":97,""pilot_occurrences"":4,""ambiguous_cltk_lemma"":false}]"
proper_name	chrysippus	PROPN	92	3	2	1	0	corroborated_independent	"[""faria-v2-retificado"",""gaffiot"",""ls_dict""]"	3	compatible	True	"[{""form"":""chrysippus"",""corpus_occurrences"":92,""pilot_occurrences"":3,""ambiguous_cltk_lemma"":false}]"
proper_name	aurelius	NOUN	85	3	3	1	0	corroborated_independent	"[""faria-v2-retificado"",""gaffiot"",""ls_dict""]"	4	compatible	True	"[{""form"":""aurelius"",""corpus_occurrences"":85,""pilot_occurrences"":3,""ambiguous_cltk_lemma"":false}]"
proper_name	abel	PROPN	85	8	1	1	0	corroborated_independent	"[""gaffiot"",""ls_dict""]"	2	unknown	True	"[{""form"":""abel"",""corpus_occurrences"":85,""pilot_occurrences"":8,""ambiguous_cltk_lemma"":false}]"
proper_name	gracchus	ADJ	84	2	2	1	0	corroborated_independent	"[""faria-v2-retificado"",""ls_dict""]"	2	compatible	True	"[{""form"":""gracchum"",""corpus_occurrences"":84,""pilot_occurrences"":2,""ambiguous_cltk_lemma"":false}]"
proper_name	porcius	PROPN	81	2	2	1	0	corroborated_independent	"[""faria-v2-retificado"",""ls_dict""]"	4	compatible	True	"[{""form"":""porcius"",""corpus_occurrences"":81,""pilot_occurrences"":2,""ambiguous_cltk_lemma"":false}]"
proper_name	sara	NOUN	79	27	9	3	3	single_source	"[""ls_dict""]"	1	unknown	True	"[{""form"":""sara"",""corpus_occurrences"":51,""pilot_occurrences"":15,""ambiguous_cltk_lemma"":true},{""form"":""sarai"",""corpus_occurrences"":16,""pilot_occurrences"":6,""ambiguous_cltk_lemma"":true},{""form"":""saram"",""corpus_occurrences"":12,""pilot_occurrences"":6,""ambiguous_cltk_lemma"":true}]"
proper_name	tyrius	ADJ	70	1	1	1	1	corroborated_independent	"[""faria-v2-retificado"",""latin-german"",""ls_dict""]"	4	compatible	True	"[{""form"":""tyrii"",""corpus_occurrences"":70,""pilot_occurrences"":1,""ambiguous_cltk_lemma"":true}]"
proper_name	theodorus	NOUN	70	1	1	1	0	corroborated_independent	"[""faria-v2-retificado"",""ls_dict""]"	2	compatible	True	"[{""form"":""theodorus"",""corpus_occurrences"":70,""pilot_occurrences"":1,""ambiguous_cltk_lemma"":false}]"
proper_name	ofilius	NOUN	69	3	3	2	1	single_source	"[""ls_dict""]"	1	unknown	True	"[{""form"":""ofilius"",""corpus_occurrences"":66,""pilot_occurrences"":2,""ambiguous_cltk_lemma"":true},{""form"":""ofilium"",""corpus_occurrences"":3,""pilot_occurrences"":1,""ambiguous_cltk_lemma"":false}]"
proper_name	cham	PROPN	64	7	3	1	1	corroborated_independent	"[""gaffiot"",""ls_dict""]"	2	unknown	True	"[{""form"":""cham"",""corpus_occurrences"":64,""pilot_occurrences"":7,""ambiguous_cltk_lemma"":true}]"
proper_name	abimelech	PROPN	64	19	3	1	0	single_source	"[""gaffiot""]"	1	unknown	True	"[{""form"":""abimelech"",""corpus_occurrences"":64,""pilot_occurrences"":19,""ambiguous_cltk_lemma"":false}]"
proper_name	pegasus	NOUN	61	4	3	2	0	corroborated_independent	"[""faria-v2-retificado"",""ls_dict""]"	3	compatible	True	"[{""form"":""pegasus"",""corpus_occurrences"":53,""pilot_occurrences"":3,""ambiguous_cltk_lemma"":false},{""form"":""pegaso"",""corpus_occurrences"":8,""pilot_occurrences"":1,""ambiguous_cltk_lemma"":false}]"
proper_name	themistocles	PROPN	58	1	1	1	0	corroborated_independent	"[""faria-v2-retificado"",""ls_dict""]"	2	compatible	True	"[{""form"":""themistocles"",""corpus_occurrences"":58,""pilot_occurrences"":1,""ambiguous_cltk_lemma"":false}]"
proper_name	achaia	NOUN	57	1	1	1	0	corroborated_independent	"[""faria-v2-retificado"",""gaffiot"",""ls_dict""]"	6	compatible	True	"[{""form"":""achaiae"",""corpus_occurrences"":57,""pilot_occurrences"":1,""ambiguous_cltk_lemma"":false}]"
proper_name	naevius	NOUN	57	3	3	1	0	corroborated_independent	"[""faria-v2-retificado"",""ls_dict""]"	5	compatible	True	"[{""form"":""naevius"",""corpus_occurrences"":57,""pilot_occurrences"":3,""ambiguous_cltk_lemma"":false}]"
proper_name	acilius	PROPN	56	1	1	1	0	corroborated_independent	"[""faria-v2-retificado"",""gaffiot"",""ls_dict""]"	5	compatible	True	"[{""form"":""acilius"",""corpus_occurrences"":56,""pilot_occurrences"":1,""ambiguous_cltk_lemma"":false}]"
proper_name	phryx	NOUN	56	1	1	1	0	corroborated_independent	"[""faria-v2-retificado"",""ls_dict""]"	4	compatible	True	"[{""form"":""phryges"",""corpus_occurrences"":56,""pilot_occurrences"":1,""ambiguous_cltk_lemma"":false}]"
proper_name	gellius	PROPN	54	1	1	1	0	corroborated_independent	"[""faria-v2-retificado"",""ls_dict""]"	2	compatible	True	"[{""form"":""gellius"",""corpus_occurrences"":54,""pilot_occurrences"":1,""ambiguous_cltk_lemma"":false}]"
proper_name	sara	PROPN	51	1	1	1	1	single_source	"[""ls_dict""]"	1	unknown	True	"[{""form"":""sara"",""corpus_occurrences"":51,""pilot_occurrences"":1,""ambiguous_cltk_lemma"":true}]"
proper_name	zabulon	NOUN	50	2	2	1	1	single_source	"[""ls_dict""]"	1	unknown	True	"[{""form"":""zabulon"",""corpus_occurrences"":50,""pilot_occurrences"":2,""ambiguous_cltk_lemma"":true}]"
proper_name	tros	NOUN	42	2	2	2	0	corroborated_independent	"[""faria-v2-retificado"",""ls_dict""]"	3	compatible	True	"[{""form"":""troas"",""corpus_occurrences"":28,""pilot_occurrences"":1,""ambiguous_cltk_lemma"":false},{""form"":""tros"",""corpus_occurrences"":14,""pilot_occurrences"":1,""ambiguous_cltk_lemma"":false}]"
proper_name	tullus	NOUN	41	1	1	1	0	single_source	"[""ls_dict""]"	1	unknown	True	"[{""form"":""tullo"",""corpus_occurrences"":41,""pilot_occurrences"":1,""ambiguous_cltk_lemma"":false}]"
proper_name	herennius	ADJ	40	1	1	1	0	corroborated_independent	"[""faria-v2-retificado"",""ls_dict""]"	3	compatible	True	"[{""form"":""herennius"",""corpus_occurrences"":40,""pilot_occurrences"":1,""ambiguous_cltk_lemma"":false}]"
proper_name	aeolus	NOUN	35	4	3	1	0	corroborated_independent	"[""faria-v2-retificado"",""ls_dict""]"	2	compatible	True	"[{""form"":""aeolus"",""corpus_occurrences"":35,""pilot_occurrences"":4,""ambiguous_cltk_lemma"":false}]"
proper_name	aesculapius	NOUN	35	1	1	1	0	corroborated_independent	"[""faria-v2-retificado"",""ls_dict""]"	2	compatible	True	"[{""form"":""aesculapio"",""corpus_occurrences"":35,""pilot_occurrences"":1,""ambiguous_cltk_lemma"":false}]"
proper_name	longinus	NOUN	34	3	3	1	0	corroborated_independent	"[""faria-v2-retificado"",""ls_dict""]"	2	compatible	True	"[{""form"":""longinus"",""corpus_occurrences"":34,""pilot_occurrences"":3,""ambiguous_cltk_lemma"":false}]"
proper_name	tyrrhenus	NOUN	34	1	1	1	0	single_source	"[""faria-v2-retificado""]"	3	compatible	True	"[{""form"":""tyrrhenum"",""corpus_occurrences"":34,""pilot_occurrences"":1,""ambiguous_cltk_lemma"":false}]"
proper_name	troilus	NOUN	33	1	1	1	0	corroborated_independent	"[""faria-v2-retificado"",""ls_dict""]"	2	compatible	True	"[{""form"":""troilus"",""corpus_occurrences"":33,""pilot_occurrences"":1,""ambiguous_cltk_lemma"":false}]"
proper_name	lot	NUM	33	17	3	1	1	single_source	"[""ls_dict""]"	1	unknown	True	"[{""form"":""lot"",""corpus_occurrences"":33,""pilot_occurrences"":17,""ambiguous_cltk_lemma"":true}]"
proper_name	lot	PROPN	33	5	3	1	1	single_source	"[""ls_dict""]"	1	unknown	True	"[{""form"":""lot"",""corpus_occurrences"":33,""pilot_occurrences"":5,""ambiguous_cltk_lemma"":true}]"
proper_name	lot	X	33	4	3	1	1	single_source	"[""ls_dict""]"	1	unknown	True	"[{""form"":""lot"",""corpus_occurrences"":33,""pilot_occurrences"":4,""ambiguous_cltk_lemma"":true}]"
proper_name	triton	NOUN	32	1	1	1	0	corroborated_independent	"[""faria-v2-retificado"",""ls_dict""]"	2	compatible	True	"[{""form"":""triton"",""corpus_occurrences"":32,""pilot_occurrences"":1,""ambiguous_cltk_lemma"":false}]"
proper_name	suetonius	PROPN	31	1	1	1	0	corroborated_independent	"[""faria-v2-retificado"",""ls_dict""]"	2	compatible	True	"[{""form"":""suetonius"",""corpus_occurrences"":31,""pilot_occurrences"":1,""ambiguous_cltk_lemma"":false}]"
proper_name	eliezer	PROPN	30	1	1	1	0	single_source	"[""gaffiot""]"	1	unknown	True	"[{""form"":""eliezer"",""corpus_occurrences"":30,""pilot_occurrences"":1,""ambiguous_cltk_lemma"":false}]"
proper_name	lycurgus	PROPN	28	2	1	1	0	single_source	"[""faria-v2-retificado""]"	3	compatible	True	"[{""form"":""lycurgus"",""corpus_occurrences"":28,""pilot_occurrences"":2,""ambiguous_cltk_lemma"":false}]"
proper_name	hiber	NOUN	28	1	1	1	0	single_source	"[""ls_dict""]"	1	unknown	True	"[{""form"":""hiberos"",""corpus_occurrences"":28,""pilot_occurrences"":1,""ambiguous_cltk_lemma"":false}]"
proper_name	tucca	NOUN	27	1	1	1	0	single_source	"[""faria-v2-retificado""]"	1	compatible	True	"[{""form"":""tucca"",""corpus_occurrences"":27,""pilot_occurrences"":1,""ambiguous_cltk_lemma"":false}]"
proper_name	cascellius	NOUN	26	3	1	2	0	corroborated_independent	"[""faria-v2-retificado"",""gaffiot"",""ls_dict""]"	3	compatible	True	"[{""form"":""cascellius"",""corpus_occurrences"":22,""pilot_occurrences"":2,""ambiguous_cltk_lemma"":false},{""form"":""cascellii"",""corpus_occurrences"":4,""pilot_occurrences"":1,""ambiguous_cltk_lemma"":false}]"
proper_name	volumnus	ADJ	26	6	2	1	0	single_source	"[""ls_dict""]"	1	unknown	True	"[{""form"":""volumnius"",""corpus_occurrences"":26,""pilot_occurrences"":6,""ambiguous_cltk_lemma"":false}]"
proper_name	ismael	PROPN	26	5	1	1	1	single_source	"[""ls_dict""]"	1	unknown	True	"[{""form"":""ismael"",""corpus_occurrences"":26,""pilot_occurrences"":5,""ambiguous_cltk_lemma"":true}]"
proper_name	ismael	NOUN	26	1	1	1	1	single_source	"[""ls_dict""]"	1	unknown	True	"[{""form"":""ismael"",""corpus_occurrences"":26,""pilot_occurrences"":1,""ambiguous_cltk_lemma"":true}]"
proper_name	neapolitanus	ADJ	26	1	1	1	0	single_source	"[""faria-v2-retificado""]"	1	compatible	True	"[{""form"":""neapolitanum"",""corpus_occurrences"":26,""pilot_occurrences"":1,""ambiguous_cltk_lemma"":false}]"
proper_name	gavius	PROPN	25	1	1	1	0	corroborated_independent	"[""faria-v2-retificado"",""ls_dict""]"	2	compatible	True	"[{""form"":""gavius"",""corpus_occurrences"":25,""pilot_occurrences"":1,""ambiguous_cltk_lemma"":false}]"
proper_name	mysia	NOUN	24	1	1	1	0	corroborated_independent	"[""faria-v2-retificado"",""ls_dict""]"	2	compatible	True	"[{""form"":""mysia"",""corpus_occurrences"":24,""pilot_occurrences"":1,""ambiguous_cltk_lemma"":false}]"
proper_name	pacuvius	NOUN	23	1	1	1	1	corroborated_independent	"[""faria-v2-retificado"",""ls_dict""]"	3	compatible	True	"[{""form"":""pacuvius"",""corpus_occurrences"":23,""pilot_occurrences"":1,""ambiguous_cltk_lemma"":true}]"
proper_name	pacuvius	PROPN	23	1	1	1	1	corroborated_independent	"[""faria-v2-retificado"",""ls_dict""]"	3	compatible	True	"[{""form"":""pacuvius"",""corpus_occurrences"":23,""pilot_occurrences"":1,""ambiguous_cltk_lemma"":true}]"
proper_name	graius	ADJ	21	1	1	1	0	corroborated_independent	"[""faria-v2-retificado"",""ls_dict""]"	3	compatible	True	"[{""form"":""graii"",""corpus_occurrences"":21,""pilot_occurrences"":1,""ambiguous_cltk_lemma"":false}]"
proper_name	lollius	NOUN	21	1	1	1	0	corroborated_independent	"[""faria-v2-retificado"",""ls_dict""]"	2	compatible	True	"[{""form"":""lollius"",""corpus_occurrences"":21,""pilot_occurrences"":1,""ambiguous_cltk_lemma"":false}]"
proper_name	croesus	NOUN	20	1	1	1	0	corroborated_independent	"[""faria-v2-retificado"",""ls_dict""]"	2	compatible	True	"[{""form"":""croesum"",""corpus_occurrences"":20,""pilot_occurrences"":1,""ambiguous_cltk_lemma"":false}]"
proper_name	albucius	NOUN	20	1	1	1	0	single_source	"[""gaffiot""]"	1	unknown	True	"[{""form"":""albucius"",""corpus_occurrences"":20,""pilot_occurrences"":1,""ambiguous_cltk_lemma"":false}]"
proper_name	arion	NOUN	19	1	1	1	0	corroborated_independent	"[""faria-v2-retificado"",""gaffiot"",""ls_dict""]"	3	compatible	True	"[{""form"":""arion"",""corpus_occurrences"":19,""pilot_occurrences"":1,""ambiguous_cltk_lemma"":false}]"
proper_name	aelius	ADJ	18	2	2	1	0	corroborated_independent	"[""faria-v2-retificado"",""ls_dict""]"	2	compatible	True	"[{""form"":""aelii"",""corpus_occurrences"":18,""pilot_occurrences"":2,""ambiguous_cltk_lemma"":false}]"
proper_name	annaeus	PROPN	18	2	1	1	0	single_source	"[""faria-v2-retificado""]"	1	compatible	True	"[{""form"":""annaeus"",""corpus_occurrences"":18,""pilot_occurrences"":2,""ambiguous_cltk_lemma"":false}]"
proper_name	sarpedon	NOUN	17	1	1	1	0	corroborated_independent	"[""faria-v2-retificado"",""ls_dict""]"	2	compatible	True	"[{""form"":""sarpedon"",""corpus_occurrences"":17,""pilot_occurrences"":1,""ambiguous_cltk_lemma"":false}]"
proper_name	bel	PROPN	17	1	1	1	0	single_source	"[""gaffiot""]"	1	unknown	True	"[{""form"":""bel"",""corpus_occurrences"":17,""pilot_occurrences"":1,""ambiguous_cltk_lemma"":false}]"
proper_name	dardanidus	ADJ	17	1	1	1	0	single_source	"[""latin-german""]"	1	compatible	True	"[{""form"":""dardanidae"",""corpus_occurrences"":17,""pilot_occurrences"":1,""ambiguous_cltk_lemma"":false}]"
proper_name	boethius	PROPN	16	2	2	1	0	corroborated_independent	"[""gaffiot"",""ls_dict""]"	2	unknown	True	"[{""form"":""boethius"",""corpus_occurrences"":16,""pilot_occurrences"":2,""ambiguous_cltk_lemma"":false}]"
proper_name	phoenissus	ADJ	16	1	1	1	1	single_source	"[""ls_dict""]"	1	unknown	True	"[{""form"":""phoenissa"",""corpus_occurrences"":16,""pilot_occurrences"":1,""ambiguous_cltk_lemma"":true}]"
proper_name	simo	NOUN	15	1	1	1	0	corroborated_independent	"[""faria-v2-retificado"",""ls_dict""]"	5	compatible	False	"[{""form"":""simois"",""corpus_occurrences"":15,""pilot_occurrences"":1,""ambiguous_cltk_lemma"":false}]"
proper_name	cythera	NOUN	15	1	1	1	0	single_source	"[""gaffiot""]"	1	unknown	False	"[{""form"":""cythera"",""corpus_occurrences"":15,""pilot_occurrences"":1,""ambiguous_cltk_lemma"":false}]"
proper_name	jugurtha	NOUN	14	4	2	3	0	corroborated_independent	"[""faria-v2-retificado"",""ls_dict""]"	2	compatible	True	"[{""form"":""jugurtha"",""corpus_occurrences"":8,""pilot_occurrences"":2,""ambiguous_cltk_lemma"":false},{""form"":""jugurthae"",""corpus_occurrences"":4,""pilot_occurrences"":1,""ambiguous_cltk_lemma"":false},{""form"":""jugurtham"",""corpus_occurrences"":2,""pilot_occurrences"":1,""ambiguous_cltk_lemma"":false}]"
proper_name	nessus	NOUN	14	1	1	1	0	corroborated_independent	"[""faria-v2-retificado"",""ls_dict""]"	3	compatible	False	"[{""form"":""nessi"",""corpus_occurrences"":14,""pilot_occurrences"":1,""ambiguous_cltk_lemma"":false}]"
proper_name	cornelianus	NOUN	14	2	2	2	0	single_source	"[""gaffiot""]"	1	unknown	True	"[{""form"":""corneliani"",""corpus_occurrences"":8,""pilot_occurrences"":1,""ambiguous_cltk_lemma"":false},{""form"":""corneliano"",""corpus_occurrences"":6,""pilot_occurrences"":1,""ambiguous_cltk_lemma"":false}]"
proper_name	hadria	NOUN	14	1	1	1	0	single_source	"[""faria-v2-retificado""]"	1	compatible	True	"[{""form"":""hadriae"",""corpus_occurrences"":14,""pilot_occurrences"":1,""ambiguous_cltk_lemma"":false}]"
proper_name	sychaeus	NOUN	13	3	2	2	0	single_source	"[""faria-v2-retificado""]"	2	compatible	True	"[{""form"":""sychaeus"",""corpus_occurrences"":10,""pilot_occurrences"":1,""ambiguous_cltk_lemma"":false},{""form"":""sychaeum"",""corpus_occurrences"":3,""pilot_occurrences"":2,""ambiguous_cltk_lemma"":false}]"
proper_name	castricius	NOUN	12	1	1	1	0	corroborated_independent	"[""faria-v2-retificado"",""ls_dict""]"	3	compatible	True	"[{""form"":""castricius"",""corpus_occurrences"":12,""pilot_occurrences"":1,""ambiguous_cltk_lemma"":false}]"
proper_name	spartacus	NOUN	12	1	1	1	0	corroborated_independent	"[""faria-v2-retificado"",""ls_dict""]"	2	compatible	True	"[{""form"":""spartacus"",""corpus_occurrences"":12,""pilot_occurrences"":1,""ambiguous_cltk_lemma"":false}]"
proper_name	aeolia	NOUN	11	1	1	1	0	corroborated_independent	"[""faria-v2-retificado"",""ls_dict""]"	3	compatible	True	"[{""form"":""aeoliam"",""corpus_occurrences"":11,""pilot_occurrences"":1,""ambiguous_cltk_lemma"":false}]"
proper_name	aurelia	NOUN	10	1	1	1	0	corroborated_independent	"[""faria-v2-retificado"",""gaffiot""]"	2	compatible	True	"[{""form"":""aureliam"",""corpus_occurrences"":10,""pilot_occurrences"":1,""ambiguous_cltk_lemma"":false}]"
proper_name	musonius	PROPN	10	1	1	1	0	corroborated_independent	"[""faria-v2-retificado"",""ls_dict""]"	2	compatible	True	"[{""form"":""musonius"",""corpus_occurrences"":10,""pilot_occurrences"":1,""ambiguous_cltk_lemma"":false}]"
proper_name	ela	PROPN	10	1	1	1	0	single_source	"[""gaffiot""]"	1	unknown	False	"[{""form"":""ela"",""corpus_occurrences"":10,""pilot_occurrences"":1,""ambiguous_cltk_lemma"":false}]"
proper_name	tullus	ADJ	10	1	1	1	0	single_source	"[""ls_dict""]"	1	unknown	True	"[{""form"":""tullum"",""corpus_occurrences"":10,""pilot_occurrences"":1,""ambiguous_cltk_lemma"":false}]"
proper_name	garumna	NOUN	9	3	1	1	0	corroborated_independent	"[""faria-v2-retificado"",""ls_dict""]"	2	compatible	True	"[{""form"":""garumna"",""corpus_occurrences"":9,""pilot_occurrences"":3,""ambiguous_cltk_lemma"":false}]"
proper_name	aelianus	ADJ	9	1	1	1	0	corroborated_independent	"[""faria-v2-retificado"",""ls_dict""]"	2	compatible	True	"[{""form"":""aelianum"",""corpus_occurrences"":9,""pilot_occurrences"":1,""ambiguous_cltk_lemma"":false}]"
proper_name	clitomachus	NOUN	8	2	1	1	0	corroborated_independent	"[""faria-v2-retificado"",""gaffiot"",""ls_dict""]"	3	compatible	True	"[{""form"":""clitomachus"",""corpus_occurrences"":8,""pilot_occurrences"":2,""ambiguous_cltk_lemma"":false}]"
proper_name	babel	NOUN	8	1	1	1	0	corroborated_independent	"[""gaffiot"",""ls_dict""]"	2	unknown	True	"[{""form"":""babel"",""corpus_occurrences"":8,""pilot_occurrences"":1,""ambiguous_cltk_lemma"":false}]"
proper_name	amycus	ADJ	8	1	1	1	0	single_source	"[""gaffiot""]"	1	unknown	True	"[{""form"":""amyci"",""corpus_occurrences"":8,""pilot_occurrences"":1,""ambiguous_cltk_lemma"":false}]"
proper_name	bos	NOUN	7	1	1	1	0	corroborated_independent	"[""faria-v2-retificado"",""gaffiot"",""latin-german"",""ls_dict""]"	8	compatible	False	"[{""form"":""bosra"",""corpus_occurrences"":7,""pilot_occurrences"":1,""ambiguous_cltk_lemma"":false}]"
proper_name	vangio	NOUN	7	1	1	1	0	corroborated_independent	"[""faria-v2-retificado"",""ls_dict""]"	2	compatible	True	"[{""form"":""vangiones"",""corpus_occurrences"":7,""pilot_occurrences"":1,""ambiguous_cltk_lemma"":false}]"
proper_name	hadriaticus	ADJ	7	1	1	1	0	single_source	"[""faria-v2-retificado""]"	1	compatible	False	"[{""form"":""hadriatico"",""corpus_occurrences"":7,""pilot_occurrences"":1,""ambiguous_cltk_lemma"":false}]"
proper_name	apollo	PROPN	6	1	1	1	0	corroborated_independent	"[""faria-v2-retificado"",""gaffiot"",""latin-german"",""ls_dict""]"	4	compatible	False	"[{""form"":""apollonis"",""corpus_occurrences"":6,""pilot_occurrences"":1,""ambiguous_cltk_lemma"":false}]"
proper_name	coruncanius	ADJ	6	1	1	1	0	corroborated_independent	"[""gaffiot"",""ls_dict""]"	2	unknown	True	"[{""form"":""coruncanius"",""corpus_occurrences"":6,""pilot_occurrences"":1,""ambiguous_cltk_lemma"":false}]"
proper_name	falco	PROPN	6	1	1	1	0	corroborated_independent	"[""gaffiot"",""ls_dict""]"	2	unknown	True	"[{""form"":""falconis"",""corpus_occurrences"":6,""pilot_occurrences"":1,""ambiguous_cltk_lemma"":false}]"
proper_name	gavius	NOUN	6	1	1	1	0	corroborated_independent	"[""faria-v2-retificado"",""ls_dict""]"	2	compatible	True	"[{""form"":""gavium"",""corpus_occurrences"":6,""pilot_occurrences"":1,""ambiguous_cltk_lemma"":false}]"
proper_name	elon	PROPN	6	3	3	1	0	single_source	"[""gaffiot""]"	1	unknown	False	"[{""form"":""elon"",""corpus_occurrences"":6,""pilot_occurrences"":3,""ambiguous_cltk_lemma"":false}]"
proper_name	parrhasius	NOUN	5	1	1	1	0	corroborated_independent	"[""faria-v2-retificado"",""ls_dict""]"	5	compatible	True	"[{""form"":""parrhasium"",""corpus_occurrences"":5,""pilot_occurrences"":1,""ambiguous_cltk_lemma"":false}]"
proper_name	phallus	PROPN	5	1	1	1	0	corroborated_independent	"[""latin-german"",""ls_dict""]"	2	compatible	True	"[{""form"":""phallu"",""corpus_occurrences"":5,""pilot_occurrences"":1,""ambiguous_cltk_lemma"":false}]"
proper_name	palaestinus	NOUN	5	4	2	1	0	single_source	"[""faria-v2-retificado""]"	2	compatible	True	"[{""form"":""palæstinorum"",""corpus_occurrences"":5,""pilot_occurrences"":4,""ambiguous_cltk_lemma"":false}]"
proper_name	cloanthus	NOUN	5	1	1	1	1	single_source	"[""ls_dict""]"	1	unknown	True	"[{""form"":""cloanthum"",""corpus_occurrences"":5,""pilot_occurrences"":1,""ambiguous_cltk_lemma"":true}]"
proper_name	ophir	PROPN	5	1	1	1	0	single_source	"[""ls_dict""]"	1	unknown	False	"[{""form"":""ophir"",""corpus_occurrences"":5,""pilot_occurrences"":1,""ambiguous_cltk_lemma"":false}]"
proper_name	euphranor	NOUN	4	1	1	1	0	corroborated_independent	"[""faria-v2-retificado"",""gaffiot"",""ls_dict""]"	3	compatible	True	"[{""form"":""euphranorem"",""corpus_occurrences"":4,""pilot_occurrences"":1,""ambiguous_cltk_lemma"":false}]"
proper_name	tres	PROPN	4	1	1	1	0	corroborated_independent	"[""faria-v2-retificado"",""latin-german"",""ls_dict""]"	4	compatible	False	"[{""form"":""tri"",""corpus_occurrences"":4,""pilot_occurrences"":1,""ambiguous_cltk_lemma"":false}]"
proper_name	silenus	NOUN	4	1	1	1	0	corroborated_independent	"[""faria-v2-retificado"",""ls_dict""]"	3	compatible	True	"[{""form"":""sileno"",""corpus_occurrences"":4,""pilot_occurrences"":1,""ambiguous_cltk_lemma"":false}]"
proper_name	sar	NOUN	4	4	4	1	0	single_source	"[""gaffiot""]"	1	unknown	False	"[{""form"":""saræ"",""corpus_occurrences"":4,""pilot_occurrences"":4,""ambiguous_cltk_lemma"":false}]"
proper_name	epha	PROPN	4	1	1	1	0	single_source	"[""latin-german""]"	1	compatible	True	"[{""form"":""epha"",""corpus_occurrences"":4,""pilot_occurrences"":1,""ambiguous_cltk_lemma"":false}]"
proper_name	cyzicenus	ADJ	3	1	1	1	0	corroborated_independent	"[""faria-v2-retificado"",""gaffiot""]"	2	compatible	True	"[{""form"":""cyzicena"",""corpus_occurrences"":3,""pilot_occurrences"":1,""ambiguous_cltk_lemma"":false}]"
proper_name	ilioneus	NOUN	3	1	1	1	0	corroborated_independent	"[""faria-v2-retificado"",""ls_dict""]"	2	compatible	True	"[{""form"":""ilionei"",""corpus_occurrences"":3,""pilot_occurrences"":1,""ambiguous_cltk_lemma"":false}]"
proper_name	lais	NOUN	3	1	1	1	0	corroborated_independent	"[""faria-v2-retificado"",""ls_dict""]"	2	compatible	True	"[{""form"":""laidem"",""corpus_occurrences"":3,""pilot_occurrences"":1,""ambiguous_cltk_lemma"":false}]"
proper_name	hamula	NOUN	3	1	1	1	0	single_source	"[""ls_dict""]"	1	unknown	False	"[{""form"":""hamul"",""corpus_occurrences"":3,""pilot_occurrences"":1,""ambiguous_cltk_lemma"":false}]"
proper_name	sabaeus	NOUN	3	1	1	1	0	single_source	"[""faria-v2-retificado""]"	1	compatible	True	"[{""form"":""sabaeo"",""corpus_occurrences"":3,""pilot_occurrences"":1,""ambiguous_cltk_lemma"":false}]"
proper_name	sam	PROPN	3	1	1	1	0	single_source	"[""ls_dict""]"	1	unknown	False	"[{""form"":""sam"",""corpus_occurrences"":3,""pilot_occurrences"":1,""ambiguous_cltk_lemma"":false}]"
proper_name	atellanus	ADJ	2	1	1	1	0	corroborated_independent	"[""faria-v2-retificado"",""gaffiot""]"	3	compatible	True	"[{""form"":""atellanas"",""corpus_occurrences"":2,""pilot_occurrences"":1,""ambiguous_cltk_lemma"":false}]"
proper_name	byrsa	NOUN	2	1	1	1	0	corroborated_independent	"[""faria-v2-retificado"",""ls_dict""]"	2	compatible	True	"[{""form"":""byrsam"",""corpus_occurrences"":2,""pilot_occurrences"":1,""ambiguous_cltk_lemma"":false}]"
proper_name	arach	NOUN	2	1	1	1	0	single_source	"[""gaffiot""]"	1	unknown	True	"[{""form"":""arach"",""corpus_occurrences"":2,""pilot_occurrences"":1,""ambiguous_cltk_lemma"":false}]"
proper_name	cabo	VERB	2	1	1	1	0	single_source	"[""gaffiot""]"	1	unknown	False	"[{""form"":""caburi"",""corpus_occurrences"":2,""pilot_occurrences"":1,""ambiguous_cltk_lemma"":false}]"
proper_name	ennianus	ADJ	2	1	1	1	0	single_source	"[""faria-v2-retificado""]"	1	compatible	True	"[{""form"":""ennianus"",""corpus_occurrences"":2,""pilot_occurrences"":1,""ambiguous_cltk_lemma"":false}]"
proper_name	arto	VERB	1	1	1	1	0	corroborated_independent	"[""faria-v2-retificado"",""gaffiot"",""latin-german"",""ls_dict""]"	5	compatible	False	"[{""form"":""artaxa"",""corpus_occurrences"":1,""pilot_occurrences"":1,""ambiguous_cltk_lemma"":false}]"
proper_name	sallo	VERB	1	1	1	1	0	corroborated_independent	"[""faria-v2-retificado"",""latin-german"",""ls_dict""]"	3	compatible	False	"[{""form"":""sallem"",""corpus_occurrences"":1,""pilot_occurrences"":1,""ambiguous_cltk_lemma"":false}]"
proper_name	livianus	ADJ	1	1	1	1	0	corroborated_independent	"[""faria-v2-retificado"",""ls_dict""]"	2	compatible	True	"[{""form"":""liviana"",""corpus_occurrences"":1,""pilot_occurrences"":1,""ambiguous_cltk_lemma"":false}]"
proper_name	atellaniola	ADJ	1	1	1	1	0	single_source	"[""gaffiot""]"	1	unknown	False	"[{""form"":""atellaniolae"",""corpus_occurrences"":1,""pilot_occurrences"":1,""ambiguous_cltk_lemma"":false}]"
proper_name	athenodotus	ADJ	1	1	1	1	0	single_source	"[""gaffiot""]"	1	unknown	True	"[{""form"":""athenodotus"",""corpus_occurrences"":1,""pilot_occurrences"":1,""ambiguous_cltk_lemma"":false}]"
proper_name	egatheus	NOUN	1	1	1	1	0	single_source	"[""gaffiot""]"	1	unknown	True	"[{""form"":""egatheus"",""corpus_occurrences"":1,""pilot_occurrences"":1,""ambiguous_cltk_lemma"":false}]"
proper_name	laelianus	ADJ	1	1	1	1	0	single_source	"[""faria-v2-retificado""]"	1	compatible	True	"[{""form"":""laelianus"",""corpus_occurrences"":1,""pilot_occurrences"":1,""ambiguous_cltk_lemma"":false}]"
proper_name	lampadio	NOUN	1	1	1	1	0	single_source	"[""ls_dict""]"	1	unknown	True	"[{""form"":""lampadionis"",""corpus_occurrences"":1,""pilot_occurrences"":1,""ambiguous_cltk_lemma"":false}]"
proper_name	leucus	NOUN	1	1	1	1	0	single_source	"[""ls_dict""]"	1	unknown	True	"[{""form"":""leucos"",""corpus_occurrences"":1,""pilot_occurrences"":1,""ambiguous_cltk_lemma"":false}]"
proper_name	masurianus	ADJ	1	1	1	1	0	single_source	"[""ls_dict""]"	1	unknown	False	"[{""form"":""masuriana"",""corpus_occurrences"":1,""pilot_occurrences"":1,""ambiguous_cltk_lemma"":false}]"
proper_name	segusiavus	NOUN	1	1	1	1	0	single_source	"[""faria-v2-retificado""]"	2	compatible	False	"[{""form"":""segusiavos"",""corpus_occurrences"":1,""pilot_occurrences"":1,""ambiguous_cltk_lemma"":false}]"
model_or_pos_review	aprilis	ADJ	995	1	1	1	1	corroborated_independent	"[""faria-v2-retificado"",""gaffiot""]"	2	compatible	False	"[{""form"":""april"",""corpus_occurrences"":995,""pilot_occurrences"":1,""ambiguous_cltk_lemma"":true}]"
model_or_pos_review	abraham	PROPN	601	85	13	1	0	corroborated_independent	"[""gaffiot"",""ls_dict""]"	2	mixed_or_unknown	True	"[{""form"":""abraham"",""corpus_occurrences"":601,""pilot_occurrences"":85,""ambiguous_cltk_lemma"":false}]"
model_or_pos_review	troius	NOUN	227	4	4	2	0	corroborated_independent	"[""faria-v2-retificado"",""ls_dict""]"	3	mixed_or_unknown	True	"[{""form"":""troia"",""corpus_occurrences"":206,""pilot_occurrences"":3,""ambiguous_cltk_lemma"":false},{""form"":""troius"",""corpus_occurrences"":21,""pilot_occurrences"":1,""ambiguous_cltk_lemma"":false}]"
model_or_pos_review	qui	VERB	199	1	1	1	0	corroborated_independent	"[""faria-v2-retificado"",""gaffiot"",""latin-german"",""ls_dict""]"	9	mixed_or_unknown	False	"[{""form"":""quoi"",""corpus_occurrences"":199,""pilot_occurrences"":1,""ambiguous_cltk_lemma"":false}]"
model_or_pos_review	ephra	PROPN	176	10	3	1	1	single_source	"[""ls_dict""]"	1	conflict	False	"[{""form"":""ephraim"",""corpus_occurrences"":176,""pilot_occurrences"":10,""ambiguous_cltk_lemma"":true}]"
model_or_pos_review	cinna	NOUN	120	1	1	1	0	single_source	"[""ls_dict""]"	1	conflict	True	"[{""form"":""cinna"",""corpus_occurrences"":120,""pilot_occurrences"":1,""ambiguous_cltk_lemma"":false}]"
model_or_pos_review	theophrastus	ADJ	70	1	1	1	0	corroborated_independent	"[""faria-v2-retificado"",""ls_dict""]"	2	mixed_or_unknown	True	"[{""form"":""theophrastus"",""corpus_occurrences"":70,""pilot_occurrences"":1,""ambiguous_cltk_lemma"":false}]"
model_or_pos_review	cytherea	NOUN	67	2	2	1	0	review_only	"[""faria-v2-retificado""]"	1	compatible	False	"[{""form"":""cytherea"",""corpus_occurrences"":67,""pilot_occurrences"":2,""ambiguous_cltk_lemma"":false}]"
model_or_pos_review	sarus	ADJ	51	3	2	1	1	single_source	"[""faria-v2-retificado""]"	1	conflict	True	"[{""form"":""sara"",""corpus_occurrences"":51,""pilot_occurrences"":3,""ambiguous_cltk_lemma"":true}]"
model_or_pos_review	lius	ADJ	33	1	1	1	1	single_source	"[""gaffiot""]"	1	unknown	False	"[{""form"":""lia"",""corpus_occurrences"":33,""pilot_occurrences"":1,""ambiguous_cltk_lemma"":true}]"
model_or_pos_review	hostilis	PROPN	25	1	1	1	0	corroborated_independent	"[""faria-v2-retificado"",""latin-german"",""ls_dict""]"	3	conflict	False	"[{""form"":""hostilio"",""corpus_occurrences"":25,""pilot_occurrences"":1,""ambiguous_cltk_lemma"":false}]"
model_or_pos_review	faustina	NOUN	21	5	5	1	0	corroborated_independent	"[""gaffiot"",""ls_dict""]"	2	mixed_or_unknown	True	"[{""form"":""faustina"",""corpus_occurrences"":21,""pilot_occurrences"":5,""ambiguous_cltk_lemma"":false}]"
model_or_pos_review	her	NUM	18	5	2	1	0	review_only	"[""faria-v2-retificado""]"	1	conflict	True	"[{""form"":""her"",""corpus_occurrences"":18,""pilot_occurrences"":5,""ambiguous_cltk_lemma"":false}]"
model_or_pos_review	anaxagoras	ADJ	15	1	1	1	0	corroborated_independent	"[""faria-v2-retificado"",""gaffiot"",""ls_dict""]"	3	mixed_or_unknown	True	"[{""form"":""anaxagorae"",""corpus_occurrences"":15,""pilot_occurrences"":1,""ambiguous_cltk_lemma"":false}]"
model_or_pos_review	sui	VERB	14	1	1	1	0	corroborated_independent	"[""faria-v2-retificado"",""latin-german"",""ls_dict""]"	4	mixed_or_unknown	False	"[{""form"":""sse"",""corpus_occurrences"":14,""pilot_occurrences"":1,""ambiguous_cltk_lemma"":false}]"
model_or_pos_review	duo	VERB	12	1	1	1	0	corroborated_independent	"[""faria-v2-retificado"",""gaffiot"",""latin-german"",""ls_dict""]"	6	mixed_or_unknown	False	"[{""form"":""duint"",""corpus_occurrences"":12,""pilot_occurrences"":1,""ambiguous_cltk_lemma"":false}]"
model_or_pos_review	hus	PROPN	11	2	2	1	0	review_only	"[""faria-v2-retificado""]"	1	compatible	False	"[{""form"":""hus"",""corpus_occurrences"":11,""pilot_occurrences"":2,""ambiguous_cltk_lemma"":false}]"
model_or_pos_review	ilioneus	ADJ	9	3	3	2	0	corroborated_independent	"[""faria-v2-retificado"",""ls_dict""]"	2	mixed_or_unknown	True	"[{""form"":""ilioneus"",""corpus_occurrences"":7,""pilot_occurrences"":2,""ambiguous_cltk_lemma"":false},{""form"":""ilionea"",""corpus_occurrences"":2,""pilot_occurrences"":1,""ambiguous_cltk_lemma"":false}]"
model_or_pos_review	gomorra	NOUN	7	4	1	1	0	single_source	"[""ls_dict""]"	1	conflict	True	"[{""form"":""gomorrhae"",""corpus_occurrences"":7,""pilot_occurrences"":4,""ambiguous_cltk_lemma"":false}]"
model_or_pos_review	reus	PROPN	5	4	2	1	1	corroborated_independent	"[""faria-v2-retificado"",""latin-german"",""ls_dict""]"	6	compatible	False	"[{""form"":""reu"",""corpus_occurrences"":5,""pilot_occurrences"":4,""ambiguous_cltk_lemma"":true}]"
model_or_pos_review	saguntinus	NOUN	5	1	1	1	0	single_source	"[""faria-v2-retificado""]"	1	conflict	True	"[{""form"":""saguntinum"",""corpus_occurrences"":5,""pilot_occurrences"":1,""ambiguous_cltk_lemma"":false}]"
model_or_pos_review	ulpius	NOUN	5	1	1	1	0	single_source	"[""ls_dict""]"	1	conflict	True	"[{""form"":""ulpium"",""corpus_occurrences"":5,""pilot_occurrences"":1,""ambiguous_cltk_lemma"":false}]"
model_or_pos_review	ads	NUM	4	2	2	1	0	review_only	"[""faria-v2-retificado""]"	1	conflict	False	"[{""form"":""adsess"",""corpus_occurrences"":4,""pilot_occurrences"":2,""ambiguous_cltk_lemma"":false}]"
model_or_pos_review	volus	NOUN	4	1	1	1	0	review_only	"[""faria-v2-retificado""]"	1	compatible	False	"[{""form"":""volusii"",""corpus_occurrences"":4,""pilot_occurrences"":1,""ambiguous_cltk_lemma"":false}]"
model_or_pos_review	quo	VERB	3	1	1	1	1	corroborated_independent	"[""faria-v2-retificado"",""gaffiot"",""ls_dict""]"	4	mixed_or_unknown	False	"[{""form"":""quen"",""corpus_occurrences"":3,""pilot_occurrences"":1,""ambiguous_cltk_lemma"":true}]"
model_or_pos_review	purpurio	VERB	2	1	1	1	0	review_only	"[""faria-v2-retificado""]"	1	conflict	True	"[{""form"":""purpurisso"",""corpus_occurrences"":2,""pilot_occurrences"":1,""ambiguous_cltk_lemma"":false}]"
model_or_pos_review	tiva	NOUN	2	1	1	1	0	review_only	"[""faria-v2-retificado""]"	1	unknown	False	"[{""form"":""tiva"",""corpus_occurrences"":2,""pilot_occurrences"":1,""ambiguous_cltk_lemma"":false}]"
model_or_pos_review	passum	VERB	1	1	1	1	0	corroborated_independent	"[""faria-v2-retificado"",""latin-german"",""ls_dict""]"	3	conflict	False	"[{""form"":""paesens"",""corpus_occurrences"":1,""pilot_occurrences"":1,""ambiguous_cltk_lemma"":false}]"
model_or_pos_review	pero	VERB	1	1	1	1	0	corroborated_independent	"[""faria-v2-retificado"",""latin-german"",""ls_dict""]"	5	mixed_or_unknown	False	"[{""form"":""perat"",""corpus_occurrences"":1,""pilot_occurrences"":1,""ambiguous_cltk_lemma"":false}]"
model_or_pos_review	ego	VERB	1	1	1	1	0	corroborated_independent	"[""gaffiot"",""latin-german""]"	2	mixed_or_unknown	False	"[{""form"":""egun"",""corpus_occurrences"":1,""pilot_occurrences"":1,""ambiguous_cltk_lemma"":false}]"
model_or_pos_review	graioceli	ADV	1	1	1	1	0	corroborated_independent	"[""faria-v2-retificado"",""ls_dict""]"	2	mixed_or_unknown	True	"[{""form"":""graioceli"",""corpus_occurrences"":1,""pilot_occurrences"":1,""ambiguous_cltk_lemma"":false}]"
model_or_pos_review	passerculus	ADJ	1	1	1	1	0	corroborated_independent	"[""latin-german"",""ls_dict""]"	2	mixed_or_unknown	False	"[{""form"":""passerculam"",""corpus_occurrences"":1,""pilot_occurrences"":1,""ambiguous_cltk_lemma"":false}]"
model_or_pos_review	supo	VERB	1	1	1	1	0	single_source	"[""ls_dict""]"	1	conflict	False	"[{""form"":""supta"",""corpus_occurrences"":1,""pilot_occurrences"":1,""ambiguous_cltk_lemma"":false}]"
model_or_pos_review	titulo	VERB	1	1	1	1	0	single_source	"[""ls_dict""]"	1	conflict	False	"[{""form"":""titulandi"",""corpus_occurrences"":1,""pilot_occurrences"":1,""ambiguous_cltk_lemma"":false}]"
abbreviation_or_editorial	s	NUM	3153	47	25	1	1	corroborated_independent	"[""faria-v2-retificado"",""gaffiot"",""ls_dict""]"	4	mixed_or_unknown	False	"[{""form"":""s"",""corpus_occurrences"":3153,""pilot_occurrences"":47,""ambiguous_cltk_lemma"":true}]"
abbreviation_or_editorial	sanctus	NUM	3153	20	20	1	1	corroborated_independent	"[""faria-v2-retificado"",""latin-german"",""ls_dict""]"	5	compatible	False	"[{""form"":""s"",""corpus_occurrences"":3153,""pilot_occurrences"":20,""ambiguous_cltk_lemma"":true}]"
abbreviation_or_editorial	sanctus	ADJ	3153	7	7	1	1	corroborated_independent	"[""faria-v2-retificado"",""latin-german"",""ls_dict""]"	5	compatible	False	"[{""form"":""s"",""corpus_occurrences"":3153,""pilot_occurrences"":7,""ambiguous_cltk_lemma"":true}]"
abbreviation_or_editorial	s	PROPN	3153	2	2	1	1	corroborated_independent	"[""faria-v2-retificado"",""gaffiot"",""ls_dict""]"	4	compatible	False	"[{""form"":""s"",""corpus_occurrences"":3153,""pilot_occurrences"":2,""ambiguous_cltk_lemma"":true}]"
abbreviation_or_editorial	sanctus	NOUN	3153	2	2	1	1	corroborated_independent	"[""faria-v2-retificado"",""latin-german"",""ls_dict""]"	5	compatible	False	"[{""form"":""s"",""corpus_occurrences"":3153,""pilot_occurrences"":2,""ambiguous_cltk_lemma"":true}]"
abbreviation_or_editorial	digus	NOUN	883	41	19	1	0	none	[]	0	unknown	False	"[{""form"":""dig"",""corpus_occurrences"":883,""pilot_occurrences"":41,""ambiguous_cltk_lemma"":false}]"
abbreviation_or_editorial	h	NOUN	794	1	1	1	1	corroborated_independent	"[""faria-v2-retificado"",""ls_dict""]"	2	compatible	False	"[{""form"":""h"",""corpus_occurrences"":794,""pilot_occurrences"":1,""ambiguous_cltk_lemma"":true}]"
abbreviation_or_editorial	h	X	794	1	1	1	1	corroborated_independent	"[""faria-v2-retificado"",""ls_dict""]"	2	unknown	False	"[{""form"":""h"",""corpus_occurrences"":794,""pilot_occurrences"":1,""ambiguous_cltk_lemma"":true}]"
abbreviation_or_editorial	liber	NOUN	657	1	1	1	0	corroborated_independent	"[""faria-v2-retificado"",""latin-german"",""ls_dict""]"	10	compatible	False	"[{""form"":""lib"",""corpus_occurrences"":657,""pilot_occurrences"":1,""ambiguous_cltk_lemma"":false}]"
abbreviation_or_editorial	u	NUM	512	3	3	1	0	corroborated_independent	"[""faria-v2-retificado"",""ls_dict""]"	4	mixed_or_unknown	False	"[{""form"":""u"",""corpus_occurrences"":512,""pilot_occurrences"":3,""ambiguous_cltk_lemma"":false}]"
abbreviation_or_editorial	offus	NOUN	488	68	68	1	0	none	[]	0	unknown	False	"[{""form"":""off"",""corpus_occurrences"":488,""pilot_occurrences"":68,""ambiguous_cltk_lemma"":false}]"
abbreviation_or_editorial	men	PROPN	348	3	2	1	0	none	[]	0	unknown	False	"[{""form"":""men"",""corpus_occurrences"":348,""pilot_occurrences"":3,""ambiguous_cltk_lemma"":false}]"
abbreviation_or_editorial	rom	NUM	343	1	1	1	0	none	[]	0	unknown	False	"[{""form"":""rom"",""corpus_occurrences"":343,""pilot_occurrences"":1,""ambiguous_cltk_lemma"":false}]"
abbreviation_or_editorial	papitulum	NOUN	331	13	13	1	0	none	[]	0	unknown	False	"[{""form"":""pap"",""corpus_occurrences"":331,""pilot_occurrences"":13,""ambiguous_cltk_lemma"":false}]"
abbreviation_or_editorial	sio	VERB	213	2	1	1	0	none	[]	0	unknown	False	"[{""form"":""siet"",""corpus_occurrences"":213,""pilot_occurrences"":2,""ambiguous_cltk_lemma"":false}]"
abbreviation_or_editorial	am	NUM	156	4	4	1	0	single_source	"[""gaffiot""]"	1	unknown	False	"[{""form"":""am"",""corpus_occurrences"":156,""pilot_occurrences"":4,""ambiguous_cltk_lemma"":false}]"
abbreviation_or_editorial	muc	NUM	155	3	3	1	0	none	[]	0	unknown	False	"[{""form"":""muc"",""corpus_occurrences"":155,""pilot_occurrences"":3,""ambiguous_cltk_lemma"":false}]"
abbreviation_or_editorial	daniel	PROPN	136	2	2	1	1	corroborated_independent	"[""gaffiot"",""ls_dict""]"	2	unknown	False	"[{""form"":""dan"",""corpus_occurrences"":136,""pilot_occurrences"":2,""ambiguous_cltk_lemma"":true}]"
abbreviation_or_editorial	dan	PROPN	136	4	3	1	1	single_source	"[""gaffiot""]"	1	unknown	False	"[{""form"":""dan"",""corpus_occurrences"":136,""pilot_occurrences"":4,""ambiguous_cltk_lemma"":true}]"
abbreviation_or_editorial	ex	ADP	134	1	1	1	0	corroborated_independent	"[""faria-v2-retificado"",""gaffiot"",""ls_dict""]"	10	compatible	False	"[{""form"":""y"",""corpus_occurrences"":134,""pilot_occurrences"":1,""ambiguous_cltk_lemma"":false}]"
abbreviation_or_editorial	cogna	NOUN	132	6	6	1	0	none	[]	0	unknown	False	"[{""form"":""cogn"",""corpus_occurrences"":132,""pilot_occurrences"":6,""ambiguous_cltk_lemma"":false}]"
abbreviation_or_editorial	tribicus	ADJ	130	4	4	1	0	none	[]	0	unknown	False	"[{""form"":""trib"",""corpus_occurrences"":130,""pilot_occurrences"":4,""ambiguous_cltk_lemma"":false}]"
abbreviation_or_editorial	um	NOUN	122	2	2	1	1	none	[]	0	unknown	False	"[{""form"":""um"",""corpus_occurrences"":122,""pilot_occurrences"":2,""ambiguous_cltk_lemma"":true}]"
abbreviation_or_editorial	um	NUM	122	1	1	1	1	none	[]	0	unknown	False	"[{""form"":""um"",""corpus_occurrences"":122,""pilot_occurrences"":1,""ambiguous_cltk_lemma"":true}]"
abbreviation_or_editorial	um	X	122	1	1	1	1	none	[]	0	unknown	False	"[{""form"":""um"",""corpus_occurrences"":122,""pilot_occurrences"":1,""ambiguous_cltk_lemma"":true}]"
abbreviation_or_editorial	ta	NOUN	121	3	3	1	1	none	[]	0	unknown	False	"[{""form"":""ta"",""corpus_occurrences"":121,""pilot_occurrences"":3,""ambiguous_cltk_lemma"":true}]"
abbreviation_or_editorial	ta	NUM	121	2	2	1	1	none	[]	0	unknown	False	"[{""form"":""ta"",""corpus_occurrences"":121,""pilot_occurrences"":2,""ambiguous_cltk_lemma"":true}]"
abbreviation_or_editorial	mag	NUM	121	1	1	1	0	none	[]	0	unknown	False	"[{""form"":""mag"",""corpus_occurrences"":121,""pilot_occurrences"":1,""ambiguous_cltk_lemma"":false}]"
abbreviation_or_editorial	omnis	NOUN	117	4	4	1	1	corroborated_independent	"[""faria-v2-retificado"",""latin-german"",""ls_dict""]"	5	conflict	False	"[{""form"":""omn"",""corpus_occurrences"":117,""pilot_occurrences"":4,""ambiguous_cltk_lemma"":true}]"
abbreviation_or_editorial	omn	NUM	117	1	1	1	1	none	[]	0	unknown	False	"[{""form"":""omn"",""corpus_occurrences"":117,""pilot_occurrences"":1,""ambiguous_cltk_lemma"":true}]"
abbreviation_or_editorial	us	NOUN	110	3	3	1	0	none	[]	0	unknown	False	"[{""form"":""us"",""corpus_occurrences"":110,""pilot_occurrences"":3,""ambiguous_cltk_lemma"":false}]"
abbreviation_or_editorial	cassalatio	NOUN	97	1	1	1	0	none	[]	0	unknown	False	"[{""form"":""cass"",""corpus_occurrences"":97,""pilot_occurrences"":1,""ambiguous_cltk_lemma"":false}]"
abbreviation_or_editorial	pen	NOUN	76	1	1	1	0	none	[]	0	unknown	False	"[{""form"":""pen"",""corpus_occurrences"":76,""pilot_occurrences"":1,""ambiguous_cltk_lemma"":false}]"
abbreviation_or_editorial	ars	NOUN	73	1	1	1	0	corroborated_independent	"[""faria-v2-retificado"",""gaffiot"",""latin-german"",""ls_dict""]"	7	compatible	False	"[{""form"":""art"",""corpus_occurrences"":73,""pilot_occurrences"":1,""ambiguous_cltk_lemma"":false}]"
abbreviation_or_editorial	sa	X	66	1	1	1	0	none	[]	0	unknown	False	"[{""form"":""sa"",""corpus_occurrences"":66,""pilot_occurrences"":1,""ambiguous_cltk_lemma"":false}]"
abbreviation_or_editorial	ou	VERB	56	1	1	1	0	review_only	"[""faria-v2-retificado""]"	1	conflict	False	"[{""form"":""ou"",""corpus_occurrences"":56,""pilot_occurrences"":1,""ambiguous_cltk_lemma"":false}]"
abbreviation_or_editorial	cago	NUM	53	2	2	1	0	none	[]	0	unknown	False	"[{""form"":""ca"",""corpus_occurrences"":53,""pilot_occurrences"":2,""ambiguous_cltk_lemma"":false}]"
abbreviation_or_editorial	publus	ADJ	53	2	2	1	0	none	[]	0	unknown	False	"[{""form"":""publ"",""corpus_occurrences"":53,""pilot_occurrences"":2,""ambiguous_cltk_lemma"":false}]"
abbreviation_or_editorial	co	NOUN	52	1	1	1	0	single_source	"[""faria-v2-retificado""]"	2	compatible	False	"[{""form"":""co"",""corpus_occurrences"":52,""pilot_occurrences"":1,""ambiguous_cltk_lemma"":false}]"
abbreviation_or_editorial	ty	NOUN	52	1	1	1	0	none	[]	0	unknown	False	"[{""form"":""ty"",""corpus_occurrences"":52,""pilot_occurrences"":1,""ambiguous_cltk_lemma"":false}]"
abbreviation_or_editorial	urben	ADJ	51	17	17	1	0	none	[]	0	unknown	False	"[{""form"":""urb"",""corpus_occurrences"":51,""pilot_occurrences"":17,""ambiguous_cltk_lemma"":false}]"
abbreviation_or_editorial	cens	NOUN	50	2	2	1	0	none	[]	0	unknown	False	"[{""form"":""cens"",""corpus_occurrences"":50,""pilot_occurrences"":2,""ambiguous_cltk_lemma"":false}]"
abbreviation_or_editorial	le	SCONJ	50	1	1	1	0	none	[]	0	unknown	False	"[{""form"":""le"",""corpus_occurrences"":50,""pilot_occurrences"":1,""ambiguous_cltk_lemma"":false}]"
abbreviation_or_editorial	el	CCONJ	41	1	1	1	0	single_source	"[""faria-v2-retificado""]"	1	conflict	False	"[{""form"":""el"",""corpus_occurrences"":41,""pilot_occurrences"":1,""ambiguous_cltk_lemma"":false}]"
abbreviation_or_editorial	tabanus	ADJ	40	1	1	1	0	single_source	"[""ls_dict""]"	1	unknown	False	"[{""form"":""tab"",""corpus_occurrences"":40,""pilot_occurrences"":1,""ambiguous_cltk_lemma"":false}]"
abbreviation_or_editorial	pes	X	39	1	1	1	1	corroborated_independent	"[""faria-v2-retificado"",""latin-german"",""ls_dict""]"	7	unknown	False	"[{""form"":""pe"",""corpus_occurrences"":39,""pilot_occurrences"":1,""ambiguous_cltk_lemma"":true}]"
abbreviation_or_editorial	peus	NOUN	39	1	1	1	1	none	[]	0	unknown	False	"[{""form"":""pe"",""corpus_occurrences"":39,""pilot_occurrences"":1,""ambiguous_cltk_lemma"":true}]"
abbreviation_or_editorial	veo	VERB	37	1	1	1	0	none	[]	0	unknown	False	"[{""form"":""verb"",""corpus_occurrences"":37,""pilot_occurrences"":1,""ambiguous_cltk_lemma"":false}]"
abbreviation_or_editorial	ra	NOUN	36	2	2	1	0	none	[]	0	unknown	False	"[{""form"":""ra"",""corpus_occurrences"":36,""pilot_occurrences"":2,""ambiguous_cltk_lemma"":false}]"
abbreviation_or_editorial	on	NUM	35	1	1	1	0	single_source	"[""gaffiot""]"	1	unknown	False	"[{""form"":""on"",""corpus_occurrences"":35,""pilot_occurrences"":1,""ambiguous_cltk_lemma"":false}]"
abbreviation_or_editorial	ms	NUM	35	1	1	1	0	none	[]	0	unknown	False	"[{""form"":""ms"",""corpus_occurrences"":35,""pilot_occurrences"":1,""ambiguous_cltk_lemma"":false}]"
abbreviation_or_editorial	ia	NUM	34	2	2	1	1	review_only	"[""faria-v2-retificado""]"	1	conflict	False	"[{""form"":""ia"",""corpus_occurrences"":34,""pilot_occurrences"":2,""ambiguous_cltk_lemma"":true}]"
abbreviation_or_editorial	ia	X	34	1	1	1	1	review_only	"[""faria-v2-retificado""]"	1	unknown	False	"[{""form"":""ia"",""corpus_occurrences"":34,""pilot_occurrences"":1,""ambiguous_cltk_lemma"":true}]"
abbreviation_or_editorial	lectum	NOUN	33	2	2	1	0	single_source	"[""latin-german""]"	1	compatible	False	"[{""form"":""lect"",""corpus_occurrences"":33,""pilot_occurrences"":2,""ambiguous_cltk_lemma"":false}]"
abbreviation_or_editorial	ce	X	32	2	2	1	0	none	[]	0	unknown	False	"[{""form"":""ce"",""corpus_occurrences"":32,""pilot_occurrences"":2,""ambiguous_cltk_lemma"":false}]"
abbreviation_or_editorial	od	NUM	28	1	1	1	1	none	[]	0	unknown	False	"[{""form"":""od"",""corpus_occurrences"":28,""pilot_occurrences"":1,""ambiguous_cltk_lemma"":true}]"
abbreviation_or_editorial	od	X	28	1	1	1	1	none	[]	0	unknown	False	"[{""form"":""od"",""corpus_occurrences"":28,""pilot_occurrences"":1,""ambiguous_cltk_lemma"":true}]"
abbreviation_or_editorial	ds	NUM	24	1	1	1	0	none	[]	0	unknown	False	"[{""form"":""ds"",""corpus_occurrences"":24,""pilot_occurrences"":1,""ambiguous_cltk_lemma"":false}]"
abbreviation_or_editorial	co	VERB	16	1	1	1	0	single_source	"[""faria-v2-retificado""]"	2	conflict	False	"[{""form"":""cu"",""corpus_occurrences"":16,""pilot_occurrences"":1,""ambiguous_cltk_lemma"":false}]"
abbreviation_or_editorial	om	NOUN	15	1	1	1	0	none	[]	0	unknown	False	"[{""form"":""om"",""corpus_occurrences"":15,""pilot_occurrences"":1,""ambiguous_cltk_lemma"":false}]"
abbreviation_or_editorial	mo	NOUN	12	1	1	1	0	none	[]	0	unknown	False	"[{""form"":""mo"",""corpus_occurrences"":12,""pilot_occurrences"":1,""ambiguous_cltk_lemma"":false}]"
abbreviation_or_editorial	aran	PROPN	11	4	1	1	1	none	[]	0	unknown	False	"[{""form"":""aran"",""corpus_occurrences"":11,""pilot_occurrences"":4,""ambiguous_cltk_lemma"":true}]"
abbreviation_or_editorial	arano	NOUN	11	2	1	1	1	none	[]	0	unknown	False	"[{""form"":""aran"",""corpus_occurrences"":11,""pilot_occurrences"":2,""ambiguous_cltk_lemma"":true}]"
abbreviation_or_editorial	ax	NOUN	11	1	1	1	0	none	[]	0	unknown	False	"[{""form"":""ax"",""corpus_occurrences"":11,""pilot_occurrences"":1,""ambiguous_cltk_lemma"":false}]"
abbreviation_or_editorial	den	NUM	11	1	1	1	0	none	[]	0	unknown	False	"[{""form"":""den"",""corpus_occurrences"":11,""pilot_occurrences"":1,""ambiguous_cltk_lemma"":false}]"
abbreviation_or_editorial	portus	NOUN	9	1	1	1	0	corroborated_independent	"[""faria-v2-retificado"",""latin-german"",""ls_dict""]"	3	compatible	False	"[{""form"":""port"",""corpus_occurrences"":9,""pilot_occurrences"":1,""ambiguous_cltk_lemma"":false}]"
abbreviation_or_editorial	hw	NUM	9	1	1	1	0	none	[]	0	unknown	False	"[{""form"":""hw"",""corpus_occurrences"":9,""pilot_occurrences"":1,""ambiguous_cltk_lemma"":false}]"
abbreviation_or_editorial	ltes	X	9	1	1	1	0	none	[]	0	unknown	False	"[{""form"":""lt"",""corpus_occurrences"":9,""pilot_occurrences"":1,""ambiguous_cltk_lemma"":false}]"
abbreviation_or_editorial	mn	NOUN	9	1	1	1	0	none	[]	0	unknown	False	"[{""form"":""mn"",""corpus_occurrences"":9,""pilot_occurrences"":1,""ambiguous_cltk_lemma"":false}]"
abbreviation_or_editorial	gt	NUM	8	2	2	1	0	none	[]	0	unknown	False	"[{""form"":""gt"",""corpus_occurrences"":8,""pilot_occurrences"":2,""ambiguous_cltk_lemma"":false}]"
abbreviation_or_editorial	ndo	VERB	7	1	1	1	0	none	[]	0	unknown	False	"[{""form"":""ns"",""corpus_occurrences"":7,""pilot_occurrences"":1,""ambiguous_cltk_lemma"":false}]"
abbreviation_or_editorial	mer	NOUN	6	1	1	1	0	none	[]	0	unknown	False	"[{""form"":""mer"",""corpus_occurrences"":6,""pilot_occurrences"":1,""ambiguous_cltk_lemma"":false}]"
abbreviation_or_editorial	ib	NUM	5	1	1	1	0	none	[]	0	unknown	False	"[{""form"":""ib"",""corpus_occurrences"":5,""pilot_occurrences"":1,""ambiguous_cltk_lemma"":false}]"
abbreviation_or_editorial	hom	NUM	4	1	1	1	0	none	[]	0	unknown	False	"[{""form"":""hom"",""corpus_occurrences"":4,""pilot_occurrences"":1,""ambiguous_cltk_lemma"":false}]"
abbreviation_or_editorial	meza	PROPN	3	2	1	1	0	none	[]	0	unknown	False	"[{""form"":""meza"",""corpus_occurrences"":3,""pilot_occurrences"":2,""ambiguous_cltk_lemma"":false}]"
abbreviation_or_editorial	nr	NUM	3	1	1	1	0	none	[]	0	unknown	False	"[{""form"":""nr"",""corpus_occurrences"":3,""pilot_occurrences"":1,""ambiguous_cltk_lemma"":false}]"
abbreviation_or_editorial	go	NUM	2	1	1	1	0	none	[]	0	unknown	False	"[{""form"":""go"",""corpus_occurrences"":2,""pilot_occurrences"":1,""ambiguous_cltk_lemma"":false}]"
abbreviation_or_editorial	bt	NUM	1	1	1	1	0	none	[]	0	unknown	False	"[{""form"":""bt"",""corpus_occurrences"":1,""pilot_occurrences"":1,""ambiguous_cltk_lemma"":false}]"
abbreviation_or_editorial	cincerthius	ADJ	1	1	1	1	0	none	[]	0	unknown	False	"[{""form"":""cinc"",""corpus_occurrences"":1,""pilot_occurrences"":1,""ambiguous_cltk_lemma"":false}]"
abbreviation_or_editorial	let	NOUN	1	1	1	1	0	none	[]	0	unknown	False	"[{""form"":""let"",""corpus_occurrences"":1,""pilot_occurrences"":1,""ambiguous_cltk_lemma"":false}]"
abbreviation_or_editorial	rs	NUM	1	1	1	1	0	none	[]	0	unknown	False	"[{""form"":""rs"",""corpus_occurrences"":1,""pilot_occurrences"":1,""ambiguous_cltk_lemma"":false}]"
no_dictionary_match	aprila	PROPN	995	1	1	1	1	none	[]	0	unknown	False	"[{""form"":""april"",""corpus_occurrences"":995,""pilot_occurrences"":1,""ambiguous_cltk_lemma"":true}]"
no_dictionary_match	ka	X	447	8	1	1	1	none	[]	0	unknown	False	"[{""form"":""kai"",""corpus_occurrences"":447,""pilot_occurrences"":8,""ambiguous_cltk_lemma"":true}]"
no_dictionary_match	kaus	PROPN	447	2	2	1	1	none	[]	0	unknown	False	"[{""form"":""kai"",""corpus_occurrences"":447,""pilot_occurrences"":2,""ambiguous_cltk_lemma"":true}]"
no_dictionary_match	ka	NOUN	447	1	1	1	1	none	[]	0	unknown	False	"[{""form"":""kai"",""corpus_occurrences"":447,""pilot_occurrences"":1,""ambiguous_cltk_lemma"":true}]"
no_dictionary_match	isaacus	NOUN	317	5	3	1	1	none	[]	0	unknown	True	"[{""form"":""isaac"",""corpus_occurrences"":317,""pilot_occurrences"":5,""ambiguous_cltk_lemma"":true}]"
no_dictionary_match	cornelium	PROPN	282	2	2	1	0	none	[]	0	unknown	False	"[{""form"":""cornelio"",""corpus_occurrences"":282,""pilot_occurrences"":2,""ambiguous_cltk_lemma"":false}]"
no_dictionary_match	gracchum	PROPN	222	2	2	2	1	none	[]	0	unknown	False	"[{""form"":""gracchi"",""corpus_occurrences"":121,""pilot_occurrences"":1,""ambiguous_cltk_lemma"":true},{""form"":""graccho"",""corpus_occurrences"":101,""pilot_occurrences"":1,""ambiguous_cltk_lemma"":false}]"
no_dictionary_match	iavolenus	NOUN	222	1	1	1	1	none	[]	0	unknown	False	"[{""form"":""iavolenus"",""corpus_occurrences"":222,""pilot_occurrences"":1,""ambiguous_cltk_lemma"":true}]"
no_dictionary_match	iavolenus	PROPN	222	1	1	1	1	none	[]	0	unknown	False	"[{""form"":""iavolenus"",""corpus_occurrences"":222,""pilot_occurrences"":1,""ambiguous_cltk_lemma"":true}]"
no_dictionary_match	philisthia	NOUN	209	2	2	1	0	none	[]	0	unknown	False	"[{""form"":""philisthiim"",""corpus_occurrences"":209,""pilot_occurrences"":2,""ambiguous_cltk_lemma"":false}]"
no_dictionary_match	curul	NUM	209	1	1	1	0	none	[]	0	unknown	False	"[{""form"":""curul"",""corpus_occurrences"":209,""pilot_occurrences"":1,""ambiguous_cltk_lemma"":false}]"
no_dictionary_match	esauis	NOUN	178	4	2	1	1	none	[]	0	unknown	False	"[{""form"":""esau"",""corpus_occurrences"":178,""pilot_occurrences"":4,""ambiguous_cltk_lemma"":true}]"
no_dictionary_match	ephraima	NOUN	176	1	1	1	1	none	[]	0	unknown	False	"[{""form"":""ephraim"",""corpus_occurrences"":176,""pilot_occurrences"":1,""ambiguous_cltk_lemma"":true}]"
no_dictionary_match	troias	ADJ	163	1	1	1	1	none	[]	0	unknown	False	"[{""form"":""troiae"",""corpus_occurrences"":163,""pilot_occurrences"":1,""ambiguous_cltk_lemma"":true}]"
no_dictionary_match	scaevolum	NOUN	162	1	1	1	0	none	[]	0	unknown	False	"[{""form"":""scaevola"",""corpus_occurrences"":162,""pilot_occurrences"":1,""ambiguous_cltk_lemma"":false}]"
no_dictionary_match	eutychianus	NOUN	154	1	1	1	0	none	[]	0	unknown	False	"[{""form"":""eutychiano"",""corpus_occurrences"":154,""pilot_occurrences"":1,""ambiguous_cltk_lemma"":false}]"
no_dictionary_match	caecilis	ADJ	146	2	2	1	0	none	[]	0	unknown	False	"[{""form"":""caecilius"",""corpus_occurrences"":146,""pilot_occurrences"":2,""ambiguous_cltk_lemma"":false}]"
no_dictionary_match	josephio	PROPN	143	4	3	1	1	none	[]	0	unknown	False	"[{""form"":""joseph"",""corpus_occurrences"":143,""pilot_occurrences"":4,""ambiguous_cltk_lemma"":true}]"
no_dictionary_match	josephos	NOUN	143	2	2	1	1	none	[]	0	unknown	False	"[{""form"":""joseph"",""corpus_occurrences"":143,""pilot_occurrences"":2,""ambiguous_cltk_lemma"":true}]"
no_dictionary_match	josco	VERB	143	1	1	1	1	none	[]	0	unknown	False	"[{""form"":""joseph"",""corpus_occurrences"":143,""pilot_occurrences"":1,""ambiguous_cltk_lemma"":true}]"
no_dictionary_match	josephio	NOUN	143	1	1	1	1	none	[]	0	unknown	False	"[{""form"":""joseph"",""corpus_occurrences"":143,""pilot_occurrences"":1,""ambiguous_cltk_lemma"":true}]"
no_dictionary_match	prio	VERB	136	2	2	2	0	none	[]	0	unknown	False	"[{""form"":""priamus"",""corpus_occurrences"":125,""pilot_occurrences"":1,""ambiguous_cltk_lemma"":false},{""form"":""pri"",""corpus_occurrences"":11,""pilot_occurrences"":1,""ambiguous_cltk_lemma"":false}]"
no_dictionary_match	cainus	PROPN	127	13	1	1	1	none	[]	0	unknown	False	"[{""form"":""cain"",""corpus_occurrences"":127,""pilot_occurrences"":13,""ambiguous_cltk_lemma"":true}]"
no_dictionary_match	cainar	NOUN	127	1	1	1	1	none	[]	0	unknown	False	"[{""form"":""cain"",""corpus_occurrences"":127,""pilot_occurrences"":1,""ambiguous_cltk_lemma"":true}]"
no_dictionary_match	cainum	NOUN	127	1	1	1	1	none	[]	0	unknown	False	"[{""form"":""cain"",""corpus_occurrences"":127,""pilot_occurrences"":1,""ambiguous_cltk_lemma"":true}]"
no_dictionary_match	galaa	NOUN	123	4	2	1	1	none	[]	0	unknown	False	"[{""form"":""galaad"",""corpus_occurrences"":123,""pilot_occurrences"":4,""ambiguous_cltk_lemma"":true}]"
no_dictionary_match	galaadis	ADJ	123	1	1	1	1	none	[]	0	unknown	False	"[{""form"":""galaad"",""corpus_occurrences"":123,""pilot_occurrences"":1,""ambiguous_cltk_lemma"":true}]"
no_dictionary_match	gracchum	NOUN	121	1	1	1	1	none	[]	0	unknown	False	"[{""form"":""gracchi"",""corpus_occurrences"":121,""pilot_occurrences"":1,""ambiguous_cltk_lemma"":true}]"
no_dictionary_match	jordanus	NOUN	117	2	2	1	0	none	[]	0	unknown	False	"[{""form"":""jordanem"",""corpus_occurrences"":117,""pilot_occurrences"":2,""ambiguous_cltk_lemma"":false}]"
no_dictionary_match	twn	NUM	114	4	2	1	1	none	[]	0	unknown	False	"[{""form"":""twn"",""corpus_occurrences"":114,""pilot_occurrences"":4,""ambiguous_cltk_lemma"":true}]"
no_dictionary_match	twn	NOUN	114	2	2	1	1	none	[]	0	unknown	False	"[{""form"":""twn"",""corpus_occurrences"":114,""pilot_occurrences"":2,""ambiguous_cltk_lemma"":true}]"
no_dictionary_match	tyrium	NOUN	112	4	4	2	1	none	[]	0	unknown	False	"[{""form"":""tyrii"",""corpus_occurrences"":70,""pilot_occurrences"":3,""ambiguous_cltk_lemma"":true},{""form"":""tyrios"",""corpus_occurrences"":42,""pilot_occurrences"":1,""ambiguous_cltk_lemma"":false}]"
no_dictionary_match	euphraten	NOUN	107	1	1	1	0	none	[]	0	unknown	False	"[{""form"":""euphraten"",""corpus_occurrences"":107,""pilot_occurrences"":1,""ambiguous_cltk_lemma"":false}]"
no_dictionary_match	trebate	PART	102	1	1	1	1	none	[]	0	unknown	False	"[{""form"":""trebatius"",""corpus_occurrences"":102,""pilot_occurrences"":1,""ambiguous_cltk_lemma"":true}]"
no_dictionary_match	benjam	ADJ	98	2	2	1	1	none	[]	0	unknown	False	"[{""form"":""benjamin"",""corpus_occurrences"":98,""pilot_occurrences"":2,""ambiguous_cltk_lemma"":true}]"
no_dictionary_match	benjamen	PROPN	98	2	2	1	1	none	[]	0	unknown	False	"[{""form"":""benjamin"",""corpus_occurrences"":98,""pilot_occurrences"":2,""ambiguous_cltk_lemma"":true}]"
no_dictionary_match	benjamium	NOUN	98	2	2	1	1	none	[]	0	unknown	False	"[{""form"":""benjamin"",""corpus_occurrences"":98,""pilot_occurrences"":2,""ambiguous_cltk_lemma"":true}]"
no_dictionary_match	benjamina	ADJ	98	1	1	1	1	none	[]	0	unknown	False	"[{""form"":""benjamin"",""corpus_occurrences"":98,""pilot_occurrences"":1,""ambiguous_cltk_lemma"":true}]"
no_dictionary_match	gar	PROPN	96	1	1	1	0	none	[]	0	unknown	False	"[{""form"":""gar"",""corpus_occurrences"":96,""pilot_occurrences"":1,""ambiguous_cltk_lemma"":false}]"
no_dictionary_match	ruben	PROPN	89	11	7	1	1	none	[]	0	unknown	True	"[{""form"":""ruben"",""corpus_occurrences"":89,""pilot_occurrences"":11,""ambiguous_cltk_lemma"":true}]"
no_dictionary_match	ruben	NOUN	89	1	1	1	1	none	[]	0	unknown	True	"[{""form"":""ruben"",""corpus_occurrences"":89,""pilot_occurrences"":1,""ambiguous_cltk_lemma"":true}]"
no_dictionary_match	sem	NOUN	87	14	3	1	0	none	[]	0	unknown	True	"[{""form"":""sem"",""corpus_occurrences"":87,""pilot_occurrences"":14,""ambiguous_cltk_lemma"":false}]"
no_dictionary_match	aeneanis	ADJ	87	3	3	1	0	none	[]	0	unknown	False	"[{""form"":""aenean"",""corpus_occurrences"":87,""pilot_occurrences"":3,""ambiguous_cltk_lemma"":false}]"
no_dictionary_match	argis	NOUN	85	1	1	1	0	none	[]	0	unknown	False	"[{""form"":""argis"",""corpus_occurrences"":85,""pilot_occurrences"":1,""ambiguous_cltk_lemma"":false}]"
no_dictionary_match	heber	NOUN	84	2	2	2	1	none	[]	0	unknown	False	"[{""form"":""heber"",""corpus_occurrences"":57,""pilot_occurrences"":1,""ambiguous_cltk_lemma"":true},{""form"":""hebrum"",""corpus_occurrences"":27,""pilot_occurrences"":1,""ambiguous_cltk_lemma"":false}]"
no_dictionary_match	mesopotamius	NOUN	83	7	6	1	0	none	[]	0	unknown	False	"[{""form"":""mesopotamia"",""corpus_occurrences"":83,""pilot_occurrences"":7,""ambiguous_cltk_lemma"":false}]"
no_dictionary_match	lucilis	ADJ	83	2	2	1	0	none	[]	0	unknown	False	"[{""form"":""lucilius"",""corpus_occurrences"":83,""pilot_occurrences"":2,""ambiguous_cltk_lemma"":false}]"
no_dictionary_match	roscus	NOUN	79	1	1	1	0	none	[]	0	unknown	False	"[{""form"":""roscius"",""corpus_occurrences"":79,""pilot_occurrences"":1,""ambiguous_cltk_lemma"":false}]"
no_dictionary_match	gad	PROPN	76	3	3	1	1	none	[]	0	unknown	False	"[{""form"":""gad"",""corpus_occurrences"":76,""pilot_occurrences"":3,""ambiguous_cltk_lemma"":true}]"
no_dictionary_match	bethleh	PROPN	76	2	2	1	0	none	[]	0	unknown	False	"[{""form"":""bethlehem"",""corpus_occurrences"":76,""pilot_occurrences"":2,""ambiguous_cltk_lemma"":false}]"
no_dictionary_match	gadobus	NOUN	76	1	1	1	1	none	[]	0	unknown	False	"[{""form"":""gad"",""corpus_occurrences"":76,""pilot_occurrences"":1,""ambiguous_cltk_lemma"":true}]"
no_dictionary_match	pyrrhum	NOUN	76	1	1	1	0	none	[]	0	unknown	False	"[{""form"":""pyrrho"",""corpus_occurrences"":76,""pilot_occurrences"":1,""ambiguous_cltk_lemma"":false}]"
no_dictionary_match	hebron	PROPN	74	4	3	1	1	none	[]	0	unknown	False	"[{""form"":""hebron"",""corpus_occurrences"":74,""pilot_occurrences"":4,""ambiguous_cltk_lemma"":true}]"
no_dictionary_match	hebron	NOUN	74	1	1	1	1	none	[]	0	unknown	False	"[{""form"":""hebron"",""corpus_occurrences"":74,""pilot_occurrences"":1,""ambiguous_cltk_lemma"":true}]"
no_dictionary_match	hout	NUM	70	70	66	1	0	none	[]	0	unknown	False	"[{""form"":""hout"",""corpus_occurrences"":70,""pilot_occurrences"":70,""ambiguous_cltk_lemma"":false}]"
no_dictionary_match	bethel	PROPN	70	11	5	1	0	none	[]	0	unknown	False	"[{""form"":""bethel"",""corpus_occurrences"":70,""pilot_occurrences"":11,""ambiguous_cltk_lemma"":false}]"
no_dictionary_match	estin	PROPN	70	2	1	1	0	none	[]	0	unknown	False	"[{""form"":""estin"",""corpus_occurrences"":70,""pilot_occurrences"":2,""ambiguous_cltk_lemma"":false}]"
no_dictionary_match	iordanes	NOUN	70	2	1	1	0	none	[]	0	unknown	False	"[{""form"":""iordanem"",""corpus_occurrences"":70,""pilot_occurrences"":2,""ambiguous_cltk_lemma"":false}]"
no_dictionary_match	ofilis	ADJ	66	2	1	1	1	none	[]	0	unknown	False	"[{""form"":""ofilius"",""corpus_occurrences"":66,""pilot_occurrences"":2,""ambiguous_cltk_lemma"":true}]"
no_dictionary_match	rachel	PROPN	65	26	7	1	1	none	[]	0	unknown	True	"[{""form"":""rachel"",""corpus_occurrences"":65,""pilot_occurrences"":26,""ambiguous_cltk_lemma"":true}]"
no_dictionary_match	dana	NOUN	65	3	3	1	1	none	[]	0	unknown	False	"[{""form"":""danaum"",""corpus_occurrences"":65,""pilot_occurrences"":3,""ambiguous_cltk_lemma"":true}]"
no_dictionary_match	rachela	PROPN	65	1	1	1	1	none	[]	0	unknown	False	"[{""form"":""rachel"",""corpus_occurrences"":65,""pilot_occurrences"":1,""ambiguous_cltk_lemma"":true}]"
no_dictionary_match	cha	NOUN	64	2	2	1	1	none	[]	0	unknown	False	"[{""form"":""cham"",""corpus_occurrences"":64,""pilot_occurrences"":2,""ambiguous_cltk_lemma"":true}]"
no_dictionary_match	aurelium	PROPN	61	3	2	2	1	none	[]	0	unknown	False	"[{""form"":""aurelium"",""corpus_occurrences"":33,""pilot_occurrences"":1,""ambiguous_cltk_lemma"":true},{""form"":""aurelii"",""corpus_occurrences"":28,""pilot_occurrences"":2,""ambiguous_cltk_lemma"":false}]"
no_dictionary_match	tur	VERB	61	1	1	1	0	none	[]	0	unknown	False	"[{""form"":""tur"",""corpus_occurrences"":61,""pilot_occurrences"":1,""ambiguous_cltk_lemma"":false}]"
no_dictionary_match	sodomus	NOUN	60	9	2	2	1	none	[]	0	unknown	False	"[{""form"":""sodomorum"",""corpus_occurrences"":38,""pilot_occurrences"":6,""ambiguous_cltk_lemma"":true},{""form"":""sodomis"",""corpus_occurrences"":22,""pilot_occurrences"":3,""ambiguous_cltk_lemma"":false}]"
no_dictionary_match	melchisedech	PROPN	58	1	1	1	0	none	[]	0	unknown	True	"[{""form"":""melchisedech"",""corpus_occurrences"":58,""pilot_occurrences"":1,""ambiguous_cltk_lemma"":false}]"
no_dictionary_match	tyn	NOUN	58	1	1	1	0	none	[]	0	unknown	False	"[{""form"":""tyn"",""corpus_occurrences"":58,""pilot_occurrences"":1,""ambiguous_cltk_lemma"":false}]"
no_dictionary_match	heber	PROPN	57	6	2	1	1	none	[]	0	unknown	False	"[{""form"":""heber"",""corpus_occurrences"":57,""pilot_occurrences"":6,""ambiguous_cltk_lemma"":true}]"
no_dictionary_match	madian	PROPN	57	2	2	1	1	none	[]	0	unknown	True	"[{""form"":""madian"",""corpus_occurrences"":57,""pilot_occurrences"":2,""ambiguous_cltk_lemma"":true}]"
no_dictionary_match	heber	ADJ	57	1	1	1	1	none	[]	0	unknown	False	"[{""form"":""heber"",""corpus_occurrences"":57,""pilot_occurrences"":1,""ambiguous_cltk_lemma"":true}]"
no_dictionary_match	madian	NOUN	57	1	1	1	1	none	[]	0	unknown	True	"[{""form"":""madian"",""corpus_occurrences"":57,""pilot_occurrences"":1,""ambiguous_cltk_lemma"":true}]"
no_dictionary_match	simeon	PROPN	55	9	5	1	1	none	[]	0	unknown	True	"[{""form"":""simeon"",""corpus_occurrences"":55,""pilot_occurrences"":9,""ambiguous_cltk_lemma"":true}]"
no_dictionary_match	sallustium	NOUN	55	4	3	1	0	none	[]	0	unknown	False	"[{""form"":""sallustium"",""corpus_occurrences"":55,""pilot_occurrences"":4,""ambiguous_cltk_lemma"":false}]"
no_dictionary_match	simeonys	ADJ	55	1	1	1	1	none	[]	0	unknown	False	"[{""form"":""simeon"",""corpus_occurrences"":55,""pilot_occurrences"":1,""ambiguous_cltk_lemma"":true}]"
no_dictionary_match	toueo	VERB	55	1	1	1	1	none	[]	0	unknown	False	"[{""form"":""touto"",""corpus_occurrences"":55,""pilot_occurrences"":1,""ambiguous_cltk_lemma"":true}]"
no_dictionary_match	touto	X	55	1	1	1	1	none	[]	0	unknown	False	"[{""form"":""touto"",""corpus_occurrences"":55,""pilot_occurrences"":1,""ambiguous_cltk_lemma"":true}]"
no_dictionary_match	job	PROPN	54	1	1	1	0	none	[]	0	unknown	True	"[{""form"":""job"",""corpus_occurrences"":54,""pilot_occurrences"":1,""ambiguous_cltk_lemma"":false}]"
no_dictionary_match	menela	NOUN	53	2	2	2	0	none	[]	0	unknown	False	"[{""form"":""menelaum"",""corpus_occurrences"":30,""pilot_occurrences"":1,""ambiguous_cltk_lemma"":false},{""form"":""menelai"",""corpus_occurrences"":23,""pilot_occurrences"":1,""ambiguous_cltk_lemma"":false}]"
no_dictionary_match	calpurnus	NOUN	52	1	1	1	0	none	[]	0	unknown	False	"[{""form"":""calpurnius"",""corpus_occurrences"":52,""pilot_occurrences"":1,""ambiguous_cltk_lemma"":false}]"
no_dictionary_match	zabulona	NOUN	50	2	2	1	1	none	[]	0	unknown	False	"[{""form"":""zabulon"",""corpus_occurrences"":50,""pilot_occurrences"":2,""ambiguous_cltk_lemma"":true}]"
no_dictionary_match	vergine	PROPN	50	1	1	1	1	none	[]	0	unknown	False	"[{""form"":""verginius"",""corpus_occurrences"":50,""pilot_occurrences"":1,""ambiguous_cltk_lemma"":true}]"
no_dictionary_match	verginius	NOUN	50	1	1	1	1	none	[]	0	unknown	True	"[{""form"":""verginius"",""corpus_occurrences"":50,""pilot_occurrences"":1,""ambiguous_cltk_lemma"":true}]"
no_dictionary_match	laban	PROPN	49	27	7	1	1	none	[]	0	unknown	True	"[{""form"":""laban"",""corpus_occurrences"":49,""pilot_occurrences"":27,""ambiguous_cltk_lemma"":true}]"
no_dictionary_match	lamech	PROPN	49	6	2	1	1	none	[]	0	unknown	False	"[{""form"":""lamech"",""corpus_occurrences"":49,""pilot_occurrences"":6,""ambiguous_cltk_lemma"":true}]"
no_dictionary_match	labana	NOUN	49	2	2	1	1	none	[]	0	unknown	False	"[{""form"":""laban"",""corpus_occurrences"":49,""pilot_occurrences"":2,""ambiguous_cltk_lemma"":true}]"
no_dictionary_match	lamechas	PROPN	49	2	2	1	1	none	[]	0	unknown	False	"[{""form"":""lamech"",""corpus_occurrences"":49,""pilot_occurrences"":2,""ambiguous_cltk_lemma"":true}]"
no_dictionary_match	lia	NOUN	46	6	4	2	2	none	[]	0	unknown	False	"[{""form"":""lia"",""corpus_occurrences"":33,""pilot_occurrences"":2,""ambiguous_cltk_lemma"":true},{""form"":""liam"",""corpus_occurrences"":13,""pilot_occurrences"":4,""ambiguous_cltk_lemma"":true}]"
no_dictionary_match	graus	PROPN	45	1	1	1	0	none	[]	0	unknown	False	"[{""form"":""grai"",""corpus_occurrences"":45,""pilot_occurrences"":1,""ambiguous_cltk_lemma"":false}]"
no_dictionary_match	bersaba	NOUN	43	5	3	1	1	none	[]	0	unknown	False	"[{""form"":""bersabee"",""corpus_occurrences"":43,""pilot_occurrences"":5,""ambiguous_cltk_lemma"":true}]"
no_dictionary_match	bersabsus	PROPN	43	2	1	1	1	none	[]	0	unknown	False	"[{""form"":""bersabee"",""corpus_occurrences"":43,""pilot_occurrences"":2,""ambiguous_cltk_lemma"":true}]"
no_dictionary_match	manilis	ADJ	43	2	1	1	0	none	[]	0	unknown	False	"[{""form"":""manilius"",""corpus_occurrences"":43,""pilot_occurrences"":2,""ambiguous_cltk_lemma"":false}]"
no_dictionary_match	sur	NOUN	43	2	2	1	1	none	[]	0	unknown	False	"[{""form"":""sur"",""corpus_occurrences"":43,""pilot_occurrences"":2,""ambiguous_cltk_lemma"":true}]"
no_dictionary_match	sur	X	43	1	1	1	1	none	[]	0	unknown	False	"[{""form"":""sur"",""corpus_occurrences"":43,""pilot_occurrences"":1,""ambiguous_cltk_lemma"":true}]"
no_dictionary_match	heracletus	ADJ	42	2	1	1	0	none	[]	0	unknown	False	"[{""form"":""heraclitus"",""corpus_occurrences"":42,""pilot_occurrences"":2,""ambiguous_cltk_lemma"":false}]"
no_dictionary_match	nachor	PROPN	40	13	5	1	1	none	[]	0	unknown	False	"[{""form"":""nachor"",""corpus_occurrences"":40,""pilot_occurrences"":13,""ambiguous_cltk_lemma"":true}]"
no_dictionary_match	rebeccum	PROPN	40	12	5	1	0	none	[]	0	unknown	False	"[{""form"":""rebecca"",""corpus_occurrences"":40,""pilot_occurrences"":12,""ambiguous_cltk_lemma"":false}]"
no_dictionary_match	aelis	NOUN	40	2	2	1	1	none	[]	0	unknown	False	"[{""form"":""aelium"",""corpus_occurrences"":40,""pilot_occurrences"":2,""ambiguous_cltk_lemma"":true}]"
no_dictionary_match	nachor	NOUN	40	2	2	1	1	none	[]	0	unknown	False	"[{""form"":""nachor"",""corpus_occurrences"":40,""pilot_occurrences"":2,""ambiguous_cltk_lemma"":true}]"
no_dictionary_match	ael	PROPN	40	1	1	1	1	none	[]	0	unknown	False	"[{""form"":""aelium"",""corpus_occurrences"":40,""pilot_occurrences"":1,""ambiguous_cltk_lemma"":true}]"
no_dictionary_match	caath	NOUN	40	1	1	1	0	none	[]	0	unknown	True	"[{""form"":""caath"",""corpus_occurrences"":40,""pilot_occurrences"":1,""ambiguous_cltk_lemma"":false}]"
no_dictionary_match	nachorius	ADJ	40	1	1	1	1	none	[]	0	unknown	False	"[{""form"":""nachor"",""corpus_occurrences"":40,""pilot_occurrences"":1,""ambiguous_cltk_lemma"":true}]"
no_dictionary_match	sodumus	ADJ	38	4	3	1	1	none	[]	0	unknown	False	"[{""form"":""sodomam"",""corpus_occurrences"":38,""pilot_occurrences"":4,""ambiguous_cltk_lemma"":true}]"
no_dictionary_match	soduma	NOUN	38	3	2	1	1	none	[]	0	unknown	False	"[{""form"":""sodomam"",""corpus_occurrences"":38,""pilot_occurrences"":3,""ambiguous_cltk_lemma"":true}]"
no_dictionary_match	sodomus	ADJ	38	1	1	1	1	none	[]	0	unknown	False	"[{""form"":""sodomorum"",""corpus_occurrences"":38,""pilot_occurrences"":1,""ambiguous_cltk_lemma"":true}]"
no_dictionary_match	nephthalis	PROPN	36	3	3	1	1	none	[]	0	unknown	False	"[{""form"":""nephthali"",""corpus_occurrences"":36,""pilot_occurrences"":3,""ambiguous_cltk_lemma"":true}]"
no_dictionary_match	eina	PROPN	36	1	1	1	1	none	[]	0	unknown	False	"[{""form"":""einai"",""corpus_occurrences"":36,""pilot_occurrences"":1,""ambiguous_cltk_lemma"":true}]"
no_dictionary_match	eina	X	36	1	1	1	1	none	[]	0	unknown	False	"[{""form"":""einai"",""corpus_occurrences"":36,""pilot_occurrences"":1,""ambiguous_cltk_lemma"":true}]"
no_dictionary_match	nephthalis	ADJ	36	1	1	1	1	none	[]	0	unknown	False	"[{""form"":""nephthali"",""corpus_occurrences"":36,""pilot_occurrences"":1,""ambiguous_cltk_lemma"":true}]"
no_dictionary_match	thamar	PROPN	35	3	1	1	1	none	[]	0	unknown	True	"[{""form"":""thamar"",""corpus_occurrences"":35,""pilot_occurrences"":3,""ambiguous_cltk_lemma"":true}]"
no_dictionary_match	issachas	ADJ	35	2	2	1	1	none	[]	0	unknown	False	"[{""form"":""issachar"",""corpus_occurrences"":35,""pilot_occurrences"":2,""ambiguous_cltk_lemma"":true}]"
no_dictionary_match	issachar	PROPN	35	1	1	1	1	none	[]	0	unknown	True	"[{""form"":""issachar"",""corpus_occurrences"":35,""pilot_occurrences"":1,""ambiguous_cltk_lemma"":true}]"
no_dictionary_match	issacharasia	NOUN	35	1	1	1	1	none	[]	0	unknown	False	"[{""form"":""issachar"",""corpus_occurrences"":35,""pilot_occurrences"":1,""ambiguous_cltk_lemma"":true}]"
no_dictionary_match	lexa	NOUN	35	1	1	1	0	none	[]	0	unknown	False	"[{""form"":""ledae"",""corpus_occurrences"":35,""pilot_occurrences"":1,""ambiguous_cltk_lemma"":false}]"
no_dictionary_match	mycena	NOUN	35	1	1	1	0	none	[]	0	unknown	False	"[{""form"":""mycenas"",""corpus_occurrences"":35,""pilot_occurrences"":1,""ambiguous_cltk_lemma"":false}]"
no_dictionary_match	thamar	NOUN	35	1	1	1	1	none	[]	0	unknown	True	"[{""form"":""thamar"",""corpus_occurrences"":35,""pilot_occurrences"":1,""ambiguous_cltk_lemma"":true}]"
no_dictionary_match	thucydesis	PROPN	35	1	1	1	0	none	[]	0	unknown	False	"[{""form"":""thucydides"",""corpus_occurrences"":35,""pilot_occurrences"":1,""ambiguous_cltk_lemma"":false}]"
no_dictionary_match	hectora	NOUN	34	1	1	1	0	none	[]	0	unknown	False	"[{""form"":""hectora"",""corpus_occurrences"":34,""pilot_occurrences"":1,""ambiguous_cltk_lemma"":false}]"
no_dictionary_match	lia	PROPN	33	6	3	1	1	none	[]	0	unknown	False	"[{""form"":""lia"",""corpus_occurrences"":33,""pilot_occurrences"":6,""ambiguous_cltk_lemma"":true}]"
no_dictionary_match	aurelium	NOUN	33	3	2	1	1	none	[]	0	unknown	False	"[{""form"":""aurelium"",""corpus_occurrences"":33,""pilot_occurrences"":3,""ambiguous_cltk_lemma"":true}]"
no_dictionary_match	lota	NOUN	33	1	1	1	1	none	[]	0	unknown	False	"[{""form"":""lot"",""corpus_occurrences"":33,""pilot_occurrences"":1,""ambiguous_cltk_lemma"":true}]"
no_dictionary_match	ismaelis	ADJ	32	2	1	2	1	none	[]	0	unknown	False	"[{""form"":""ismael"",""corpus_occurrences"":26,""pilot_occurrences"":1,""ambiguous_cltk_lemma"":true},{""form"":""ismaelem"",""corpus_occurrences"":6,""pilot_occurrences"":1,""ambiguous_cltk_lemma"":false}]"
no_dictionary_match	socro	VERB	32	2	2	1	0	none	[]	0	unknown	False	"[{""form"":""socraten"",""corpus_occurrences"":32,""pilot_occurrences"":2,""ambiguous_cltk_lemma"":false}]"
no_dictionary_match	tes	NOUN	32	1	1	1	0	none	[]	0	unknown	False	"[{""form"":""tem"",""corpus_occurrences"":32,""pilot_occurrences"":1,""ambiguous_cltk_lemma"":false}]"
no_dictionary_match	seir	PROPN	31	7	3	1	1	none	[]	0	unknown	False	"[{""form"":""seir"",""corpus_occurrences"":31,""pilot_occurrences"":7,""ambiguous_cltk_lemma"":true}]"
no_dictionary_match	seiraestio	NOUN	31	2	1	1	1	none	[]	0	unknown	False	"[{""form"":""seir"",""corpus_occurrences"":31,""pilot_occurrences"":2,""ambiguous_cltk_lemma"":true}]"
no_dictionary_match	tydes	NOUN	30	1	1	1	0	none	[]	0	unknown	False	"[{""form"":""tydides"",""corpus_occurrences"":30,""pilot_occurrences"":1,""ambiguous_cltk_lemma"":false}]"
no_dictionary_match	pythagus	NOUN	29	1	1	1	0	none	[]	0	unknown	False	"[{""form"":""pythagora"",""corpus_occurrences"":29,""pilot_occurrences"":1,""ambiguous_cltk_lemma"":false}]"
no_dictionary_match	achix	NOUN	27	2	2	1	0	none	[]	0	unknown	False	"[{""form"":""achivis"",""corpus_occurrences"":27,""pilot_occurrences"":2,""ambiguous_cltk_lemma"":false}]"
no_dictionary_match	ennus	PROPN	27	2	2	1	1	none	[]	0	unknown	False	"[{""form"":""enni"",""corpus_occurrences"":27,""pilot_occurrences"":2,""ambiguous_cltk_lemma"":true}]"
no_dictionary_match	ennus	NOUN	27	1	1	1	1	none	[]	0	unknown	False	"[{""form"":""enni"",""corpus_occurrences"":27,""pilot_occurrences"":1,""ambiguous_cltk_lemma"":true}]"
no_dictionary_match	isidor	PROPN	27	1	1	1	0	none	[]	0	unknown	False	"[{""form"":""isidori"",""corpus_occurrences"":27,""pilot_occurrences"":1,""ambiguous_cltk_lemma"":false}]"
no_dictionary_match	sobal	PROPN	26	2	1	1	1	none	[]	0	unknown	False	"[{""form"":""sobal"",""corpus_occurrences"":26,""pilot_occurrences"":2,""ambiguous_cltk_lemma"":true}]"
no_dictionary_match	sobal	NOUN	26	1	1	1	1	none	[]	0	unknown	False	"[{""form"":""sobal"",""corpus_occurrences"":26,""pilot_occurrences"":1,""ambiguous_cltk_lemma"":true}]"
no_dictionary_match	machir	ADJ	25	1	1	1	0	none	[]	0	unknown	False	"[{""form"":""machir"",""corpus_occurrences"":25,""pilot_occurrences"":1,""ambiguous_cltk_lemma"":false}]"
no_dictionary_match	ris	X	25	1	1	1	0	none	[]	0	unknown	False	"[{""form"":""ris"",""corpus_occurrences"":25,""pilot_occurrences"":1,""ambiguous_cltk_lemma"":false}]"
no_dictionary_match	tyrrhena	NOUN	25	1	1	1	0	none	[]	0	unknown	False	"[{""form"":""tyrrhena"",""corpus_occurrences"":25,""pilot_occurrences"":1,""ambiguous_cltk_lemma"":false}]"
no_dictionary_match	sallustia	PROPN	24	2	2	1	0	none	[]	0	unknown	False	"[{""form"":""sallustii"",""corpus_occurrences"":24,""pilot_occurrences"":2,""ambiguous_cltk_lemma"":false}]"
no_dictionary_match	auton	NUM	24	1	1	1	0	none	[]	0	unknown	False	"[{""form"":""auton"",""corpus_occurrences"":24,""pilot_occurrences"":1,""ambiguous_cltk_lemma"":false}]"
no_dictionary_match	demosthene	NOUN	24	1	1	1	0	none	[]	0	unknown	False	"[{""form"":""demosthenen"",""corpus_occurrences"":24,""pilot_occurrences"":1,""ambiguous_cltk_lemma"":false}]"
no_dictionary_match	mauretanis	ADJ	24	1	1	1	0	none	[]	0	unknown	False	"[{""form"":""mauretania"",""corpus_occurrences"":24,""pilot_occurrences"":1,""ambiguous_cltk_lemma"":false}]"
no_dictionary_match	segor	NOUN	23	7	2	1	0	none	[]	0	unknown	False	"[{""form"":""segor"",""corpus_occurrences"":23,""pilot_occurrences"":7,""ambiguous_cltk_lemma"":false}]"
no_dictionary_match	cainan	ADJ	23	2	1	1	1	none	[]	0	unknown	True	"[{""form"":""cainan"",""corpus_occurrences"":23,""pilot_occurrences"":2,""ambiguous_cltk_lemma"":true}]"
no_dictionary_match	cainan	NOUN	23	1	1	1	1	none	[]	0	unknown	True	"[{""form"":""cainan"",""corpus_occurrences"":23,""pilot_occurrences"":1,""ambiguous_cltk_lemma"":true}]"
no_dictionary_match	cainana	NOUN	23	1	1	1	1	none	[]	0	unknown	False	"[{""form"":""cainan"",""corpus_occurrences"":23,""pilot_occurrences"":1,""ambiguous_cltk_lemma"":true}]"
no_dictionary_match	penthesilis	ADJ	23	1	1	1	0	none	[]	0	unknown	False	"[{""form"":""penthesilea"",""corpus_occurrences"":23,""pilot_occurrences"":1,""ambiguous_cltk_lemma"":false}]"
no_dictionary_match	antonenus	NOUN	22	14	13	1	1	none	[]	0	unknown	False	"[{""form"":""anton"",""corpus_occurrences"":22,""pilot_occurrences"":14,""ambiguous_cltk_lemma"":true}]"
no_dictionary_match	anton	NUM	22	6	6	1	1	none	[]	0	unknown	False	"[{""form"":""anton"",""corpus_occurrences"":22,""pilot_occurrences"":6,""ambiguous_cltk_lemma"":true}]"
no_dictionary_match	trebatio	NOUN	22	2	2	1	0	none	[]	0	unknown	False	"[{""form"":""trebatio"",""corpus_occurrences"":22,""pilot_occurrences"":2,""ambiguous_cltk_lemma"":false}]"
no_dictionary_match	mycenum	NOUN	22	1	1	1	0	none	[]	0	unknown	False	"[{""form"":""mycenis"",""corpus_occurrences"":22,""pilot_occurrences"":1,""ambiguous_cltk_lemma"":false}]"
no_dictionary_match	suppellectilis	ADJ	22	1	1	1	0	none	[]	0	unknown	False	"[{""form"":""suppellectili"",""corpus_occurrences"":22,""pilot_occurrences"":1,""ambiguous_cltk_lemma"":false}]"
no_dictionary_match	tharsis	NOUN	22	1	1	1	0	none	[]	0	unknown	True	"[{""form"":""tharsis"",""corpus_occurrences"":22,""pilot_occurrences"":1,""ambiguous_cltk_lemma"":false}]"
no_dictionary_match	aeacida	NOUN	21	1	1	1	0	none	[]	0	unknown	False	"[{""form"":""aeacidae"",""corpus_occurrences"":21,""pilot_occurrences"":1,""ambiguous_cltk_lemma"":false}]"
no_dictionary_match	sergium	NOUN	21	1	1	1	0	none	[]	0	unknown	False	"[{""form"":""sergium"",""corpus_occurrences"":21,""pilot_occurrences"":1,""ambiguous_cltk_lemma"":false}]"
no_dictionary_match	henoch	PROPN	20	7	4	1	1	none	[]	0	unknown	False	"[{""form"":""henoch"",""corpus_occurrences"":20,""pilot_occurrences"":7,""ambiguous_cltk_lemma"":true}]"
no_dictionary_match	henochias	PROPN	20	2	2	1	1	none	[]	0	unknown	False	"[{""form"":""henoch"",""corpus_occurrences"":20,""pilot_occurrences"":2,""ambiguous_cltk_lemma"":true}]"
no_dictionary_match	henochesicus	ADJ	20	1	1	1	1	none	[]	0	unknown	False	"[{""form"":""henoch"",""corpus_occurrences"":20,""pilot_occurrences"":1,""ambiguous_cltk_lemma"":true}]"
no_dictionary_match	horo	VERB	20	1	1	1	0	none	[]	0	unknown	False	"[{""form"":""horatii"",""corpus_occurrences"":20,""pilot_occurrences"":1,""ambiguous_cltk_lemma"":false}]"
no_dictionary_match	phidia	NOUN	20	1	1	1	0	none	[]	0	unknown	False	"[{""form"":""phidias"",""corpus_occurrences"":20,""pilot_occurrences"":1,""ambiguous_cltk_lemma"":false}]"
no_dictionary_match	mambr	PROPN	19	10	7	1	0	none	[]	0	unknown	False	"[{""form"":""mambre"",""corpus_occurrences"":19,""pilot_occurrences"":10,""ambiguous_cltk_lemma"":false}]"
no_dictionary_match	mathusalis	ADJ	19	5	1	2	0	none	[]	0	unknown	False	"[{""form"":""mathusalam"",""corpus_occurrences"":14,""pilot_occurrences"":2,""ambiguous_cltk_lemma"":false},{""form"":""mathusala"",""corpus_occurrences"":5,""pilot_occurrences"":3,""ambiguous_cltk_lemma"":false}]"
no_dictionary_match	hyada	NOUN	19	1	1	1	0	none	[]	0	unknown	False	"[{""form"":""hyadas"",""corpus_occurrences"":19,""pilot_occurrences"":1,""ambiguous_cltk_lemma"":false}]"
no_dictionary_match	maecianus	ADJ	19	1	1	1	0	none	[]	0	unknown	False	"[{""form"":""maecianus"",""corpus_occurrences"":19,""pilot_occurrences"":1,""ambiguous_cltk_lemma"":false}]"
no_dictionary_match	naamo	VERB	19	1	1	1	0	none	[]	0	unknown	False	"[{""form"":""naaman"",""corpus_occurrences"":19,""pilot_occurrences"":1,""ambiguous_cltk_lemma"":false}]"
no_dictionary_match	narbonens	ADJ	19	1	1	1	0	none	[]	0	unknown	False	"[{""form"":""narbonensi"",""corpus_occurrences"":19,""pilot_occurrences"":1,""ambiguous_cltk_lemma"":false}]"
no_dictionary_match	pigo	VERB	19	1	1	1	0	none	[]	0	unknown	False	"[{""form"":""piguit"",""corpus_occurrences"":19,""pilot_occurrences"":1,""ambiguous_cltk_lemma"":false}]"
no_dictionary_match	venonius	NOUN	19	1	1	1	0	none	[]	0	unknown	False	"[{""form"":""venonius"",""corpus_occurrences"":19,""pilot_occurrences"":1,""ambiguous_cltk_lemma"":false}]"
no_dictionary_match	xenophontus	PROPN	19	1	1	1	0	none	[]	0	unknown	False	"[{""form"":""xenophontis"",""corpus_occurrences"":19,""pilot_occurrences"":1,""ambiguous_cltk_lemma"":false}]"
no_dictionary_match	avicenna	PROPN	18	12	6	1	0	none	[]	0	unknown	False	"[{""form"":""avicenna"",""corpus_occurrences"":18,""pilot_occurrences"":12,""ambiguous_cltk_lemma"":false}]"
no_dictionary_match	dardanio	NOUN	18	2	2	1	0	none	[]	0	unknown	False	"[{""form"":""dardanio"",""corpus_occurrences"":18,""pilot_occurrences"":2,""ambiguous_cltk_lemma"":false}]"
no_dictionary_match	maacha	PROPN	18	1	1	1	0	none	[]	0	unknown	True	"[{""form"":""maacha"",""corpus_occurrences"":18,""pilot_occurrences"":1,""ambiguous_cltk_lemma"":false}]"
no_dictionary_match	lyxurgo	NOUN	17	1	1	1	0	none	[]	0	unknown	False	"[{""form"":""lycurgo"",""corpus_occurrences"":17,""pilot_occurrences"":1,""ambiguous_cltk_lemma"":false}]"
no_dictionary_match	magog	NOUN	17	1	1	1	0	none	[]	0	unknown	False	"[{""form"":""magog"",""corpus_occurrences"":17,""pilot_occurrences"":1,""ambiguous_cltk_lemma"":false}]"
no_dictionary_match	saraus	ADJ	16	7	2	1	1	none	[]	0	unknown	False	"[{""form"":""sarai"",""corpus_occurrences"":16,""pilot_occurrences"":7,""ambiguous_cltk_lemma"":true}]"
no_dictionary_match	gessen	PROPN	16	5	2	1	1	none	[]	0	unknown	False	"[{""form"":""gessen"",""corpus_occurrences"":16,""pilot_occurrences"":5,""ambiguous_cltk_lemma"":true}]"
no_dictionary_match	zarus	ADJ	16	4	3	1	0	none	[]	0	unknown	False	"[{""form"":""zara"",""corpus_occurrences"":16,""pilot_occurrences"":4,""ambiguous_cltk_lemma"":false}]"
no_dictionary_match	gessena	NOUN	16	2	1	1	1	none	[]	0	unknown	False	"[{""form"":""gessen"",""corpus_occurrences"":16,""pilot_occurrences"":2,""ambiguous_cltk_lemma"":true}]"
no_dictionary_match	gessenus	ADJ	16	1	1	1	1	none	[]	0	unknown	False	"[{""form"":""gessen"",""corpus_occurrences"":16,""pilot_occurrences"":1,""ambiguous_cltk_lemma"":true}]"
no_dictionary_match	phoenissa	NOUN	16	1	1	1	1	none	[]	0	unknown	True	"[{""form"":""phoenissa"",""corpus_occurrences"":16,""pilot_occurrences"":1,""ambiguous_cltk_lemma"":true}]"
no_dictionary_match	polemon	NOUN	15	4	2	2	0	none	[]	0	unknown	True	"[{""form"":""polemonis"",""corpus_occurrences"":11,""pilot_occurrences"":3,""ambiguous_cltk_lemma"":false},{""form"":""polemon"",""corpus_occurrences"":4,""pilot_occurrences"":1,""ambiguous_cltk_lemma"":false}]"
no_dictionary_match	esebon	PROPN	15	1	1	1	0	none	[]	0	unknown	False	"[{""form"":""esebon"",""corpus_occurrences"":15,""pilot_occurrences"":1,""ambiguous_cltk_lemma"":false}]"
no_dictionary_match	philoctetus	NOUN	15	1	1	1	0	none	[]	0	unknown	False	"[{""form"":""philocteta"",""corpus_occurrences"":15,""pilot_occurrences"":1,""ambiguous_cltk_lemma"":false}]"
no_dictionary_match	rhesia	NOUN	15	1	1	1	0	none	[]	0	unknown	False	"[{""form"":""rhesi"",""corpus_occurrences"":15,""pilot_occurrences"":1,""ambiguous_cltk_lemma"":false}]"
no_dictionary_match	thare	PROPN	14	7	1	1	1	none	[]	0	unknown	False	"[{""form"":""thare"",""corpus_occurrences"":14,""pilot_occurrences"":7,""ambiguous_cltk_lemma"":true}]"
no_dictionary_match	elipha	NOUN	14	3	1	1	1	none	[]	0	unknown	False	"[{""form"":""eliphaz"",""corpus_occurrences"":14,""pilot_occurrences"":3,""ambiguous_cltk_lemma"":true}]"
no_dictionary_match	elipha	PROPN	14	3	1	1	1	none	[]	0	unknown	False	"[{""form"":""eliphaz"",""corpus_occurrences"":14,""pilot_occurrences"":3,""ambiguous_cltk_lemma"":true}]"
no_dictionary_match	hesron	PROPN	14	2	1	1	0	none	[]	0	unknown	False	"[{""form"":""hesron"",""corpus_occurrences"":14,""pilot_occurrences"":2,""ambiguous_cltk_lemma"":false}]"
no_dictionary_match	rapha	NOUN	14	2	1	1	0	none	[]	0	unknown	False	"[{""form"":""raphaim"",""corpus_occurrences"":14,""pilot_occurrences"":2,""ambiguous_cltk_lemma"":false}]"
no_dictionary_match	amorrhes	NOUN	14	1	1	1	0	none	[]	0	unknown	False	"[{""form"":""amorrhæi"",""corpus_occurrences"":14,""pilot_occurrences"":1,""ambiguous_cltk_lemma"":false}]"
no_dictionary_match	maecena	NOUN	14	1	1	1	0	none	[]	0	unknown	False	"[{""form"":""maecenatem"",""corpus_occurrences"":14,""pilot_occurrences"":1,""ambiguous_cltk_lemma"":false}]"
no_dictionary_match	or	VERB	14	1	1	1	0	none	[]	0	unknown	False	"[{""form"":""unt"",""corpus_occurrences"":14,""pilot_occurrences"":1,""ambiguous_cltk_lemma"":false}]"
no_dictionary_match	tertullum	NOUN	14	1	1	1	0	none	[]	0	unknown	False	"[{""form"":""tertullo"",""corpus_occurrences"":14,""pilot_occurrences"":1,""ambiguous_cltk_lemma"":false}]"
no_dictionary_match	tharea	NOUN	14	1	1	1	1	none	[]	0	unknown	False	"[{""form"":""thare"",""corpus_occurrences"":14,""pilot_occurrences"":1,""ambiguous_cltk_lemma"":true}]"
no_dictionary_match	eoco	VERB	13	1	1	1	0	none	[]	0	unknown	False	"[{""form"":""inc"",""corpus_occurrences"":13,""pilot_occurrences"":1,""ambiguous_cltk_lemma"":false}]"
no_dictionary_match	lias	ADJ	13	1	1	1	1	none	[]	0	unknown	False	"[{""form"":""liam"",""corpus_occurrences"":13,""pilot_occurrences"":1,""ambiguous_cltk_lemma"":true}]"
no_dictionary_match	perpernus	ADJ	13	1	1	1	0	none	[]	0	unknown	False	"[{""form"":""perperna"",""corpus_occurrences"":13,""pilot_occurrences"":1,""ambiguous_cltk_lemma"":false}]"
no_dictionary_match	pharan	NOUN	13	1	1	1	1	none	[]	0	unknown	True	"[{""form"":""pharan"",""corpus_occurrences"":13,""pilot_occurrences"":1,""ambiguous_cltk_lemma"":true}]"
no_dictionary_match	pharan	PROPN	13	1	1	1	1	none	[]	0	unknown	True	"[{""form"":""pharan"",""corpus_occurrences"":13,""pilot_occurrences"":1,""ambiguous_cltk_lemma"":true}]"
no_dictionary_match	ephron	PROPN	12	9	4	1	1	none	[]	0	unknown	True	"[{""form"":""ephron"",""corpus_occurrences"":12,""pilot_occurrences"":9,""ambiguous_cltk_lemma"":true}]"
no_dictionary_match	haranus	NOUN	12	4	3	1	1	none	[]	0	unknown	False	"[{""form"":""haran"",""corpus_occurrences"":12,""pilot_occurrences"":4,""ambiguous_cltk_lemma"":true}]"
no_dictionary_match	theman	PROPN	12	3	1	1	0	none	[]	0	unknown	False	"[{""form"":""theman"",""corpus_occurrences"":12,""pilot_occurrences"":3,""ambiguous_cltk_lemma"":false}]"
no_dictionary_match	haran	NOUN	12	2	1	1	1	none	[]	0	unknown	False	"[{""form"":""haran"",""corpus_occurrences"":12,""pilot_occurrences"":2,""ambiguous_cltk_lemma"":true}]"
no_dictionary_match	pygmalio	NOUN	12	2	1	2	0	none	[]	0	unknown	False	"[{""form"":""pygmalion"",""corpus_occurrences"":8,""pilot_occurrences"":1,""ambiguous_cltk_lemma"":false},{""form"":""pygmalionis"",""corpus_occurrences"":4,""pilot_occurrences"":1,""ambiguous_cltk_lemma"":false}]"
no_dictionary_match	samma	PROPN	12	2	1	1	0	none	[]	0	unknown	False	"[{""form"":""samma"",""corpus_occurrences"":12,""pilot_occurrences"":2,""ambiguous_cltk_lemma"":false}]"
no_dictionary_match	haran	PROPN	12	1	1	1	1	none	[]	0	unknown	False	"[{""form"":""haran"",""corpus_occurrences"":12,""pilot_occurrences"":1,""ambiguous_cltk_lemma"":true}]"
no_dictionary_match	illyricus	NOUN	12	1	1	1	0	none	[]	0	unknown	True	"[{""form"":""illyricos"",""corpus_occurrences"":12,""pilot_occurrences"":1,""ambiguous_cltk_lemma"":false}]"
no_dictionary_match	lysia	NOUN	12	1	1	1	0	none	[]	0	unknown	False	"[{""form"":""lysia"",""corpus_occurrences"":12,""pilot_occurrences"":1,""ambiguous_cltk_lemma"":false}]"
no_dictionary_match	mir	NOUN	12	1	1	1	0	none	[]	0	unknown	False	"[{""form"":""mir"",""corpus_occurrences"":12,""pilot_occurrences"":1,""ambiguous_cltk_lemma"":false}]"
no_dictionary_match	phidio	VERB	12	1	1	1	0	none	[]	0	unknown	False	"[{""form"":""phidian"",""corpus_occurrences"":12,""pilot_occurrences"":1,""ambiguous_cltk_lemma"":false}]"
no_dictionary_match	sarama	NOUN	12	1	1	1	1	none	[]	0	unknown	False	"[{""form"":""saram"",""corpus_occurrences"":12,""pilot_occurrences"":1,""ambiguous_cltk_lemma"":true}]"
no_dictionary_match	cenes	PROPN	11	3	1	1	0	none	[]	0	unknown	False	"[{""form"":""cenez"",""corpus_occurrences"":11,""pilot_occurrences"":3,""ambiguous_cltk_lemma"":false}]"
no_dictionary_match	mesra	NOUN	11	2	1	1	0	none	[]	0	unknown	False	"[{""form"":""mesraim"",""corpus_occurrences"":11,""pilot_occurrences"":2,""ambiguous_cltk_lemma"":false}]"
no_dictionary_match	amorrhaeum	PROPN	11	1	1	1	0	none	[]	0	unknown	False	"[{""form"":""amorrhæum"",""corpus_occurrences"":11,""pilot_occurrences"":1,""ambiguous_cltk_lemma"":false}]"
no_dictionary_match	ousia	NOUN	11	1	1	1	0	none	[]	0	unknown	False	"[{""form"":""ousia"",""corpus_occurrences"":11,""pilot_occurrences"":1,""ambiguous_cltk_lemma"":false}]"
no_dictionary_match	pylado	VERB	11	1	1	1	0	none	[]	0	unknown	False	"[{""form"":""pyladen"",""corpus_occurrences"":11,""pilot_occurrences"":1,""ambiguous_cltk_lemma"":false}]"
no_dictionary_match	ram	X	11	1	1	1	0	none	[]	0	unknown	False	"[{""form"":""ram"",""corpus_occurrences"":11,""pilot_occurrences"":1,""ambiguous_cltk_lemma"":false}]"
no_dictionary_match	rebeccus	ADJ	11	1	1	1	0	none	[]	0	unknown	False	"[{""form"":""rebeccam"",""corpus_occurrences"":11,""pilot_occurrences"":1,""ambiguous_cltk_lemma"":false}]"
no_dictionary_match	themistoclus	NOUN	11	1	1	1	0	none	[]	0	unknown	False	"[{""form"":""themistocli"",""corpus_occurrences"":11,""pilot_occurrences"":1,""ambiguous_cltk_lemma"":false}]"
no_dictionary_match	arphaxad	PROPN	10	6	1	1	0	none	[]	0	unknown	True	"[{""form"":""arphaxad"",""corpus_occurrences"":10,""pilot_occurrences"":6,""ambiguous_cltk_lemma"":false}]"
no_dictionary_match	japheth	PROPN	10	6	3	1	1	none	[]	0	unknown	True	"[{""form"":""japheth"",""corpus_occurrences"":10,""pilot_occurrences"":6,""ambiguous_cltk_lemma"":true}]"
no_dictionary_match	melcha	PROPN	10	4	3	1	0	none	[]	0	unknown	False	"[{""form"":""melcha"",""corpus_occurrences"":10,""pilot_occurrences"":4,""ambiguous_cltk_lemma"":false}]"
no_dictionary_match	gomer	PROPN	10	2	1	1	0	none	[]	0	unknown	False	"[{""form"":""gomer"",""corpus_occurrences"":10,""pilot_occurrences"":2,""ambiguous_cltk_lemma"":false}]"
no_dictionary_match	gyan	NOUN	10	2	2	1	0	none	[]	0	unknown	False	"[{""form"":""gyan"",""corpus_occurrences"":10,""pilot_occurrences"":2,""ambiguous_cltk_lemma"":false}]"
no_dictionary_match	japhethio	NOUN	10	2	1	1	1	none	[]	0	unknown	False	"[{""form"":""japheth"",""corpus_occurrences"":10,""pilot_occurrences"":2,""ambiguous_cltk_lemma"":true}]"
no_dictionary_match	alcibiado	VERB	10	1	1	1	1	none	[]	0	unknown	False	"[{""form"":""alcibiaden"",""corpus_occurrences"":10,""pilot_occurrences"":1,""ambiguous_cltk_lemma"":true}]"
no_dictionary_match	alcibiador	NOUN	10	1	1	1	1	none	[]	0	unknown	False	"[{""form"":""alcibiaden"",""corpus_occurrences"":10,""pilot_occurrences"":1,""ambiguous_cltk_lemma"":true}]"
no_dictionary_match	dadan	ADJ	10	1	1	1	1	none	[]	0	unknown	False	"[{""form"":""dadan"",""corpus_occurrences"":10,""pilot_occurrences"":1,""ambiguous_cltk_lemma"":true}]"
no_dictionary_match	dadan	NOUN	10	1	1	1	1	none	[]	0	unknown	False	"[{""form"":""dadan"",""corpus_occurrences"":10,""pilot_occurrences"":1,""ambiguous_cltk_lemma"":true}]"
no_dictionary_match	dadana	NOUN	10	1	1	1	1	none	[]	0	unknown	False	"[{""form"":""dadan"",""corpus_occurrences"":10,""pilot_occurrences"":1,""ambiguous_cltk_lemma"":true}]"
no_dictionary_match	japherho	VERB	10	1	1	1	1	none	[]	0	unknown	False	"[{""form"":""japheth"",""corpus_occurrences"":10,""pilot_occurrences"":1,""ambiguous_cltk_lemma"":true}]"
no_dictionary_match	jebusaeus	NOUN	10	1	1	1	0	none	[]	0	unknown	True	"[{""form"":""jebusæum"",""corpus_occurrences"":10,""pilot_occurrences"":1,""ambiguous_cltk_lemma"":false}]"
no_dictionary_match	lyaeo	VERB	10	1	1	1	0	none	[]	0	unknown	False	"[{""form"":""lyaeum"",""corpus_occurrences"":10,""pilot_occurrences"":1,""ambiguous_cltk_lemma"":false}]"
no_dictionary_match	mosoch	PROPN	10	1	1	1	0	none	[]	0	unknown	False	"[{""form"":""mosoch"",""corpus_occurrences"":10,""pilot_occurrences"":1,""ambiguous_cltk_lemma"":false}]"
no_dictionary_match	mum	NOUN	10	1	1	1	0	none	[]	0	unknown	False	"[{""form"":""mum"",""corpus_occurrences"":10,""pilot_occurrences"":1,""ambiguous_cltk_lemma"":false}]"
no_dictionary_match	neratius	ADJ	10	1	1	1	0	none	[]	0	unknown	False	"[{""form"":""neratii"",""corpus_occurrences"":10,""pilot_occurrences"":1,""ambiguous_cltk_lemma"":false}]"
no_dictionary_match	ofilium	NOUN	10	1	1	1	0	none	[]	0	unknown	False	"[{""form"":""ofilio"",""corpus_occurrences"":10,""pilot_occurrences"":1,""ambiguous_cltk_lemma"":false}]"
no_dictionary_match	sco	NUM	10	1	1	1	0	none	[]	0	unknown	False	"[{""form"":""sco"",""corpus_occurrences"":10,""pilot_occurrences"":1,""ambiguous_cltk_lemma"":false}]"
no_dictionary_match	vocontius	ADJ	10	1	1	1	0	none	[]	0	unknown	False	"[{""form"":""vocontiorum"",""corpus_occurrences"":10,""pilot_occurrences"":1,""ambiguous_cltk_lemma"":false}]"
no_dictionary_match	malaleel	PROPN	9	4	1	1	1	none	[]	0	unknown	True	"[{""form"":""malaleel"",""corpus_occurrences"":9,""pilot_occurrences"":4,""ambiguous_cltk_lemma"":true}]"
no_dictionary_match	jobab	PROPN	9	3	2	1	0	none	[]	0	unknown	False	"[{""form"":""jobab"",""corpus_occurrences"":9,""pilot_occurrences"":3,""ambiguous_cltk_lemma"":false}]"
no_dictionary_match	luza	NOUN	9	3	3	2	0	none	[]	0	unknown	False	"[{""form"":""luza"",""corpus_occurrences"":6,""pilot_occurrences"":2,""ambiguous_cltk_lemma"":false},{""form"":""luzam"",""corpus_occurrences"":3,""pilot_occurrences"":1,""ambiguous_cltk_lemma"":false}]"
no_dictionary_match	apellen	NOUN	9	2	2	1	0	none	[]	0	unknown	False	"[{""form"":""apellen"",""corpus_occurrences"":9,""pilot_occurrences"":2,""ambiguous_cltk_lemma"":false}]"
no_dictionary_match	allobroga	NOUN	9	1	1	1	0	none	[]	0	unknown	False	"[{""form"":""allobrogas"",""corpus_occurrences"":9,""pilot_occurrences"":1,""ambiguous_cltk_lemma"":false}]"
no_dictionary_match	amorraeus	PROPN	9	1	1	1	0	none	[]	0	unknown	False	"[{""form"":""amorrhaei"",""corpus_occurrences"":9,""pilot_occurrences"":1,""ambiguous_cltk_lemma"":false}]"
no_dictionary_match	argiva	NOUN	9	1	1	1	0	none	[]	0	unknown	False	"[{""form"":""argivae"",""corpus_occurrences"":9,""pilot_occurrences"":1,""ambiguous_cltk_lemma"":false}]"
no_dictionary_match	bithyna	NOUN	9	1	1	1	0	none	[]	0	unknown	False	"[{""form"":""bithynis"",""corpus_occurrences"":9,""pilot_occurrences"":1,""ambiguous_cltk_lemma"":false}]"
no_dictionary_match	erycus	NOUN	9	1	1	1	0	none	[]	0	unknown	False	"[{""form"":""erycis"",""corpus_occurrences"":9,""pilot_occurrences"":1,""ambiguous_cltk_lemma"":false}]"
no_dictionary_match	hempto	VERB	9	1	1	1	0	none	[]	0	unknown	False	"[{""form"":""hethæum"",""corpus_occurrences"":9,""pilot_occurrences"":1,""ambiguous_cltk_lemma"":false}]"
no_dictionary_match	hwn	NOUN	9	1	1	1	1	none	[]	0	unknown	False	"[{""form"":""hwn"",""corpus_occurrences"":9,""pilot_occurrences"":1,""ambiguous_cltk_lemma"":true}]"
no_dictionary_match	hwn	NUM	9	1	1	1	1	none	[]	0	unknown	False	"[{""form"":""hwn"",""corpus_occurrences"":9,""pilot_occurrences"":1,""ambiguous_cltk_lemma"":true}]"
no_dictionary_match	malaleeliis	PROPN	9	1	1	1	1	none	[]	0	unknown	False	"[{""form"":""malaleel"",""corpus_occurrences"":9,""pilot_occurrences"":1,""ambiguous_cltk_lemma"":true}]"
no_dictionary_match	meminister	NOUN	9	1	1	1	0	none	[]	0	unknown	False	"[{""form"":""meministin"",""corpus_occurrences"":9,""pilot_occurrences"":1,""ambiguous_cltk_lemma"":false}]"
no_dictionary_match	nicia	PROPN	9	1	1	1	0	none	[]	0	unknown	False	"[{""form"":""niciae"",""corpus_occurrences"":9,""pilot_occurrences"":1,""ambiguous_cltk_lemma"":false}]"
no_dictionary_match	oenoter	NOUN	9	1	1	1	0	none	[]	0	unknown	False	"[{""form"":""oenotri"",""corpus_occurrences"":9,""pilot_occurrences"":1,""ambiguous_cltk_lemma"":false}]"
no_dictionary_match	semuo	VERB	9	1	1	1	0	none	[]	0	unknown	False	"[{""form"":""semul"",""corpus_occurrences"":9,""pilot_occurrences"":1,""ambiguous_cltk_lemma"":false}]"
no_dictionary_match	sun	NUM	9	1	1	1	0	none	[]	0	unknown	False	"[{""form"":""sun"",""corpus_occurrences"":9,""pilot_occurrences"":1,""ambiguous_cltk_lemma"":false}]"
no_dictionary_match	thucydidus	NOUN	9	1	1	1	0	none	[]	0	unknown	False	"[{""form"":""thucydidi"",""corpus_occurrences"":9,""pilot_occurrences"":1,""ambiguous_cltk_lemma"":false}]"
no_dictionary_match	tius	NOUN	9	1	1	1	0	none	[]	0	unknown	True	"[{""form"":""tium"",""corpus_occurrences"":9,""pilot_occurrences"":1,""ambiguous_cltk_lemma"":false}]"
no_dictionary_match	liae	PROPN	8	7	5	1	1	none	[]	0	unknown	False	"[{""form"":""liæ"",""corpus_occurrences"":8,""pilot_occurrences"":7,""ambiguous_cltk_lemma"":true}]"
no_dictionary_match	oolibar	ADJ	8	6	1	1	1	none	[]	0	unknown	False	"[{""form"":""oolibama"",""corpus_occurrences"":8,""pilot_occurrences"":6,""ambiguous_cltk_lemma"":true}]"
no_dictionary_match	bathuel	PROPN	8	5	3	1	0	none	[]	0	unknown	True	"[{""form"":""bathuel"",""corpus_occurrences"":8,""pilot_occurrences"":5,""ambiguous_cltk_lemma"":false}]"
no_dictionary_match	rahuel	PROPN	8	5	1	1	0	none	[]	0	unknown	True	"[{""form"":""rahuel"",""corpus_occurrences"":8,""pilot_occurrences"":5,""ambiguous_cltk_lemma"":false}]"
no_dictionary_match	rebeccae	PROPN	8	5	4	1	1	none	[]	0	unknown	False	"[{""form"":""rebeccæ"",""corpus_occurrences"":8,""pilot_occurrences"":5,""ambiguous_cltk_lemma"":true}]"
no_dictionary_match	sebeon	PROPN	8	5	1	1	1	none	[]	0	unknown	True	"[{""form"":""sebeon"",""corpus_occurrences"":8,""pilot_occurrences"":5,""ambiguous_cltk_lemma"":true}]"
no_dictionary_match	hethaea	PROPN	8	4	3	1	0	none	[]	0	unknown	False	"[{""form"":""hethæi"",""corpus_occurrences"":8,""pilot_occurrences"":4,""ambiguous_cltk_lemma"":false}]"
no_dictionary_match	phaleg	PROPN	8	4	1	1	1	none	[]	0	unknown	False	"[{""form"":""phaleg"",""corpus_occurrences"":8,""pilot_occurrences"":4,""ambiguous_cltk_lemma"":true}]"
no_dictionary_match	gavio	NOUN	8	3	2	1	0	none	[]	0	unknown	False	"[{""form"":""gavio"",""corpus_occurrences"":8,""pilot_occurrences"":3,""ambiguous_cltk_lemma"":false}]"
no_dictionary_match	sebor	NOUN	8	3	2	1	0	none	[]	0	unknown	False	"[{""form"":""seboim"",""corpus_occurrences"":8,""pilot_occurrences"":3,""ambiguous_cltk_lemma"":false}]"
no_dictionary_match	thamnus	ADJ	8	3	1	1	0	none	[]	0	unknown	True	"[{""form"":""thamna"",""corpus_occurrences"":8,""pilot_occurrences"":3,""ambiguous_cltk_lemma"":false}]"
no_dictionary_match	onan	NOUN	8	2	1	1	1	none	[]	0	unknown	False	"[{""form"":""onan"",""corpus_occurrences"":8,""pilot_occurrences"":2,""ambiguous_cltk_lemma"":true}]"
no_dictionary_match	arsacen	NOUN	8	1	1	1	0	none	[]	0	unknown	False	"[{""form"":""arsacen"",""corpus_occurrences"":8,""pilot_occurrences"":1,""ambiguous_cltk_lemma"":false}]"
no_dictionary_match	charmia	NOUN	8	1	1	1	0	none	[]	0	unknown	False	"[{""form"":""charmi"",""corpus_occurrences"":8,""pilot_occurrences"":1,""ambiguous_cltk_lemma"":false}]"
no_dictionary_match	eden	PROPN	8	1	1	1	0	none	[]	0	unknown	True	"[{""form"":""eden"",""corpus_occurrences"":8,""pilot_occurrences"":1,""ambiguous_cltk_lemma"":false}]"
no_dictionary_match	hernicus	ADJ	8	1	1	1	0	none	[]	0	unknown	True	"[{""form"":""hernica"",""corpus_occurrences"":8,""pilot_occurrences"":1,""ambiguous_cltk_lemma"":false}]"
no_dictionary_match	liae	NOUN	8	1	1	1	1	none	[]	0	unknown	False	"[{""form"":""liæ"",""corpus_occurrences"":8,""pilot_occurrences"":1,""ambiguous_cltk_lemma"":true}]"
no_dictionary_match	onani	NOUN	8	1	1	1	1	none	[]	0	unknown	False	"[{""form"":""onan"",""corpus_occurrences"":8,""pilot_occurrences"":1,""ambiguous_cltk_lemma"":true}]"
no_dictionary_match	onanus	ADJ	8	1	1	1	1	none	[]	0	unknown	False	"[{""form"":""onan"",""corpus_occurrences"":8,""pilot_occurrences"":1,""ambiguous_cltk_lemma"":true}]"
no_dictionary_match	oolibamo	VERB	8	1	1	1	1	none	[]	0	unknown	False	"[{""form"":""oolibama"",""corpus_occurrences"":8,""pilot_occurrences"":1,""ambiguous_cltk_lemma"":true}]"
no_dictionary_match	phalex	NOUN	8	1	1	1	1	none	[]	0	unknown	False	"[{""form"":""phaleg"",""corpus_occurrences"":8,""pilot_occurrences"":1,""ambiguous_cltk_lemma"":true}]"
no_dictionary_match	philoctetus	ADJ	8	1	1	1	0	none	[]	0	unknown	False	"[{""form"":""philoctetae"",""corpus_occurrences"":8,""pilot_occurrences"":1,""ambiguous_cltk_lemma"":false}]"
no_dictionary_match	protagora	NOUN	8	1	1	1	0	none	[]	0	unknown	False	"[{""form"":""protagoram"",""corpus_occurrences"":8,""pilot_occurrences"":1,""ambiguous_cltk_lemma"":false}]"
no_dictionary_match	rebeccaeaeium	NOUN	8	1	1	1	1	none	[]	0	unknown	False	"[{""form"":""rebeccæ"",""corpus_occurrences"":8,""pilot_occurrences"":1,""ambiguous_cltk_lemma"":true}]"
no_dictionary_match	rebeo	VERB	8	1	1	1	1	none	[]	0	unknown	False	"[{""form"":""rebeccæ"",""corpus_occurrences"":8,""pilot_occurrences"":1,""ambiguous_cltk_lemma"":true}]"
no_dictionary_match	roscium	NOUN	8	1	1	1	0	none	[]	0	unknown	False	"[{""form"":""roscii"",""corpus_occurrences"":8,""pilot_occurrences"":1,""ambiguous_cltk_lemma"":false}]"
no_dictionary_match	sebeon	NOUN	8	1	1	1	1	none	[]	0	unknown	True	"[{""form"":""sebeon"",""corpus_occurrences"":8,""pilot_occurrences"":1,""ambiguous_cltk_lemma"":true}]"
no_dictionary_match	sennaar	NOUN	8	1	1	1	1	none	[]	0	unknown	False	"[{""form"":""sennaar"",""corpus_occurrences"":8,""pilot_occurrences"":1,""ambiguous_cltk_lemma"":true}]"
no_dictionary_match	sennaaris	ADJ	8	1	1	1	1	none	[]	0	unknown	False	"[{""form"":""sennaar"",""corpus_occurrences"":8,""pilot_occurrences"":1,""ambiguous_cltk_lemma"":true}]"
no_dictionary_match	tatum	NOUN	8	1	1	1	0	none	[]	0	unknown	False	"[{""form"":""tato"",""corpus_occurrences"":8,""pilot_occurrences"":1,""ambiguous_cltk_lemma"":false}]"
no_dictionary_match	thola	PROPN	8	1	1	1	0	none	[]	0	unknown	False	"[{""form"":""thola"",""corpus_occurrences"":8,""pilot_occurrences"":1,""ambiguous_cltk_lemma"":false}]"
no_dictionary_match	thubal	NOUN	8	1	1	1	0	none	[]	0	unknown	False	"[{""form"":""thubal"",""corpus_occurrences"":8,""pilot_occurrences"":1,""ambiguous_cltk_lemma"":false}]"
no_dictionary_match	trebo	VERB	8	1	1	1	0	none	[]	0	unknown	False	"[{""form"":""trebatii"",""corpus_occurrences"":8,""pilot_occurrences"":1,""ambiguous_cltk_lemma"":false}]"
no_dictionary_match	jareda	PROPN	7	4	1	1	1	none	[]	0	unknown	False	"[{""form"":""jared"",""corpus_occurrences"":7,""pilot_occurrences"":4,""ambiguous_cltk_lemma"":true}]"
no_dictionary_match	jehus	PROPN	7	3	1	1	0	none	[]	0	unknown	False	"[{""form"":""jehus"",""corpus_occurrences"":7,""pilot_occurrences"":3,""ambiguous_cltk_lemma"":false}]"
no_dictionary_match	rachela	NOUN	7	3	3	1	0	none	[]	0	unknown	False	"[{""form"":""rachelis"",""corpus_occurrences"":7,""pilot_occurrences"":3,""ambiguous_cltk_lemma"":false}]"
no_dictionary_match	acesten	NOUN	7	2	2	1	0	none	[]	0	unknown	False	"[{""form"":""acesten"",""corpus_occurrences"":7,""pilot_occurrences"":2,""ambiguous_cltk_lemma"":false}]"
no_dictionary_match	hevaeum	PROPN	7	2	2	1	0	none	[]	0	unknown	False	"[{""form"":""hevæi"",""corpus_occurrences"":7,""pilot_occurrences"":2,""ambiguous_cltk_lemma"":false}]"
no_dictionary_match	lotan	ADJ	7	2	1	1	1	none	[]	0	unknown	False	"[{""form"":""lotan"",""corpus_occurrences"":7,""pilot_occurrences"":2,""ambiguous_cltk_lemma"":true}]"
no_dictionary_match	lotan	NOUN	7	2	1	1	1	none	[]	0	unknown	False	"[{""form"":""lotan"",""corpus_occurrences"":7,""pilot_occurrences"":2,""ambiguous_cltk_lemma"":true}]"
no_dictionary_match	calpurnium	NOUN	7	1	1	1	0	none	[]	0	unknown	False	"[{""form"":""calpurnii"",""corpus_occurrences"":7,""pilot_occurrences"":1,""ambiguous_cltk_lemma"":false}]"
no_dictionary_match	cariatha	NOUN	7	1	1	1	0	none	[]	0	unknown	False	"[{""form"":""cariathaim"",""corpus_occurrences"":7,""pilot_occurrences"":1,""ambiguous_cltk_lemma"":false}]"
no_dictionary_match	crio	VERB	7	1	1	1	0	none	[]	0	unknown	False	"[{""form"":""cre"",""corpus_occurrences"":7,""pilot_occurrences"":1,""ambiguous_cltk_lemma"":false}]"
no_dictionary_match	eleusine	ADV	7	1	1	1	0	none	[]	0	unknown	False	"[{""form"":""eleusine"",""corpus_occurrences"":7,""pilot_occurrences"":1,""ambiguous_cltk_lemma"":false}]"
no_dictionary_match	emptitus	ADJ	7	1	1	1	0	none	[]	0	unknown	False	"[{""form"":""emptitius"",""corpus_occurrences"":7,""pilot_occurrences"":1,""ambiguous_cltk_lemma"":false}]"
no_dictionary_match	gellis	NOUN	7	1	1	1	0	none	[]	0	unknown	False	"[{""form"":""gellio"",""corpus_occurrences"":7,""pilot_occurrences"":1,""ambiguous_cltk_lemma"":false}]"
no_dictionary_match	jaredo	NOUN	7	1	1	1	1	none	[]	0	unknown	False	"[{""form"":""jared"",""corpus_occurrences"":7,""pilot_occurrences"":1,""ambiguous_cltk_lemma"":true}]"
no_dictionary_match	laurentinus	ADJ	7	1	1	1	0	none	[]	0	unknown	False	"[{""form"":""laurentina"",""corpus_occurrences"":7,""pilot_occurrences"":1,""ambiguous_cltk_lemma"":false}]"
no_dictionary_match	lum	VERB	7	1	1	1	1	none	[]	0	unknown	False	"[{""form"":""lum"",""corpus_occurrences"":7,""pilot_occurrences"":1,""ambiguous_cltk_lemma"":true}]"
no_dictionary_match	lus	NOUN	7	1	1	1	1	none	[]	0	unknown	False	"[{""form"":""lum"",""corpus_occurrences"":7,""pilot_occurrences"":1,""ambiguous_cltk_lemma"":true}]"
no_dictionary_match	lyx	X	7	1	1	1	0	none	[]	0	unknown	False	"[{""form"":""lyci"",""corpus_occurrences"":7,""pilot_occurrences"":1,""ambiguous_cltk_lemma"":false}]"
no_dictionary_match	lyxium	NOUN	7	1	1	1	0	none	[]	0	unknown	False	"[{""form"":""lycios"",""corpus_occurrences"":7,""pilot_occurrences"":1,""ambiguous_cltk_lemma"":false}]"
no_dictionary_match	polycletus	ADJ	7	1	1	1	0	none	[]	0	unknown	False	"[{""form"":""polycletus"",""corpus_occurrences"":7,""pilot_occurrences"":1,""ambiguous_cltk_lemma"":false}]"
no_dictionary_match	sidonia	NOUN	7	1	1	1	0	none	[]	0	unknown	False	"[{""form"":""sidoniam"",""corpus_occurrences"":7,""pilot_occurrences"":1,""ambiguous_cltk_lemma"":false}]"
no_dictionary_match	ssuo	VERB	7	1	1	1	0	none	[]	0	unknown	False	"[{""form"":""sset"",""corpus_occurrences"":7,""pilot_occurrences"":1,""ambiguous_cltk_lemma"":false}]"
no_dictionary_match	theopompus	NOUN	7	1	1	1	0	none	[]	0	unknown	True	"[{""form"":""theopompum"",""corpus_occurrences"":7,""pilot_occurrences"":1,""ambiguous_cltk_lemma"":false}]"
no_dictionary_match	basemath	PROPN	6	4	2	1	1	none	[]	0	unknown	True	"[{""form"":""basemath"",""corpus_occurrences"":6,""pilot_occurrences"":4,""ambiguous_cltk_lemma"":true}]"
no_dictionary_match	nabeo	VERB	6	3	3	1	0	none	[]	0	unknown	False	"[{""form"":""nabaioth"",""corpus_occurrences"":6,""pilot_occurrences"":3,""ambiguous_cltk_lemma"":false}]"
no_dictionary_match	amorraeus	NOUN	6	2	1	2	0	none	[]	0	unknown	False	"[{""form"":""amorrhaeos"",""corpus_occurrences"":4,""pilot_occurrences"":1,""ambiguous_cltk_lemma"":false},{""form"":""amorrhaeum"",""corpus_occurrences"":2,""pilot_occurrences"":1,""ambiguous_cltk_lemma"":false}]"
no_dictionary_match	basematha	NOUN	6	2	1	1	1	none	[]	0	unknown	False	"[{""form"":""basemath"",""corpus_occurrences"":6,""pilot_occurrences"":2,""ambiguous_cltk_lemma"":true}]"
no_dictionary_match	la	NOUN	6	2	2	2	0	none	[]	0	unknown	False	"[{""form"":""lai"",""corpus_occurrences"":4,""pilot_occurrences"":1,""ambiguous_cltk_lemma"":false},{""form"":""lae"",""corpus_occurrences"":2,""pilot_occurrences"":1,""ambiguous_cltk_lemma"":false}]"
no_dictionary_match	phanuel	PROPN	6	2	1	1	0	none	[]	0	unknown	True	"[{""form"":""phanuel"",""corpus_occurrences"":6,""pilot_occurrences"":2,""ambiguous_cltk_lemma"":false}]"
no_dictionary_match	socotheus	NOUN	6	2	1	1	0	none	[]	0	unknown	False	"[{""form"":""socoth"",""corpus_occurrences"":6,""pilot_occurrences"":2,""ambiguous_cltk_lemma"":false}]"
no_dictionary_match	achobor	NOUN	6	1	1	1	0	none	[]	0	unknown	True	"[{""form"":""achobor"",""corpus_occurrences"":6,""pilot_occurrences"":1,""ambiguous_cltk_lemma"":false}]"
no_dictionary_match	amorrahaeus	NOUN	6	1	1	1	0	none	[]	0	unknown	False	"[{""form"":""amorrhaeorum"",""corpus_occurrences"":6,""pilot_occurrences"":1,""ambiguous_cltk_lemma"":false}]"
no_dictionary_match	atus	PROPN	6	1	1	1	0	none	[]	0	unknown	False	"[{""form"":""ate"",""corpus_occurrences"":6,""pilot_occurrences"":1,""ambiguous_cltk_lemma"":false}]"
no_dictionary_match	castricium	NOUN	6	1	1	1	0	none	[]	0	unknown	False	"[{""form"":""castricium"",""corpus_occurrences"":6,""pilot_occurrences"":1,""ambiguous_cltk_lemma"":false}]"
no_dictionary_match	jectanis	ADJ	6	1	1	1	1	none	[]	0	unknown	False	"[{""form"":""jectan"",""corpus_occurrences"":6,""pilot_occurrences"":1,""ambiguous_cltk_lemma"":true}]"
no_dictionary_match	jectanus	NOUN	6	1	1	1	1	none	[]	0	unknown	False	"[{""form"":""jectan"",""corpus_occurrences"":6,""pilot_occurrences"":1,""ambiguous_cltk_lemma"":true}]"
no_dictionary_match	jecto	VERB	6	1	1	1	1	none	[]	0	unknown	False	"[{""form"":""jectan"",""corpus_occurrences"":6,""pilot_occurrences"":1,""ambiguous_cltk_lemma"":true}]"
no_dictionary_match	polo	VERB	6	1	1	1	0	none	[]	0	unknown	False	"[{""form"":""polews"",""corpus_occurrences"":6,""pilot_occurrences"":1,""ambiguous_cltk_lemma"":false}]"
no_dictionary_match	pos	NOUN	6	1	1	1	0	none	[]	0	unknown	False	"[{""form"":""possi"",""corpus_occurrences"":6,""pilot_occurrences"":1,""ambiguous_cltk_lemma"":false}]"
no_dictionary_match	priamum	NOUN	6	1	1	1	0	none	[]	0	unknown	False	"[{""form"":""priamumque"",""corpus_occurrences"":6,""pilot_occurrences"":1,""ambiguous_cltk_lemma"":false}]"
no_dictionary_match	rat	NUM	6	1	1	1	0	none	[]	0	unknown	False	"[{""form"":""rat"",""corpus_occurrences"":6,""pilot_occurrences"":1,""ambiguous_cltk_lemma"":false}]"
no_dictionary_match	sodomita	NOUN	6	1	1	1	0	none	[]	0	unknown	False	"[{""form"":""sodomitae"",""corpus_occurrences"":6,""pilot_occurrences"":1,""ambiguous_cltk_lemma"":false}]"
no_dictionary_match	trinacrium	NOUN	6	1	1	1	0	none	[]	0	unknown	False	"[{""form"":""trinacrio"",""corpus_occurrences"":6,""pilot_occurrences"":1,""ambiguous_cltk_lemma"":false}]"
no_dictionary_match	chodorlahoror	NOUN	5	5	1	1	0	none	[]	0	unknown	False	"[{""form"":""chodorlahomor"",""corpus_occurrences"":5,""pilot_occurrences"":5,""ambiguous_cltk_lemma"":false}]"
no_dictionary_match	gomorro	VERB	5	4	3	1	0	none	[]	0	unknown	False	"[{""form"":""gomorrham"",""corpus_occurrences"":5,""pilot_occurrences"":4,""ambiguous_cltk_lemma"":false}]"
no_dictionary_match	putipho	VERB	5	4	3	2	0	none	[]	0	unknown	False	"[{""form"":""putiphare"",""corpus_occurrences"":3,""pilot_occurrences"":3,""ambiguous_cltk_lemma"":false},{""form"":""putiphari"",""corpus_occurrences"":2,""pilot_occurrences"":1,""ambiguous_cltk_lemma"":false}]"
no_dictionary_match	bathuel	NOUN	5	3	2	1	0	none	[]	0	unknown	True	"[{""form"":""bathuelis"",""corpus_occurrences"":5,""pilot_occurrences"":3,""ambiguous_cltk_lemma"":false}]"
no_dictionary_match	ins	X	5	3	3	1	0	none	[]	0	unknown	False	"[{""form"":""ins"",""corpus_occurrences"":5,""pilot_occurrences"":3,""ambiguous_cltk_lemma"":false}]"
no_dictionary_match	cloango	VERB	5	2	2	1	1	none	[]	0	unknown	False	"[{""form"":""cloanthum"",""corpus_occurrences"":5,""pilot_occurrences"":2,""ambiguous_cltk_lemma"":true}]"
no_dictionary_match	disan	PROPN	5	2	1	1	1	none	[]	0	unknown	False	"[{""form"":""disan"",""corpus_occurrences"":5,""pilot_occurrences"":2,""ambiguous_cltk_lemma"":true}]"
no_dictionary_match	gergesaeus	NOUN	5	2	2	2	0	none	[]	0	unknown	True	"[{""form"":""gergesæum"",""corpus_occurrences"":3,""pilot_occurrences"":1,""ambiguous_cltk_lemma"":false},{""form"":""gergesaeos"",""corpus_occurrences"":2,""pilot_occurrences"":1,""ambiguous_cltk_lemma"":false}]"
no_dictionary_match	pantwn	NOUN	5	2	2	1	0	none	[]	0	unknown	False	"[{""form"":""pantwn"",""corpus_occurrences"":5,""pilot_occurrences"":2,""ambiguous_cltk_lemma"":false}]"
no_dictionary_match	cetth	PROPN	5	1	1	1	0	none	[]	0	unknown	False	"[{""form"":""cetthim"",""corpus_occurrences"":5,""pilot_occurrences"":1,""ambiguous_cltk_lemma"":false}]"
no_dictionary_match	cynteh	NOUN	5	1	1	1	0	none	[]	0	unknown	False	"[{""form"":""cynthi"",""corpus_occurrences"":5,""pilot_occurrences"":1,""ambiguous_cltk_lemma"":false}]"
no_dictionary_match	disan	NOUN	5	1	1	1	1	none	[]	0	unknown	False	"[{""form"":""disan"",""corpus_occurrences"":5,""pilot_occurrences"":1,""ambiguous_cltk_lemma"":true}]"
no_dictionary_match	domin	NUM	5	1	1	1	0	none	[]	0	unknown	False	"[{""form"":""domin"",""corpus_occurrences"":5,""pilot_occurrences"":1,""ambiguous_cltk_lemma"":false}]"
no_dictionary_match	mada	NOUN	5	1	1	1	0	none	[]	0	unknown	False	"[{""form"":""madai"",""corpus_occurrences"":5,""pilot_occurrences"":1,""ambiguous_cltk_lemma"":false}]"
no_dictionary_match	nomou	NOUN	5	1	1	1	0	none	[]	0	unknown	False	"[{""form"":""nomou"",""corpus_occurrences"":5,""pilot_occurrences"":1,""ambiguous_cltk_lemma"":false}]"
no_dictionary_match	nomwn	NOUN	5	1	1	1	0	none	[]	0	unknown	False	"[{""form"":""nomwn"",""corpus_occurrences"":5,""pilot_occurrences"":1,""ambiguous_cltk_lemma"":false}]"
no_dictionary_match	periandmo	NOUN	5	1	1	1	0	none	[]	0	unknown	False	"[{""form"":""periandrum"",""corpus_occurrences"":5,""pilot_occurrences"":1,""ambiguous_cltk_lemma"":false}]"
no_dictionary_match	phthior	VERB	5	1	1	1	0	none	[]	0	unknown	False	"[{""form"":""phthiam"",""corpus_occurrences"":5,""pilot_occurrences"":1,""ambiguous_cltk_lemma"":false}]"
no_dictionary_match	phua	PROPN	5	1	1	1	0	none	[]	0	unknown	False	"[{""form"":""phua"",""corpus_occurrences"":5,""pilot_occurrences"":1,""ambiguous_cltk_lemma"":false}]"
no_dictionary_match	queus	ADJ	5	1	1	1	1	none	[]	0	unknown	False	"[{""form"":""quei"",""corpus_occurrences"":5,""pilot_occurrences"":1,""ambiguous_cltk_lemma"":true}]"
no_dictionary_match	reuis	NOUN	5	1	1	1	1	none	[]	0	unknown	False	"[{""form"":""reu"",""corpus_occurrences"":5,""pilot_occurrences"":1,""ambiguous_cltk_lemma"":true}]"
no_dictionary_match	roman	NOUN	5	1	1	1	0	none	[]	0	unknown	False	"[{""form"":""roman"",""corpus_occurrences"":5,""pilot_occurrences"":1,""ambiguous_cltk_lemma"":false}]"
no_dictionary_match	sichimus	NOUN	5	1	1	1	0	none	[]	0	unknown	False	"[{""form"":""sichimorum"",""corpus_occurrences"":5,""pilot_occurrences"":1,""ambiguous_cltk_lemma"":false}]"
no_dictionary_match	sidona	NOUN	5	1	1	1	0	none	[]	0	unknown	False	"[{""form"":""sidona"",""corpus_occurrences"":5,""pilot_occurrences"":1,""ambiguous_cltk_lemma"":false}]"
no_dictionary_match	sisennus	ADJ	5	1	1	1	0	none	[]	0	unknown	False	"[{""form"":""sisennam"",""corpus_occurrences"":5,""pilot_occurrences"":1,""ambiguous_cltk_lemma"":false}]"
no_dictionary_match	thira	NOUN	5	1	1	1	0	none	[]	0	unknown	False	"[{""form"":""thiras"",""corpus_occurrences"":5,""pilot_occurrences"":1,""ambiguous_cltk_lemma"":false}]"
no_dictionary_match	topicus	NOUN	5	1	1	1	0	none	[]	0	unknown	False	"[{""form"":""topicorum"",""corpus_occurrences"":5,""pilot_occurrences"":1,""ambiguous_cltk_lemma"":false}]"
no_dictionary_match	troiaqus	NOUN	5	1	1	1	0	none	[]	0	unknown	False	"[{""form"":""troiaque"",""corpus_occurrences"":5,""pilot_occurrences"":1,""ambiguous_cltk_lemma"":false}]"
no_dictionary_match	matidia	NOUN	4	3	3	3	0	none	[]	0	unknown	True	"[{""form"":""matidia"",""corpus_occurrences"":2,""pilot_occurrences"":1,""ambiguous_cltk_lemma"":false},{""form"":""matidiae"",""corpus_occurrences"":1,""pilot_occurrences"":1,""ambiguous_cltk_lemma"":false},{""form"":""matidiam"",""corpus_occurrences"":1,""pilot_occurrences"":1,""ambiguous_cltk_lemma"":false}]"
no_dictionary_match	thamna	NOUN	4	3	1	2	0	none	[]	0	unknown	True	"[{""form"":""thamnam"",""corpus_occurrences"":2,""pilot_occurrences"":1,""ambiguous_cltk_lemma"":false},{""form"":""thamnas"",""corpus_occurrences"":2,""pilot_occurrences"":2,""ambiguous_cltk_lemma"":false}]"
no_dictionary_match	cercinus	ADJ	4	2	1	1	0	none	[]	0	unknown	False	"[{""form"":""cercinae"",""corpus_occurrences"":4,""pilot_occurrences"":2,""ambiguous_cltk_lemma"":false}]"
no_dictionary_match	nahath	PROPN	4	2	1	1	0	none	[]	0	unknown	False	"[{""form"":""nahath"",""corpus_occurrences"":4,""pilot_occurrences"":2,""ambiguous_cltk_lemma"":false}]"
no_dictionary_match	regma	PROPN	4	2	1	1	0	none	[]	0	unknown	False	"[{""form"":""regma"",""corpus_occurrences"":4,""pilot_occurrences"":2,""ambiguous_cltk_lemma"":false}]"
no_dictionary_match	sarug	PROPN	4	2	1	1	1	none	[]	0	unknown	False	"[{""form"":""sarug"",""corpus_occurrences"":4,""pilot_occurrences"":2,""ambiguous_cltk_lemma"":true}]"
no_dictionary_match	aelam	PROPN	4	1	1	1	0	none	[]	0	unknown	False	"[{""form"":""ælam"",""corpus_occurrences"":4,""pilot_occurrences"":1,""ambiguous_cltk_lemma"":false}]"
no_dictionary_match	ans	NOUN	4	1	1	1	0	none	[]	0	unknown	False	"[{""form"":""ans"",""corpus_occurrences"":4,""pilot_occurrences"":1,""ambiguous_cltk_lemma"":false}]"
no_dictionary_match	bechor	PROPN	4	1	1	1	0	none	[]	0	unknown	False	"[{""form"":""bechor"",""corpus_occurrences"":4,""pilot_occurrences"":1,""ambiguous_cltk_lemma"":false}]"
no_dictionary_match	bitia	NOUN	4	1	1	1	0	none	[]	0	unknown	False	"[{""form"":""bitiae"",""corpus_occurrences"":4,""pilot_occurrences"":1,""ambiguous_cltk_lemma"":false}]"
no_dictionary_match	cajo	VERB	4	1	1	1	0	none	[]	0	unknown	False	"[{""form"":""cajetae"",""corpus_occurrences"":4,""pilot_occurrences"":1,""ambiguous_cltk_lemma"":false}]"
no_dictionary_match	capyn	NOUN	4	1	1	1	0	none	[]	0	unknown	False	"[{""form"":""capyn"",""corpus_occurrences"":4,""pilot_occurrences"":1,""ambiguous_cltk_lemma"":false}]"
no_dictionary_match	charanus	NOUN	4	1	1	1	0	none	[]	0	unknown	False	"[{""form"":""charan"",""corpus_occurrences"":4,""pilot_occurrences"":1,""ambiguous_cltk_lemma"":false}]"
no_dictionary_match	cymothos	NOUN	4	1	1	1	0	none	[]	0	unknown	False	"[{""form"":""cymothoe"",""corpus_occurrences"":4,""pilot_occurrences"":1,""ambiguous_cltk_lemma"":false}]"
no_dictionary_match	cyzicenum	NOUN	4	1	1	1	0	none	[]	0	unknown	False	"[{""form"":""cyzicenorum"",""corpus_occurrences"":4,""pilot_occurrences"":1,""ambiguous_cltk_lemma"":false}]"
no_dictionary_match	dodanus	NOUN	4	1	1	1	0	none	[]	0	unknown	False	"[{""form"":""dodanim"",""corpus_occurrences"":4,""pilot_occurrences"":1,""ambiguous_cltk_lemma"":false}]"
no_dictionary_match	dothain	NOUN	4	1	1	1	1	none	[]	0	unknown	True	"[{""form"":""dothain"",""corpus_occurrences"":4,""pilot_occurrences"":1,""ambiguous_cltk_lemma"":true}]"
no_dictionary_match	dothainis	NOUN	4	1	1	1	1	none	[]	0	unknown	False	"[{""form"":""dothain"",""corpus_occurrences"":4,""pilot_occurrences"":1,""ambiguous_cltk_lemma"":true}]"
no_dictionary_match	gether	PROPN	4	1	1	1	0	none	[]	0	unknown	False	"[{""form"":""gether"",""corpus_occurrences"":4,""pilot_occurrences"":1,""ambiguous_cltk_lemma"":false}]"
no_dictionary_match	gunus	PROPN	4	1	1	1	0	none	[]	0	unknown	False	"[{""form"":""guni"",""corpus_occurrences"":4,""pilot_occurrences"":1,""ambiguous_cltk_lemma"":false}]"
no_dictionary_match	hyn	NUM	4	1	1	1	0	none	[]	0	unknown	False	"[{""form"":""hyn"",""corpus_occurrences"":4,""pilot_occurrences"":1,""ambiguous_cltk_lemma"":false}]"
no_dictionary_match	jabocat	ADJ	4	1	1	1	0	none	[]	0	unknown	False	"[{""form"":""jaboc"",""corpus_occurrences"":4,""pilot_occurrences"":1,""ambiguous_cltk_lemma"":false}]"
no_dictionary_match	jamin	PROPN	4	1	1	1	0	none	[]	0	unknown	False	"[{""form"":""jamin"",""corpus_occurrences"":4,""pilot_occurrences"":1,""ambiguous_cltk_lemma"":false}]"
no_dictionary_match	javan	NOUN	4	1	1	1	1	none	[]	0	unknown	False	"[{""form"":""javan"",""corpus_occurrences"":4,""pilot_occurrences"":1,""ambiguous_cltk_lemma"":true}]"
no_dictionary_match	javan	PROPN	4	1	1	1	1	none	[]	0	unknown	False	"[{""form"":""javan"",""corpus_occurrences"":4,""pilot_occurrences"":1,""ambiguous_cltk_lemma"":true}]"
no_dictionary_match	jecsan	NOUN	4	1	1	1	1	none	[]	0	unknown	False	"[{""form"":""jecsan"",""corpus_occurrences"":4,""pilot_occurrences"":1,""ambiguous_cltk_lemma"":true}]"
no_dictionary_match	jecso	VERB	4	1	1	1	1	none	[]	0	unknown	False	"[{""form"":""jecsan"",""corpus_occurrences"":4,""pilot_occurrences"":1,""ambiguous_cltk_lemma"":true}]"
no_dictionary_match	judo	VERB	4	1	1	1	0	none	[]	0	unknown	False	"[{""form"":""judith"",""corpus_occurrences"":4,""pilot_occurrences"":1,""ambiguous_cltk_lemma"":false}]"
no_dictionary_match	les	NOUN	4	1	1	1	0	none	[]	0	unknown	False	"[{""form"":""lem"",""corpus_occurrences"":4,""pilot_occurrences"":1,""ambiguous_cltk_lemma"":false}]"
no_dictionary_match	mamaea	PROPN	4	1	1	1	0	none	[]	0	unknown	False	"[{""form"":""mamaeae"",""corpus_occurrences"":4,""pilot_occurrences"":1,""ambiguous_cltk_lemma"":false}]"
no_dictionary_match	masma	PROPN	4	1	1	1	0	none	[]	0	unknown	False	"[{""form"":""masma"",""corpus_occurrences"":4,""pilot_occurrences"":1,""ambiguous_cltk_lemma"":false}]"
no_dictionary_match	onis	NOUN	4	1	1	1	0	none	[]	0	unknown	False	"[{""form"":""ones"",""corpus_occurrences"":4,""pilot_occurrences"":1,""ambiguous_cltk_lemma"":false}]"
no_dictionary_match	oronten	NOUN	4	1	1	1	0	none	[]	0	unknown	False	"[{""form"":""oronten"",""corpus_occurrences"":4,""pilot_occurrences"":1,""ambiguous_cltk_lemma"":false}]"
no_dictionary_match	otum	NOUN	4	1	1	1	0	none	[]	0	unknown	False	"[{""form"":""ota"",""corpus_occurrences"":4,""pilot_occurrences"":1,""ambiguous_cltk_lemma"":false}]"
no_dictionary_match	paronomasis	ADJ	4	1	1	1	0	none	[]	0	unknown	False	"[{""form"":""paronomasia"",""corpus_occurrences"":4,""pilot_occurrences"":1,""ambiguous_cltk_lemma"":false}]"
no_dictionary_match	phison	NOUN	4	1	1	1	0	none	[]	0	unknown	True	"[{""form"":""phison"",""corpus_occurrences"":4,""pilot_occurrences"":1,""ambiguous_cltk_lemma"":false}]"
no_dictionary_match	polycro	VERB	4	1	1	1	0	none	[]	0	unknown	False	"[{""form"":""polycraten"",""corpus_occurrences"":4,""pilot_occurrences"":1,""ambiguous_cltk_lemma"":false}]"
no_dictionary_match	putiphar	PROPN	4	1	1	1	0	none	[]	0	unknown	True	"[{""form"":""putiphar"",""corpus_occurrences"":4,""pilot_occurrences"":1,""ambiguous_cltk_lemma"":false}]"
no_dictionary_match	sabatuo	VERB	4	1	1	1	0	none	[]	0	unknown	False	"[{""form"":""sabatha"",""corpus_occurrences"":4,""pilot_occurrences"":1,""ambiguous_cltk_lemma"":false}]"
no_dictionary_match	sarug	NUM	4	1	1	1	1	none	[]	0	unknown	False	"[{""form"":""sarug"",""corpus_occurrences"":4,""pilot_occurrences"":1,""ambiguous_cltk_lemma"":true}]"
no_dictionary_match	saruga	NOUN	4	1	1	1	1	none	[]	0	unknown	False	"[{""form"":""sarug"",""corpus_occurrences"":4,""pilot_occurrences"":1,""ambiguous_cltk_lemma"":true}]"
no_dictionary_match	tavio	VERB	4	1	1	1	0	none	[]	0	unknown	False	"[{""form"":""tavit"",""corpus_occurrences"":4,""pilot_occurrences"":1,""ambiguous_cltk_lemma"":false}]"
no_dictionary_match	thogorma	NOUN	4	1	1	1	0	none	[]	0	unknown	True	"[{""form"":""thogorma"",""corpus_occurrences"":4,""pilot_occurrences"":1,""ambiguous_cltk_lemma"":false}]"
no_dictionary_match	threisus	ADJ	4	1	1	1	0	none	[]	0	unknown	False	"[{""form"":""threissa"",""corpus_occurrences"":4,""pilot_occurrences"":1,""ambiguous_cltk_lemma"":false}]"
no_dictionary_match	tran	X	4	1	1	1	0	none	[]	0	unknown	False	"[{""form"":""tran"",""corpus_occurrences"":4,""pilot_occurrences"":1,""ambiguous_cltk_lemma"":false}]"
no_dictionary_match	zelio	VERB	4	1	1	1	0	none	[]	0	unknown	False	"[{""form"":""zelpha"",""corpus_occurrences"":4,""pilot_occurrences"":1,""ambiguous_cltk_lemma"":false}]"
no_dictionary_match	aridelus	NOUN	3	3	1	3	0	none	[]	0	unknown	False	"[{""form"":""arideli"",""corpus_occurrences"":1,""pilot_occurrences"":1,""ambiguous_cltk_lemma"":false},{""form"":""aridelum"",""corpus_occurrences"":1,""pilot_occurrences"":1,""ambiguous_cltk_lemma"":false},{""form"":""aridelus"",""corpus_occurrences"":1,""pilot_occurrences"":1,""ambiguous_cltk_lemma"":false}]"
no_dictionary_match	aseno	VERB	3	3	2	1	0	none	[]	0	unknown	False	"[{""form"":""aseneth"",""corpus_occurrences"":3,""pilot_occurrences"":3,""ambiguous_cltk_lemma"":false}]"
no_dictionary_match	ephratus	NOUN	3	3	2	1	0	none	[]	0	unknown	False	"[{""form"":""ephratam"",""corpus_occurrences"":3,""pilot_occurrences"":3,""ambiguous_cltk_lemma"":false}]"
no_dictionary_match	heliopoleus	ADJ	3	3	2	1	0	none	[]	0	unknown	False	"[{""form"":""heliopoleos"",""corpus_occurrences"":3,""pilot_occurrences"":3,""ambiguous_cltk_lemma"":false}]"
no_dictionary_match	ihelon	PROPN	3	3	1	1	0	none	[]	0	unknown	False	"[{""form"":""ihelon"",""corpus_occurrences"":3,""pilot_occurrences"":3,""ambiguous_cltk_lemma"":false}]"
no_dictionary_match	phicol	NOUN	3	3	2	1	0	none	[]	0	unknown	False	"[{""form"":""phicol"",""corpus_occurrences"":3,""pilot_occurrences"":3,""ambiguous_cltk_lemma"":false}]"
no_dictionary_match	ebal	NOUN	3	2	2	1	0	none	[]	0	unknown	False	"[{""form"":""ebal"",""corpus_occurrences"":3,""pilot_occurrences"":2,""ambiguous_cltk_lemma"":false}]"
no_dictionary_match	faustinianus	ADJ	3	2	1	2	0	none	[]	0	unknown	True	"[{""form"":""faustinianum"",""corpus_occurrences"":2,""pilot_occurrences"":1,""ambiguous_cltk_lemma"":false},{""form"":""faustinianus"",""corpus_occurrences"":1,""pilot_occurrences"":1,""ambiguous_cltk_lemma"":false}]"
no_dictionary_match	prosykeus	NOUN	3	2	1	1	0	none	[]	0	unknown	False	"[{""form"":""prosykei"",""corpus_occurrences"":3,""pilot_occurrences"":2,""ambiguous_cltk_lemma"":false}]"
no_dictionary_match	zeleo	VERB	3	2	2	1	1	none	[]	0	unknown	False	"[{""form"":""zelphæ"",""corpus_occurrences"":3,""pilot_occurrences"":2,""ambiguous_cltk_lemma"":true}]"
no_dictionary_match	ahod	PROPN	3	1	1	1	0	none	[]	0	unknown	True	"[{""form"":""ahod"",""corpus_occurrences"":3,""pilot_occurrences"":1,""ambiguous_cltk_lemma"":false}]"
no_dictionary_match	asbel	PROPN	3	1	1	1	0	none	[]	0	unknown	False	"[{""form"":""asbel"",""corpus_occurrences"":3,""pilot_occurrences"":1,""ambiguous_cltk_lemma"":false}]"
no_dictionary_match	braduus	ADJ	3	1	1	1	0	none	[]	0	unknown	False	"[{""form"":""braduae"",""corpus_occurrences"":3,""pilot_occurrences"":1,""ambiguous_cltk_lemma"":false}]"
no_dictionary_match	calvisia	NOUN	3	1	1	1	0	none	[]	0	unknown	False	"[{""form"":""calvisii"",""corpus_occurrences"":3,""pilot_occurrences"":1,""ambiguous_cltk_lemma"":false}]"
no_dictionary_match	camuel	PROPN	3	1	1	1	0	none	[]	0	unknown	True	"[{""form"":""camuel"",""corpus_occurrences"":3,""pilot_occurrences"":1,""ambiguous_cltk_lemma"":false}]"
no_dictionary_match	cascellio	NOUN	3	1	1	1	0	none	[]	0	unknown	False	"[{""form"":""cascellio"",""corpus_occurrences"":3,""pilot_occurrences"":1,""ambiguous_cltk_lemma"":false}]"
no_dictionary_match	cleantha	PROPN	3	1	1	1	0	none	[]	0	unknown	False	"[{""form"":""cleanthis"",""corpus_occurrences"":3,""pilot_occurrences"":1,""ambiguous_cltk_lemma"":false}]"
no_dictionary_match	cretense	ADV	3	1	1	1	0	none	[]	0	unknown	False	"[{""form"":""cretense"",""corpus_occurrences"":3,""pilot_occurrences"":1,""ambiguous_cltk_lemma"":false}]"
no_dictionary_match	dianoius	ADJ	3	1	1	1	0	none	[]	0	unknown	False	"[{""form"":""dianoias"",""corpus_occurrences"":3,""pilot_occurrences"":1,""ambiguous_cltk_lemma"":false}]"
no_dictionary_match	duma	PROPN	3	1	1	1	0	none	[]	0	unknown	False	"[{""form"":""duma"",""corpus_occurrences"":3,""pilot_occurrences"":1,""ambiguous_cltk_lemma"":false}]"
no_dictionary_match	gyara	NOUN	3	1	1	1	0	none	[]	0	unknown	True	"[{""form"":""gyaris"",""corpus_occurrences"":3,""pilot_occurrences"":1,""ambiguous_cltk_lemma"":false}]"
no_dictionary_match	heroden	ADV	3	1	1	1	1	none	[]	0	unknown	False	"[{""form"":""heroden"",""corpus_occurrences"":3,""pilot_occurrences"":1,""ambiguous_cltk_lemma"":true}]"
no_dictionary_match	heroden	NOUN	3	1	1	1	1	none	[]	0	unknown	False	"[{""form"":""heroden"",""corpus_occurrences"":3,""pilot_occurrences"":1,""ambiguous_cltk_lemma"":true}]"
no_dictionary_match	hono	NOUN	3	1	1	1	0	none	[]	0	unknown	False	"[{""form"":""hono"",""corpus_occurrences"":3,""pilot_occurrences"":1,""ambiguous_cltk_lemma"":false}]"
no_dictionary_match	iono	VERB	3	1	1	1	0	none	[]	0	unknown	False	"[{""form"":""iopas"",""corpus_occurrences"":3,""pilot_occurrences"":1,""ambiguous_cltk_lemma"":false}]"
no_dictionary_match	jasio	VERB	3	1	1	1	0	none	[]	0	unknown	False	"[{""form"":""jasiel"",""corpus_occurrences"":3,""pilot_occurrences"":1,""ambiguous_cltk_lemma"":false}]"
no_dictionary_match	jesua	NOUN	3	1	1	1	0	none	[]	0	unknown	False	"[{""form"":""jesua"",""corpus_occurrences"":3,""pilot_occurrences"":1,""ambiguous_cltk_lemma"":false}]"
no_dictionary_match	maecenatia	NOUN	3	1	1	1	0	none	[]	0	unknown	False	"[{""form"":""maecenatianos"",""corpus_occurrences"":3,""pilot_occurrences"":1,""ambiguous_cltk_lemma"":false}]"
no_dictionary_match	melchiela	NOUN	3	1	1	1	0	none	[]	0	unknown	False	"[{""form"":""melchiel"",""corpus_occurrences"":3,""pilot_occurrences"":1,""ambiguous_cltk_lemma"":false}]"
no_dictionary_match	napha	NOUN	3	1	1	1	0	none	[]	0	unknown	False	"[{""form"":""naphis"",""corpus_occurrences"":3,""pilot_occurrences"":1,""ambiguous_cltk_lemma"":false}]"
no_dictionary_match	oiles	NOUN	3	1	1	1	0	none	[]	0	unknown	False	"[{""form"":""oilei"",""corpus_occurrences"":3,""pilot_occurrences"":1,""ambiguous_cltk_lemma"":false}]"
no_dictionary_match	opher	PROPN	3	1	1	1	0	none	[]	0	unknown	False	"[{""form"":""opher"",""corpus_occurrences"":3,""pilot_occurrences"":1,""ambiguous_cltk_lemma"":false}]"
no_dictionary_match	papirium	PROPN	3	1	1	1	0	none	[]	0	unknown	False	"[{""form"":""papirii"",""corpus_occurrences"":3,""pilot_occurrences"":1,""ambiguous_cltk_lemma"":false}]"
no_dictionary_match	quen	NOUN	3	1	1	1	1	none	[]	0	unknown	False	"[{""form"":""quen"",""corpus_occurrences"":3,""pilot_occurrences"":1,""ambiguous_cltk_lemma"":true}]"
no_dictionary_match	rachelus	NOUN	3	1	1	1	0	none	[]	0	unknown	False	"[{""form"":""racheli"",""corpus_occurrences"":3,""pilot_occurrences"":1,""ambiguous_cltk_lemma"":false}]"
no_dictionary_match	rauracis	PART	3	1	1	1	0	none	[]	0	unknown	False	"[{""form"":""rauracis"",""corpus_occurrences"":3,""pilot_occurrences"":1,""ambiguous_cltk_lemma"":false}]"
no_dictionary_match	rauracus	NOUN	3	1	1	1	0	none	[]	0	unknown	False	"[{""form"":""rauracorum"",""corpus_occurrences"":3,""pilot_occurrences"":1,""ambiguous_cltk_lemma"":false}]"
no_dictionary_match	riphath	PROPN	3	1	1	1	0	none	[]	0	unknown	False	"[{""form"":""riphath"",""corpus_occurrences"":3,""pilot_occurrences"":1,""ambiguous_cltk_lemma"":false}]"
no_dictionary_match	sared	PROPN	3	1	1	1	0	none	[]	0	unknown	False	"[{""form"":""sared"",""corpus_occurrences"":3,""pilot_occurrences"":1,""ambiguous_cltk_lemma"":false}]"
no_dictionary_match	semla	NOUN	3	1	1	1	0	none	[]	0	unknown	False	"[{""form"":""semla"",""corpus_occurrences"":3,""pilot_occurrences"":1,""ambiguous_cltk_lemma"":false}]"
no_dictionary_match	sohaemo	VERB	3	1	1	1	0	none	[]	0	unknown	False	"[{""form"":""sohaemo"",""corpus_occurrences"":3,""pilot_occurrences"":1,""ambiguous_cltk_lemma"":false}]"
no_dictionary_match	therso	VERB	3	1	1	1	0	none	[]	0	unknown	False	"[{""form"":""thersitae"",""corpus_occurrences"":3,""pilot_occurrences"":1,""ambiguous_cltk_lemma"":false}]"
no_dictionary_match	thrasymachus	NOUN	3	1	1	1	0	none	[]	0	unknown	False	"[{""form"":""thrasymachum"",""corpus_occurrences"":3,""pilot_occurrences"":1,""ambiguous_cltk_lemma"":false}]"
no_dictionary_match	tydido	VERB	3	1	1	1	0	none	[]	0	unknown	False	"[{""form"":""tydide"",""corpus_occurrences"":3,""pilot_occurrences"":1,""ambiguous_cltk_lemma"":false}]"
no_dictionary_match	uin	NUM	3	1	1	1	0	none	[]	0	unknown	False	"[{""form"":""uin"",""corpus_occurrences"":3,""pilot_occurrences"":1,""ambiguous_cltk_lemma"":false}]"
no_dictionary_match	amrapheo	VERB	2	2	1	1	0	none	[]	0	unknown	False	"[{""form"":""amraphel"",""corpus_occurrences"":2,""pilot_occurrences"":2,""ambiguous_cltk_lemma"":false}]"
no_dictionary_match	arioch	PROPN	2	2	1	1	0	none	[]	0	unknown	False	"[{""form"":""arioch"",""corpus_occurrences"":2,""pilot_occurrences"":2,""ambiguous_cltk_lemma"":false}]"
no_dictionary_match	baburianus	ADJ	2	2	1	1	0	none	[]	0	unknown	False	"[{""form"":""baburianae"",""corpus_occurrences"":2,""pilot_occurrences"":2,""ambiguous_cltk_lemma"":false}]"
no_dictionary_match	elamitum	NOUN	2	2	1	1	0	none	[]	0	unknown	False	"[{""form"":""elamitarum"",""corpus_occurrences"":2,""pilot_occurrences"":2,""ambiguous_cltk_lemma"":false}]"
no_dictionary_match	intelligibilitas	NOUN	2	2	1	1	0	none	[]	0	unknown	False	"[{""form"":""intelligibilitatem"",""corpus_occurrences"":2,""pilot_occurrences"":2,""ambiguous_cltk_lemma"":false}]"
no_dictionary_match	iura	NOUN	2	2	1	1	0	none	[]	0	unknown	False	"[{""form"":""iuram"",""corpus_occurrences"":2,""pilot_occurrences"":2,""ambiguous_cltk_lemma"":false}]"
no_dictionary_match	latobrigus	NOUN	2	2	1	2	0	none	[]	0	unknown	False	"[{""form"":""latobrigorum"",""corpus_occurrences"":1,""pilot_occurrences"":1,""ambiguous_cltk_lemma"":false},{""form"":""latobrigos"",""corpus_occurrences"":1,""pilot_occurrences"":1,""ambiguous_cltk_lemma"":false}]"
no_dictionary_match	poiyteon	ADV	2	2	1	1	0	none	[]	0	unknown	False	"[{""form"":""poiyteon"",""corpus_occurrences"":2,""pilot_occurrences"":2,""ambiguous_cltk_lemma"":false}]"
no_dictionary_match	sav	NOUN	2	2	1	1	0	none	[]	0	unknown	False	"[{""form"":""save"",""corpus_occurrences"":2,""pilot_occurrences"":2,""ambiguous_cltk_lemma"":false}]"
no_dictionary_match	seor	PROPN	2	2	2	1	0	none	[]	0	unknown	False	"[{""form"":""seor"",""corpus_occurrences"":2,""pilot_occurrences"":2,""ambiguous_cltk_lemma"":false}]"
no_dictionary_match	thadal	NOUN	2	2	1	1	0	none	[]	0	unknown	False	"[{""form"":""thadal"",""corpus_occurrences"":2,""pilot_occurrences"":2,""ambiguous_cltk_lemma"":false}]"
no_dictionary_match	tubalcain	NOUN	2	2	1	1	0	none	[]	0	unknown	True	"[{""form"":""tubalcain"",""corpus_occurrences"":2,""pilot_occurrences"":2,""ambiguous_cltk_lemma"":false}]"
no_dictionary_match	zelpha	NOUN	2	2	2	1	0	none	[]	0	unknown	False	"[{""form"":""zelpham"",""corpus_occurrences"":2,""pilot_occurrences"":2,""ambiguous_cltk_lemma"":false}]"
no_dictionary_match	adbeo	VERB	2	1	1	1	0	none	[]	0	unknown	False	"[{""form"":""adbeel"",""corpus_occurrences"":2,""pilot_occurrences"":1,""ambiguous_cltk_lemma"":false}]"
no_dictionary_match	anam	PROPN	2	1	1	1	0	none	[]	0	unknown	False	"[{""form"":""anamim"",""corpus_occurrences"":2,""pilot_occurrences"":1,""ambiguous_cltk_lemma"":false}]"
no_dictionary_match	antistheus	NOUN	2	1	1	1	0	none	[]	0	unknown	False	"[{""form"":""antisthenis"",""corpus_occurrences"":2,""pilot_occurrences"":1,""ambiguous_cltk_lemma"":false}]"
no_dictionary_match	anvrwpous	NOUN	2	1	1	1	0	none	[]	0	unknown	False	"[{""form"":""anvrwpous"",""corpus_occurrences"":2,""pilot_occurrences"":1,""ambiguous_cltk_lemma"":false}]"
no_dictionary_match	anvrwpwn	NOUN	2	1	1	1	0	none	[]	0	unknown	False	"[{""form"":""anvrwpwn"",""corpus_occurrences"":2,""pilot_occurrences"":1,""ambiguous_cltk_lemma"":false}]"
no_dictionary_match	aracaea	NOUN	2	1	1	1	0	none	[]	0	unknown	False	"[{""form"":""aracæum"",""corpus_occurrences"":2,""pilot_occurrences"":1,""ambiguous_cltk_lemma"":false}]"
no_dictionary_match	arbe	PROPN	2	1	1	1	1	none	[]	0	unknown	False	"[{""form"":""arbee"",""corpus_occurrences"":2,""pilot_occurrences"":1,""ambiguous_cltk_lemma"":true}]"
no_dictionary_match	arbex	NOUN	2	1	1	1	1	none	[]	0	unknown	False	"[{""form"":""arbee"",""corpus_occurrences"":2,""pilot_occurrences"":1,""ambiguous_cltk_lemma"":true}]"
no_dictionary_match	argrum	NOUN	2	1	1	1	0	none	[]	0	unknown	False	"[{""form"":""argivom"",""corpus_occurrences"":2,""pilot_occurrences"":1,""ambiguous_cltk_lemma"":false}]"
no_dictionary_match	arxonta	NOUN	2	1	1	1	0	none	[]	0	unknown	False	"[{""form"":""arxonta"",""corpus_occurrences"":2,""pilot_occurrences"":1,""ambiguous_cltk_lemma"":false}]"
no_dictionary_match	asarmo	VERB	2	1	1	1	0	none	[]	0	unknown	False	"[{""form"":""asarmoth"",""corpus_occurrences"":2,""pilot_occurrences"":1,""ambiguous_cltk_lemma"":false}]"
no_dictionary_match	asasontharis	NOUN	2	1	1	1	0	none	[]	0	unknown	False	"[{""form"":""asasonthamar"",""corpus_occurrences"":2,""pilot_occurrences"":1,""ambiguous_cltk_lemma"":false}]"
no_dictionary_match	ascenio	VERB	2	1	1	1	0	none	[]	0	unknown	False	"[{""form"":""ascenez"",""corpus_occurrences"":2,""pilot_occurrences"":1,""ambiguous_cltk_lemma"":false}]"
no_dictionary_match	assurus	ADJ	2	1	1	1	0	none	[]	0	unknown	False	"[{""form"":""assurim"",""corpus_occurrences"":2,""pilot_occurrences"":1,""ambiguous_cltk_lemma"":false}]"
no_dictionary_match	avicebron	NOUN	2	1	1	1	0	none	[]	0	unknown	False	"[{""form"":""avicebron"",""corpus_occurrences"":2,""pilot_occurrences"":1,""ambiguous_cltk_lemma"":false}]"
no_dictionary_match	avithus	NOUN	2	1	1	1	0	none	[]	0	unknown	False	"[{""form"":""avith"",""corpus_occurrences"":2,""pilot_occurrences"":1,""ambiguous_cltk_lemma"":false}]"
no_dictionary_match	badad	NOUN	2	1	1	1	0	none	[]	0	unknown	False	"[{""form"":""badad"",""corpus_occurrences"":2,""pilot_occurrences"":1,""ambiguous_cltk_lemma"":false}]"
no_dictionary_match	balaan	NOUN	2	1	1	1	0	none	[]	0	unknown	True	"[{""form"":""balaan"",""corpus_occurrences"":2,""pilot_occurrences"":1,""ambiguous_cltk_lemma"":false}]"
no_dictionary_match	balananus	ADJ	2	1	1	1	0	none	[]	0	unknown	False	"[{""form"":""balanan"",""corpus_occurrences"":2,""pilot_occurrences"":1,""ambiguous_cltk_lemma"":false}]"
no_dictionary_match	bithynus	ADJ	2	1	1	1	0	none	[]	0	unknown	True	"[{""form"":""bithyna"",""corpus_occurrences"":2,""pilot_occurrences"":1,""ambiguous_cltk_lemma"":false}]"
no_dictionary_match	caphor	NOUN	2	1	1	1	0	none	[]	0	unknown	False	"[{""form"":""caphtorim"",""corpus_occurrences"":2,""pilot_occurrences"":1,""ambiguous_cltk_lemma"":false}]"
no_dictionary_match	caturis	NOUN	2	1	1	1	0	none	[]	0	unknown	False	"[{""form"":""caturiges"",""corpus_occurrences"":2,""pilot_occurrences"":1,""ambiguous_cltk_lemma"":false}]"
no_dictionary_match	cedma	NOUN	2	1	1	1	0	none	[]	0	unknown	False	"[{""form"":""cedma"",""corpus_occurrences"":2,""pilot_occurrences"":1,""ambiguous_cltk_lemma"":false}]"
no_dictionary_match	cenezaeus	NOUN	2	1	1	1	0	none	[]	0	unknown	True	"[{""form"":""cenezaeos"",""corpus_occurrences"":2,""pilot_occurrences"":1,""ambiguous_cltk_lemma"":false}]"
no_dictionary_match	declo	VERB	2	1	1	1	0	none	[]	0	unknown	False	"[{""form"":""decla"",""corpus_occurrences"":2,""pilot_occurrences"":1,""ambiguous_cltk_lemma"":false}]"
no_dictionary_match	denaba	PROPN	2	1	1	1	0	none	[]	0	unknown	True	"[{""form"":""denaba"",""corpus_occurrences"":2,""pilot_occurrences"":1,""ambiguous_cltk_lemma"":false}]"
no_dictionary_match	egregum	NOUN	2	1	1	1	0	none	[]	0	unknown	False	"[{""form"":""egregi"",""corpus_occurrences"":2,""pilot_occurrences"":1,""ambiguous_cltk_lemma"":false}]"
no_dictionary_match	eldaus	NOUN	2	1	1	1	0	none	[]	0	unknown	False	"[{""form"":""eldaa"",""corpus_occurrences"":2,""pilot_occurrences"":1,""ambiguous_cltk_lemma"":false}]"
no_dictionary_match	elmodus	ADJ	2	1	1	1	0	none	[]	0	unknown	False	"[{""form"":""elmodad"",""corpus_occurrences"":2,""pilot_occurrences"":1,""ambiguous_cltk_lemma"":false}]"
no_dictionary_match	emptitium	NOUN	2	1	1	1	0	none	[]	0	unknown	False	"[{""form"":""emptitii"",""corpus_occurrences"":2,""pilot_occurrences"":1,""ambiguous_cltk_lemma"":false}]"
no_dictionary_match	exceri	X	2	1	1	1	0	none	[]	0	unknown	False	"[{""form"":""excere"",""corpus_occurrences"":2,""pilot_occurrences"":1,""ambiguous_cltk_lemma"":false}]"
no_dictionary_match	gatho	VERB	2	1	1	1	0	none	[]	0	unknown	False	"[{""form"":""gathan"",""corpus_occurrences"":2,""pilot_occurrences"":1,""ambiguous_cltk_lemma"":false}]"
no_dictionary_match	gno	VERB	2	1	1	1	0	none	[]	0	unknown	False	"[{""form"":""gnomas"",""corpus_occurrences"":2,""pilot_occurrences"":1,""ambiguous_cltk_lemma"":false}]"
no_dictionary_match	gomorrex	NOUN	2	1	1	1	0	none	[]	0	unknown	False	"[{""form"":""gomorrhæ"",""corpus_occurrences"":2,""pilot_occurrences"":1,""ambiguous_cltk_lemma"":false}]"
no_dictionary_match	hapa	NUM	2	1	1	1	0	none	[]	0	unknown	False	"[{""form"":""hapac"",""corpus_occurrences"":2,""pilot_occurrences"":1,""ambiguous_cltk_lemma"":false}]"
no_dictionary_match	hapo	VERB	2	1	1	1	0	none	[]	0	unknown	False	"[{""form"":""hapasi"",""corpus_occurrences"":2,""pilot_occurrences"":1,""ambiguous_cltk_lemma"":false}]"
no_dictionary_match	harpalyx	NOUN	2	1	1	1	0	none	[]	0	unknown	False	"[{""form"":""harpalyce"",""corpus_occurrences"":2,""pilot_occurrences"":1,""ambiguous_cltk_lemma"":false}]"
no_dictionary_match	hermodus	NOUN	2	1	1	1	0	none	[]	0	unknown	False	"[{""form"":""hermodorum"",""corpus_occurrences"":2,""pilot_occurrences"":1,""ambiguous_cltk_lemma"":false}]"
no_dictionary_match	hryton	ADP	2	1	1	1	0	none	[]	0	unknown	False	"[{""form"":""hryton"",""corpus_occurrences"":2,""pilot_occurrences"":1,""ambiguous_cltk_lemma"":false}]"
no_dictionary_match	hul	PROPN	2	1	1	1	0	none	[]	0	unknown	False	"[{""form"":""hul"",""corpus_occurrences"":2,""pilot_occurrences"":1,""ambiguous_cltk_lemma"":false}]"
no_dictionary_match	iebusaeus	NOUN	2	1	1	1	0	none	[]	0	unknown	False	"[{""form"":""iebusaeos"",""corpus_occurrences"":2,""pilot_occurrences"":1,""ambiguous_cltk_lemma"":false}]"
no_dictionary_match	jesbo	VERB	2	1	1	1	0	none	[]	0	unknown	False	"[{""form"":""jesboc"",""corpus_occurrences"":2,""pilot_occurrences"":1,""ambiguous_cltk_lemma"":false}]"
no_dictionary_match	jeser	NOUN	2	1	1	1	0	none	[]	0	unknown	False	"[{""form"":""jeser"",""corpus_occurrences"":2,""pilot_occurrences"":1,""ambiguous_cltk_lemma"":false}]"
no_dictionary_match	laabus	PROPN	2	1	1	1	0	none	[]	0	unknown	False	"[{""form"":""laabim"",""corpus_occurrences"":2,""pilot_occurrences"":1,""ambiguous_cltk_lemma"":false}]"
no_dictionary_match	mabsa	PROPN	2	1	1	1	0	none	[]	0	unknown	False	"[{""form"":""mabsam"",""corpus_occurrences"":2,""pilot_occurrences"":1,""ambiguous_cltk_lemma"":false}]"
no_dictionary_match	mabsar	PROPN	2	1	1	1	0	none	[]	0	unknown	False	"[{""form"":""mabsar"",""corpus_occurrences"":2,""pilot_occurrences"":1,""ambiguous_cltk_lemma"":false}]"
no_dictionary_match	madan	PROPN	2	1	1	1	0	none	[]	0	unknown	False	"[{""form"":""madan"",""corpus_occurrences"":2,""pilot_occurrences"":1,""ambiguous_cltk_lemma"":false}]"
no_dictionary_match	magdio	VERB	2	1	1	1	0	none	[]	0	unknown	False	"[{""form"":""magdiel"",""corpus_occurrences"":2,""pilot_occurrences"":1,""ambiguous_cltk_lemma"":false}]"
no_dictionary_match	masreca	NOUN	2	1	1	1	0	none	[]	0	unknown	True	"[{""form"":""masreca"",""corpus_occurrences"":2,""pilot_occurrences"":1,""ambiguous_cltk_lemma"":false}]"
no_dictionary_match	matres	NOUN	2	1	1	1	0	none	[]	0	unknown	False	"[{""form"":""matred"",""corpus_occurrences"":2,""pilot_occurrences"":1,""ambiguous_cltk_lemma"":false}]"
no_dictionary_match	meetabel	ADJ	2	1	1	1	0	none	[]	0	unknown	True	"[{""form"":""meetabel"",""corpus_occurrences"":2,""pilot_occurrences"":1,""ambiguous_cltk_lemma"":false}]"
no_dictionary_match	mezaaba	NOUN	2	1	1	1	0	none	[]	0	unknown	False	"[{""form"":""mezaab"",""corpus_occurrences"":2,""pilot_occurrences"":1,""ambiguous_cltk_lemma"":false}]"
no_dictionary_match	nician	NOUN	2	1	1	1	0	none	[]	0	unknown	False	"[{""form"":""nician"",""corpus_occurrences"":2,""pilot_occurrences"":1,""ambiguous_cltk_lemma"":false}]"
no_dictionary_match	ninina	NOUN	2	1	1	1	0	none	[]	0	unknown	False	"[{""form"":""nin"",""corpus_occurrences"":2,""pilot_occurrences"":1,""ambiguous_cltk_lemma"":false}]"
no_dictionary_match	nius	X	2	1	1	1	0	none	[]	0	unknown	False	"[{""form"":""nius"",""corpus_occurrences"":2,""pilot_occurrences"":1,""ambiguous_cltk_lemma"":false}]"
no_dictionary_match	nomoveta	NOUN	2	1	1	1	0	none	[]	0	unknown	False	"[{""form"":""nomovetai"",""corpus_occurrences"":2,""pilot_occurrences"":1,""ambiguous_cltk_lemma"":false}]"
no_dictionary_match	omar	PROPN	2	1	1	1	0	none	[]	0	unknown	False	"[{""form"":""omar"",""corpus_occurrences"":2,""pilot_occurrences"":1,""ambiguous_cltk_lemma"":false}]"
no_dictionary_match	parabainous	ADJ	2	1	1	1	0	none	[]	0	unknown	False	"[{""form"":""parabainousin"",""corpus_occurrences"":2,""pilot_occurrences"":1,""ambiguous_cltk_lemma"":false}]"
no_dictionary_match	pess	NUM	2	1	1	1	0	none	[]	0	unknown	False	"[{""form"":""pess"",""corpus_occurrences"":2,""pilot_occurrences"":1,""ambiguous_cltk_lemma"":false}]"
no_dictionary_match	phau	PROPN	2	1	1	1	0	none	[]	0	unknown	False	"[{""form"":""phau"",""corpus_occurrences"":2,""pilot_occurrences"":1,""ambiguous_cltk_lemma"":false}]"
no_dictionary_match	pherezaeus	NOUN	2	1	1	1	0	none	[]	0	unknown	True	"[{""form"":""pherezaeos"",""corpus_occurrences"":2,""pilot_occurrences"":1,""ambiguous_cltk_lemma"":false}]"
no_dictionary_match	phetrus	NOUN	2	1	1	1	0	none	[]	0	unknown	False	"[{""form"":""phetrusim"",""corpus_occurrences"":2,""pilot_occurrences"":1,""ambiguous_cltk_lemma"":false}]"
no_dictionary_match	phinon	NOUN	2	1	1	1	0	none	[]	0	unknown	False	"[{""form"":""phinon"",""corpus_occurrences"":2,""pilot_occurrences"":1,""ambiguous_cltk_lemma"":false}]"
no_dictionary_match	pragmatwn	NOUN	2	1	1	1	0	none	[]	0	unknown	False	"[{""form"":""pragmatwn"",""corpus_occurrences"":2,""pilot_occurrences"":1,""ambiguous_cltk_lemma"":false}]"
no_dictionary_match	quartinus	NOUN	2	1	1	1	0	none	[]	0	unknown	False	"[{""form"":""quartino"",""corpus_occurrences"":2,""pilot_occurrences"":1,""ambiguous_cltk_lemma"":false}]"
no_dictionary_match	rametto	VERB	2	1	1	1	0	none	[]	0	unknown	False	"[{""form"":""ramesses"",""corpus_occurrences"":2,""pilot_occurrences"":1,""ambiguous_cltk_lemma"":false}]"
no_dictionary_match	rohobothas	NOUN	2	1	1	1	0	none	[]	0	unknown	False	"[{""form"":""rohoboth"",""corpus_occurrences"":2,""pilot_occurrences"":1,""ambiguous_cltk_lemma"":false}]"
no_dictionary_match	saleo	VERB	2	1	1	1	0	none	[]	0	unknown	False	"[{""form"":""saleph"",""corpus_occurrences"":2,""pilot_occurrences"":1,""ambiguous_cltk_lemma"":false}]"
no_dictionary_match	samaraea	NOUN	2	1	1	1	0	none	[]	0	unknown	False	"[{""form"":""samaræum"",""corpus_occurrences"":2,""pilot_occurrences"":1,""ambiguous_cltk_lemma"":false}]"
no_dictionary_match	sichima	NOUN	2	1	1	1	0	none	[]	0	unknown	True	"[{""form"":""sichimis"",""corpus_occurrences"":2,""pilot_occurrences"":1,""ambiguous_cltk_lemma"":false}]"
no_dictionary_match	sofon	NOUN	2	1	1	1	0	none	[]	0	unknown	False	"[{""form"":""sofon"",""corpus_occurrences"":2,""pilot_occurrences"":1,""ambiguous_cltk_lemma"":false}]"
no_dictionary_match	sunus	PROPN	2	1	1	1	0	none	[]	0	unknown	False	"[{""form"":""suni"",""corpus_occurrences"":2,""pilot_occurrences"":1,""ambiguous_cltk_lemma"":false}]"
no_dictionary_match	tiburtinus	ADJ	2	1	1	1	0	none	[]	0	unknown	True	"[{""form"":""tiburtinum"",""corpus_occurrences"":2,""pilot_occurrences"":1,""ambiguous_cltk_lemma"":false}]"
no_dictionary_match	timocras	NOUN	2	1	1	1	0	none	[]	0	unknown	False	"[{""form"":""timocrates"",""corpus_occurrences"":2,""pilot_occurrences"":1,""ambiguous_cltk_lemma"":false}]"
no_dictionary_match	tolosatius	ADJ	2	1	1	1	0	none	[]	0	unknown	False	"[{""form"":""tolosatium"",""corpus_occurrences"":2,""pilot_occurrences"":1,""ambiguous_cltk_lemma"":false}]"
no_dictionary_match	tolus	NOUN	2	1	1	1	0	none	[]	0	unknown	False	"[{""form"":""tolutim"",""corpus_occurrences"":2,""pilot_occurrences"":1,""ambiguous_cltk_lemma"":false}]"
no_dictionary_match	trum	ADP	2	1	1	1	0	none	[]	0	unknown	False	"[{""form"":""trum"",""corpus_occurrences"":2,""pilot_occurrences"":1,""ambiguous_cltk_lemma"":false}]"
no_dictionary_match	veou	NUM	2	1	1	1	0	none	[]	0	unknown	False	"[{""form"":""veou"",""corpus_occurrences"":2,""pilot_occurrences"":1,""ambiguous_cltk_lemma"":false}]"
no_dictionary_match	xero	VERB	2	1	1	1	0	none	[]	0	unknown	False	"[{""form"":""xerat"",""corpus_occurrences"":2,""pilot_occurrences"":1,""ambiguous_cltk_lemma"":false}]"
no_dictionary_match	zamran	NOUN	2	1	1	1	0	none	[]	0	unknown	False	"[{""form"":""zamran"",""corpus_occurrences"":2,""pilot_occurrences"":1,""ambiguous_cltk_lemma"":false}]"
no_dictionary_match	zarae	NOUN	2	1	1	1	0	none	[]	0	unknown	False	"[{""form"":""zaræ"",""corpus_occurrences"":2,""pilot_occurrences"":1,""ambiguous_cltk_lemma"":false}]"
no_dictionary_match	zavo	VERB	2	1	1	1	0	none	[]	0	unknown	False	"[{""form"":""zavan"",""corpus_occurrences"":2,""pilot_occurrences"":1,""ambiguous_cltk_lemma"":false}]"
no_dictionary_match	abfuo	VERB	1	1	1	1	0	none	[]	0	unknown	False	"[{""form"":""abfuat"",""corpus_occurrences"":1,""pilot_occurrences"":1,""ambiguous_cltk_lemma"":false}]"
no_dictionary_match	aburne	ADV	1	1	1	1	0	none	[]	0	unknown	False	"[{""form"":""aburnius"",""corpus_occurrences"":1,""pilot_occurrences"":1,""ambiguous_cltk_lemma"":false}]"
no_dictionary_match	acha	NOUN	1	1	1	1	0	none	[]	0	unknown	False	"[{""form"":""achad"",""corpus_occurrences"":1,""pilot_occurrences"":1,""ambiguous_cltk_lemma"":false}]"
no_dictionary_match	adiko	VERB	1	1	1	1	0	none	[]	0	unknown	False	"[{""form"":""adikwn"",""corpus_occurrences"":1,""pilot_occurrences"":1,""ambiguous_cltk_lemma"":false}]"
no_dictionary_match	aduletsiaexexes	ADJ	1	1	1	1	0	none	[]	0	unknown	False	"[{""form"":""aduletsiaexesalul"",""corpus_occurrences"":1,""pilot_occurrences"":1,""ambiguous_cltk_lemma"":false}]"
no_dictionary_match	aeterus	ADJ	1	1	1	1	0	none	[]	0	unknown	False	"[{""form"":""aeteram"",""corpus_occurrences"":1,""pilot_occurrences"":1,""ambiguous_cltk_lemma"":false}]"
no_dictionary_match	agel	NOUN	1	1	1	1	0	none	[]	0	unknown	False	"[{""form"":""agel"",""corpus_occurrences"":1,""pilot_occurrences"":1,""ambiguous_cltk_lemma"":false}]"
no_dictionary_match	agrafo	NOUN	1	1	1	1	0	none	[]	0	unknown	False	"[{""form"":""agrafoi"",""corpus_occurrences"":1,""pilot_occurrences"":1,""ambiguous_cltk_lemma"":false}]"
no_dictionary_match	ahus	NOUN	1	1	1	1	0	none	[]	0	unknown	False	"[{""form"":""ahud"",""corpus_occurrences"":1,""pilot_occurrences"":1,""ambiguous_cltk_lemma"":false}]"
no_dictionary_match	aimicus	NOUN	1	1	1	1	0	none	[]	0	unknown	False	"[{""form"":""aimici"",""corpus_occurrences"":1,""pilot_occurrences"":1,""ambiguous_cltk_lemma"":false}]"
no_dictionary_match	aisxrwn	NOUN	1	1	1	1	0	none	[]	0	unknown	False	"[{""form"":""aisxrwn"",""corpus_occurrences"":1,""pilot_occurrences"":1,""ambiguous_cltk_lemma"":false}]"
no_dictionary_match	akousiwnus	NOUN	1	1	1	1	0	none	[]	0	unknown	False	"[{""form"":""akousiwn"",""corpus_occurrences"":1,""pilot_occurrences"":1,""ambiguous_cltk_lemma"":false}]"
no_dictionary_match	als	NOUN	1	1	1	1	0	none	[]	0	unknown	False	"[{""form"":""als"",""corpus_occurrences"":1,""pilot_occurrences"":1,""ambiguous_cltk_lemma"":false}]"
no_dictionary_match	alvan	PROPN	1	1	1	1	0	none	[]	0	unknown	False	"[{""form"":""alvan"",""corpus_occurrences"":1,""pilot_occurrences"":1,""ambiguous_cltk_lemma"":false}]"
no_dictionary_match	amathex	NOUN	1	1	1	1	0	none	[]	0	unknown	False	"[{""form"":""amathæum"",""corpus_occurrences"":1,""pilot_occurrences"":1,""ambiguous_cltk_lemma"":false}]"
no_dictionary_match	anvrwpinwo	NOUN	1	1	1	1	0	none	[]	0	unknown	False	"[{""form"":""anvrwpinwn"",""corpus_occurrences"":1,""pilot_occurrences"":1,""ambiguous_cltk_lemma"":false}]"
no_dictionary_match	apagoreutikoni	ADJ	1	1	1	1	0	none	[]	0	unknown	False	"[{""form"":""apagoreutikon"",""corpus_occurrences"":1,""pilot_occurrences"":1,""ambiguous_cltk_lemma"":false}]"
no_dictionary_match	arelis	NOUN	1	1	1	1	0	none	[]	0	unknown	False	"[{""form"":""areli"",""corpus_occurrences"":1,""pilot_occurrences"":1,""ambiguous_cltk_lemma"":false}]"
no_dictionary_match	argis	X	1	1	1	1	0	none	[]	0	unknown	False	"[{""form"":""argīs"",""corpus_occurrences"":1,""pilot_occurrences"":1,""ambiguous_cltk_lemma"":false}]"
no_dictionary_match	astarothcarnus	ADJ	1	1	1	1	0	none	[]	0	unknown	False	"[{""form"":""astarothcarnaim"",""corpus_occurrences"":1,""pilot_occurrences"":1,""ambiguous_cltk_lemma"":false}]"
no_dictionary_match	atero	VERB	1	1	1	1	0	none	[]	0	unknown	False	"[{""form"":""aterrid"",""corpus_occurrences"":1,""pilot_occurrences"":1,""ambiguous_cltk_lemma"":false}]"
no_dictionary_match	athenodo	NOUN	1	1	1	1	0	none	[]	0	unknown	False	"[{""form"":""athenodoto"",""corpus_occurrences"":1,""pilot_occurrences"":1,""ambiguous_cltk_lemma"":false}]"
no_dictionary_match	atmquo	VERB	1	1	1	1	0	none	[]	0	unknown	False	"[{""form"":""atmqu"",""corpus_occurrences"":1,""pilot_occurrences"":1,""ambiguous_cltk_lemma"":false}]"
no_dictionary_match	auqae	ADV	1	1	1	1	0	none	[]	0	unknown	False	"[{""form"":""auqae"",""corpus_occurrences"":1,""pilot_occurrences"":1,""ambiguous_cltk_lemma"":false}]"
no_dictionary_match	ausgo	NOUN	1	1	1	1	0	none	[]	0	unknown	False	"[{""form"":""ausgonis"",""corpus_occurrences"":1,""pilot_occurrences"":1,""ambiguous_cltk_lemma"":false}]"
no_dictionary_match	ausredeo	VERB	1	1	1	1	0	none	[]	0	unknown	False	"[{""form"":""ausrede"",""corpus_occurrences"":1,""pilot_occurrences"":1,""ambiguous_cltk_lemma"":false}]"
no_dictionary_match	axercitus	NOUN	1	1	1	1	0	none	[]	0	unknown	False	"[{""form"":""axercitum"",""corpus_occurrences"":1,""pilot_occurrences"":1,""ambiguous_cltk_lemma"":false}]"
no_dictionary_match	azo	VERB	1	1	1	1	0	none	[]	0	unknown	False	"[{""form"":""azau"",""corpus_occurrences"":1,""pilot_occurrences"":1,""ambiguous_cltk_lemma"":false}]"
no_dictionary_match	baradus	NOUN	1	1	1	1	0	none	[]	0	unknown	False	"[{""form"":""barad"",""corpus_occurrences"":1,""pilot_occurrences"":1,""ambiguous_cltk_lemma"":false}]"
no_dictionary_match	beglego	VERB	1	1	1	1	0	none	[]	0	unknown	False	"[{""form"":""beglegeremus"",""corpus_occurrences"":1,""pilot_occurrences"":1,""ambiguous_cltk_lemma"":false}]"
no_dictionary_match	bellqiue	ADV	1	1	1	1	0	none	[]	0	unknown	False	"[{""form"":""bellqiue"",""corpus_occurrences"":1,""pilot_occurrences"":1,""ambiguous_cltk_lemma"":false}]"
no_dictionary_match	benomus	NOUN	1	1	1	1	0	none	[]	0	unknown	False	"[{""form"":""benomi"",""corpus_occurrences"":1,""pilot_occurrences"":1,""ambiguous_cltk_lemma"":false}]"
no_dictionary_match	bo	VERB	1	1	1	1	0	none	[]	0	unknown	False	"[{""form"":""btes"",""corpus_occurrences"":1,""pilot_occurrences"":1,""ambiguous_cltk_lemma"":false}]"
no_dictionary_match	bsies	NOUN	1	1	1	1	0	none	[]	0	unknown	False	"[{""form"":""bse"",""corpus_occurrences"":1,""pilot_occurrences"":1,""ambiguous_cltk_lemma"":false}]"
no_dictionary_match	burburianus	ADJ	1	1	1	1	0	none	[]	0	unknown	False	"[{""form"":""burburiana"",""corpus_occurrences"":1,""pilot_occurrences"":1,""ambiguous_cltk_lemma"":false}]"
no_dictionary_match	calliopa	NOUN	1	1	1	1	0	none	[]	0	unknown	False	"[{""form"":""calliopa"",""corpus_occurrences"":1,""pilot_occurrences"":1,""ambiguous_cltk_lemma"":false}]"
no_dictionary_match	cased	NUM	1	1	1	1	0	none	[]	0	unknown	False	"[{""form"":""cased"",""corpus_occurrences"":1,""pilot_occurrences"":1,""ambiguous_cltk_lemma"":false}]"
no_dictionary_match	catamantaloedus	ADJ	1	1	1	1	0	none	[]	0	unknown	False	"[{""form"":""catamantaloedis"",""corpus_occurrences"":1,""pilot_occurrences"":1,""ambiguous_cltk_lemma"":false}]"
no_dictionary_match	cedmonaeus	NOUN	1	1	1	1	0	none	[]	0	unknown	False	"[{""form"":""cedmonaeos"",""corpus_occurrences"":1,""pilot_occurrences"":1,""ambiguous_cltk_lemma"":false}]"
no_dictionary_match	celocus	ADJ	1	1	1	1	0	none	[]	0	unknown	False	"[{""form"":""celocas"",""corpus_occurrences"":1,""pilot_occurrences"":1,""ambiguous_cltk_lemma"":false}]"
no_dictionary_match	cendus	NOUN	1	1	1	1	0	none	[]	0	unknown	False	"[{""form"":""cenda"",""corpus_occurrences"":1,""pilot_occurrences"":1,""ambiguous_cltk_lemma"":false}]"
no_dictionary_match	chanaanitidus	ADJ	1	1	1	1	0	none	[]	0	unknown	False	"[{""form"":""chanaanitidis"",""corpus_occurrences"":1,""pilot_occurrences"":1,""ambiguous_cltk_lemma"":false}]"
no_dictionary_match	charila	ADJ	1	1	1	1	0	none	[]	0	unknown	False	"[{""form"":""charilam"",""corpus_occurrences"":1,""pilot_occurrences"":1,""ambiguous_cltk_lemma"":false}]"
no_dictionary_match	chaslo	VERB	1	1	1	1	0	none	[]	0	unknown	False	"[{""form"":""chasluim"",""corpus_occurrences"":1,""pilot_occurrences"":1,""ambiguous_cltk_lemma"":false}]"
no_dictionary_match	chorraeus	NOUN	1	1	1	1	0	none	[]	0	unknown	False	"[{""form"":""chorraeos"",""corpus_occurrences"":1,""pilot_occurrences"":1,""ambiguous_cltk_lemma"":false}]"
no_dictionary_match	cimberium	NOUN	1	1	1	1	0	none	[]	0	unknown	False	"[{""form"":""cimberium"",""corpus_occurrences"":1,""pilot_occurrences"":1,""ambiguous_cltk_lemma"":false}]"
no_dictionary_match	cinaeus	NOUN	1	1	1	1	0	none	[]	0	unknown	True	"[{""form"":""cinaeos"",""corpus_occurrences"":1,""pilot_occurrences"":1,""ambiguous_cltk_lemma"":false}]"
no_dictionary_match	cinctatio	NOUN	1	1	1	1	0	none	[]	0	unknown	False	"[{""form"":""cinctationis"",""corpus_occurrences"":1,""pilot_occurrences"":1,""ambiguous_cltk_lemma"":false}]"
no_dictionary_match	cirtendo	VERB	1	1	1	1	0	none	[]	0	unknown	False	"[{""form"":""cirtenses"",""corpus_occurrences"":1,""pilot_occurrences"":1,""ambiguous_cltk_lemma"":false}]"
no_dictionary_match	coervco	VERB	1	1	1	1	0	none	[]	0	unknown	False	"[{""form"":""coervcere"",""corpus_occurrences"":1,""pilot_occurrences"":1,""ambiguous_cltk_lemma"":false}]"
no_dictionary_match	concillio	VERB	1	1	1	1	0	none	[]	0	unknown	False	"[{""form"":""concilliandam"",""corpus_occurrences"":1,""pilot_occurrences"":1,""ambiguous_cltk_lemma"":false}]"
no_dictionary_match	congrens	ADJ	1	1	1	1	0	none	[]	0	unknown	False	"[{""form"":""congrentius"",""corpus_occurrences"":1,""pilot_occurrences"":1,""ambiguous_cltk_lemma"":false}]"
no_dictionary_match	conroboro	VERB	1	1	1	1	0	none	[]	0	unknown	False	"[{""form"":""conrobatur"",""corpus_occurrences"":1,""pilot_occurrences"":1,""ambiguous_cltk_lemma"":false}]"
no_dictionary_match	contuccum	NOUN	1	1	1	1	0	none	[]	0	unknown	False	"[{""form"":""contucci"",""corpus_occurrences"":1,""pilot_occurrences"":1,""ambiguous_cltk_lemma"":false}]"
no_dictionary_match	cropla	NOUN	1	1	1	1	0	none	[]	0	unknown	False	"[{""form"":""cropla"",""corpus_occurrences"":1,""pilot_occurrences"":1,""ambiguous_cltk_lemma"":false}]"
no_dictionary_match	cueo	VERB	1	1	1	1	0	none	[]	0	unknown	False	"[{""form"":""cueet"",""corpus_occurrences"":1,""pilot_occurrences"":1,""ambiguous_cltk_lemma"":false}]"
no_dictionary_match	cul	NOUN	1	1	1	1	0	none	[]	0	unknown	False	"[{""form"":""cul"",""corpus_occurrences"":1,""pilot_occurrences"":1,""ambiguous_cltk_lemma"":false}]"
no_dictionary_match	culpurnium	NOUN	1	1	1	1	0	none	[]	0	unknown	False	"[{""form"":""culpurnium"",""corpus_occurrences"":1,""pilot_occurrences"":1,""ambiguous_cltk_lemma"":false}]"
no_dictionary_match	cuo	NOUN	1	1	1	1	0	none	[]	0	unknown	False	"[{""form"":""cuo"",""corpus_occurrences"":1,""pilot_occurrences"":1,""ambiguous_cltk_lemma"":false}]"
no_dictionary_match	dausara	NOUN	1	1	1	1	0	none	[]	0	unknown	False	"[{""form"":""dausara"",""corpus_occurrences"":1,""pilot_occurrences"":1,""ambiguous_cltk_lemma"":false}]"
no_dictionary_match	debilitaten	NOUN	1	1	1	1	0	none	[]	0	unknown	False	"[{""form"":""debilitaten"",""corpus_occurrences"":1,""pilot_occurrences"":1,""ambiguous_cltk_lemma"":false}]"
no_dictionary_match	debor	NOUN	1	1	1	1	0	none	[]	0	unknown	False	"[{""form"":""debora"",""corpus_occurrences"":1,""pilot_occurrences"":1,""ambiguous_cltk_lemma"":false}]"
no_dictionary_match	delcto	VERB	1	1	1	1	0	none	[]	0	unknown	False	"[{""form"":""delctaret"",""corpus_occurrences"":1,""pilot_occurrences"":1,""ambiguous_cltk_lemma"":false}]"
no_dictionary_match	dentium	NOUN	1	1	1	1	0	none	[]	0	unknown	False	"[{""form"":""dentiu"",""corpus_occurrences"":1,""pilot_occurrences"":1,""ambiguous_cltk_lemma"":false}]"
no_dictionary_match	depiciscor	VERB	1	1	1	1	0	none	[]	0	unknown	False	"[{""form"":""depicisci"",""corpus_occurrences"":1,""pilot_occurrences"":1,""ambiguous_cltk_lemma"":false}]"
no_dictionary_match	devideo	VERB	1	1	1	1	0	none	[]	0	unknown	False	"[{""form"":""devesiru"",""corpus_occurrences"":1,""pilot_occurrences"":1,""ambiguous_cltk_lemma"":false}]"
no_dictionary_match	diaphaneitas	NOUN	1	1	1	1	0	none	[]	0	unknown	False	"[{""form"":""diaphaneitas"",""corpus_occurrences"":1,""pilot_occurrences"":1,""ambiguous_cltk_lemma"":false}]"
no_dictionary_match	dikaiwn	NOUN	1	1	1	1	0	none	[]	0	unknown	False	"[{""form"":""dikaiwn"",""corpus_occurrences"":1,""pilot_occurrences"":1,""ambiguous_cltk_lemma"":false}]"
no_dictionary_match	dilce	ADV	1	1	1	1	0	none	[]	0	unknown	False	"[{""form"":""dilcissimo"",""corpus_occurrences"":1,""pilot_occurrences"":1,""ambiguous_cltk_lemma"":false}]"
no_dictionary_match	dirripo	VERB	1	1	1	1	0	none	[]	0	unknown	False	"[{""form"":""dirripitur"",""corpus_occurrences"":1,""pilot_occurrences"":1,""ambiguous_cltk_lemma"":false}]"
no_dictionary_match	doloro	NOUN	1	1	1	1	0	none	[]	0	unknown	False	"[{""form"":""doloroum"",""corpus_occurrences"":1,""pilot_occurrences"":1,""ambiguous_cltk_lemma"":false}]"
no_dictionary_match	duisesetho	VERB	1	1	1	1	0	none	[]	0	unknown	False	"[{""form"":""duisesethat"",""corpus_occurrences"":1,""pilot_occurrences"":1,""ambiguous_cltk_lemma"":false}]"
no_dictionary_match	dwron	NOUN	1	1	1	1	0	none	[]	0	unknown	False	"[{""form"":""dwron"",""corpus_occurrences"":1,""pilot_occurrences"":1,""ambiguous_cltk_lemma"":false}]"
no_dictionary_match	eado	VERB	1	1	1	1	0	none	[]	0	unknown	False	"[{""form"":""eadesba"",""corpus_occurrences"":1,""pilot_occurrences"":1,""ambiguous_cltk_lemma"":false}]"
no_dictionary_match	eaenineo	VERB	1	1	1	1	0	none	[]	0	unknown	False	"[{""form"":""eaeninens"",""corpus_occurrences"":1,""pilot_occurrences"":1,""ambiguous_cltk_lemma"":false}]"
no_dictionary_match	eanp	NOUN	1	1	1	1	0	none	[]	0	unknown	False	"[{""form"":""eanp"",""corpus_occurrences"":1,""pilot_occurrences"":1,""ambiguous_cltk_lemma"":false}]"
no_dictionary_match	ecto	VERB	1	1	1	1	0	none	[]	0	unknown	False	"[{""form"":""ectae"",""corpus_occurrences"":1,""pilot_occurrences"":1,""ambiguous_cltk_lemma"":false}]"
no_dictionary_match	ednis	X	1	1	1	1	0	none	[]	0	unknown	False	"[{""form"":""ednis"",""corpus_occurrences"":1,""pilot_occurrences"":1,""ambiguous_cltk_lemma"":false}]"
no_dictionary_match	eggrafo	NOUN	1	1	1	1	0	none	[]	0	unknown	False	"[{""form"":""eggrafoi"",""corpus_occurrences"":1,""pilot_occurrences"":1,""ambiguous_cltk_lemma"":false}]"
no_dictionary_match	ehura	NOUN	1	1	1	1	0	none	[]	0	unknown	False	"[{""form"":""ehurema"",""corpus_occurrences"":1,""pilot_occurrences"":1,""ambiguous_cltk_lemma"":false}]"
no_dictionary_match	eloquentiae	NOUN	1	1	1	1	0	none	[]	0	unknown	False	"[{""form"":""eloquentiaei"",""corpus_occurrences"":1,""pilot_occurrences"":1,""ambiguous_cltk_lemma"":false}]"
no_dictionary_match	elqoquor	VERB	1	1	1	1	0	none	[]	0	unknown	False	"[{""form"":""elqoquentes"",""corpus_occurrences"":1,""pilot_occurrences"":1,""ambiguous_cltk_lemma"":false}]"
no_dictionary_match	ema	PROPN	1	1	1	1	0	none	[]	0	unknown	True	"[{""form"":""emim"",""corpus_occurrences"":1,""pilot_occurrences"":1,""ambiguous_cltk_lemma"":false}]"
no_dictionary_match	encomiograpium	NOUN	1	1	1	1	0	none	[]	0	unknown	False	"[{""form"":""encomiographos"",""corpus_occurrences"":1,""pilot_occurrences"":1,""ambiguous_cltk_lemma"":false}]"
no_dictionary_match	ensum	VERB	1	1	1	1	0	none	[]	0	unknown	False	"[{""form"":""entius"",""corpus_occurrences"":1,""pilot_occurrences"":1,""ambiguous_cltk_lemma"":false}]"
no_dictionary_match	epanorvwa	NOUN	1	1	1	1	0	none	[]	0	unknown	False	"[{""form"":""epanorvwma"",""corpus_occurrences"":1,""pilot_occurrences"":1,""ambiguous_cltk_lemma"":false}]"
no_dictionary_match	epeanaphor	NOUN	1	1	1	1	0	none	[]	0	unknown	False	"[{""form"":""epeanaphoris"",""corpus_occurrences"":1,""pilot_occurrences"":1,""ambiguous_cltk_lemma"":false}]"
no_dictionary_match	ephrater	NOUN	1	1	1	1	0	none	[]	0	unknown	False	"[{""form"":""ephratæ"",""corpus_occurrences"":1,""pilot_occurrences"":1,""ambiguous_cltk_lemma"":false}]"
no_dictionary_match	ephronus	NOUN	1	1	1	1	0	none	[]	0	unknown	False	"[{""form"":""ephronis"",""corpus_occurrences"":1,""pilot_occurrences"":1,""ambiguous_cltk_lemma"":false}]"
no_dictionary_match	epidymia	NOUN	1	1	1	1	0	none	[]	0	unknown	False	"[{""form"":""epidymias"",""corpus_occurrences"":1,""pilot_occurrences"":1,""ambiguous_cltk_lemma"":false}]"
no_dictionary_match	epistolico	VERB	1	1	1	1	0	none	[]	0	unknown	False	"[{""form"":""epistolicotata"",""corpus_occurrences"":1,""pilot_occurrences"":1,""ambiguous_cltk_lemma"":false}]"
no_dictionary_match	erasten	NOUN	1	1	1	1	0	none	[]	0	unknown	False	"[{""form"":""erasten"",""corpus_occurrences"":1,""pilot_occurrences"":1,""ambiguous_cltk_lemma"":false}]"
no_dictionary_match	erb	NUM	1	1	1	1	0	none	[]	0	unknown	False	"[{""form"":""erb"",""corpus_occurrences"":1,""pilot_occurrences"":1,""ambiguous_cltk_lemma"":false}]"
no_dictionary_match	erd	NOUN	1	1	1	1	0	none	[]	0	unknown	False	"[{""form"":""erd"",""corpus_occurrences"":1,""pilot_occurrences"":1,""ambiguous_cltk_lemma"":false}]"
no_dictionary_match	erisates	NOUN	1	1	1	1	0	none	[]	0	unknown	False	"[{""form"":""erisatin"",""corpus_occurrences"":1,""pilot_occurrences"":1,""ambiguous_cltk_lemma"":false}]"
no_dictionary_match	esebo	VERB	1	1	1	1	0	none	[]	0	unknown	False	"[{""form"":""eseban"",""corpus_occurrences"":1,""pilot_occurrences"":1,""ambiguous_cltk_lemma"":false}]"
no_dictionary_match	etalesinmis	ADJ	1	1	1	1	0	none	[]	0	unknown	False	"[{""form"":""etalesinmis"",""corpus_occurrences"":1,""pilot_occurrences"":1,""ambiguous_cltk_lemma"":false}]"
no_dictionary_match	exoptus	ADJ	1	1	1	1	0	none	[]	0	unknown	False	"[{""form"":""exoptissima"",""corpus_occurrences"":1,""pilot_occurrences"":1,""ambiguous_cltk_lemma"":false}]"
no_dictionary_match	exoror	VERB	1	1	1	1	0	none	[]	0	unknown	False	"[{""form"":""exorertur"",""corpus_occurrences"":1,""pilot_occurrences"":1,""ambiguous_cltk_lemma"":false}]"
no_dictionary_match	facillum	ADJ	1	1	1	1	0	none	[]	0	unknown	False	"[{""form"":""facilluma"",""corpus_occurrences"":1,""pilot_occurrences"":1,""ambiguous_cltk_lemma"":false}]"
no_dictionary_match	faustinians	ADJ	1	1	1	1	0	none	[]	0	unknown	False	"[{""form"":""faustiniani"",""corpus_occurrences"":1,""pilot_occurrences"":1,""ambiguous_cltk_lemma"":false}]"
no_dictionary_match	firman	NOUN	1	1	1	1	0	none	[]	0	unknown	False	"[{""form"":""firman"",""corpus_occurrences"":1,""pilot_occurrences"":1,""ambiguous_cltk_lemma"":false}]"
no_dictionary_match	flago	VERB	1	1	1	1	0	none	[]	0	unknown	False	"[{""form"":""flagitum"",""corpus_occurrences"":1,""pilot_occurrences"":1,""ambiguous_cltk_lemma"":false}]"
no_dictionary_match	flam	NOUN	1	1	1	1	0	none	[]	0	unknown	False	"[{""form"":""flame"",""corpus_occurrences"":1,""pilot_occurrences"":1,""ambiguous_cltk_lemma"":false}]"
no_dictionary_match	foristo	VERB	1	1	1	1	0	none	[]	0	unknown	False	"[{""form"":""foristareres"",""corpus_occurrences"":1,""pilot_occurrences"":1,""ambiguous_cltk_lemma"":false}]"
no_dictionary_match	fraglum	NOUN	1	1	1	1	0	none	[]	0	unknown	False	"[{""form"":""fraglo"",""corpus_occurrences"":1,""pilot_occurrences"":1,""ambiguous_cltk_lemma"":false}]"
no_dictionary_match	frivoleus	ADJ	1	1	1	1	0	none	[]	0	unknown	False	"[{""form"":""frivoleis"",""corpus_occurrences"":1,""pilot_occurrences"":1,""ambiguous_cltk_lemma"":false}]"
no_dictionary_match	fronimwn	NOUN	1	1	1	1	0	none	[]	0	unknown	False	"[{""form"":""fronimwn"",""corpus_occurrences"":1,""pilot_occurrences"":1,""ambiguous_cltk_lemma"":false}]"
no_dictionary_match	ftratrra	NOUN	1	1	1	1	0	none	[]	0	unknown	False	"[{""form"":""ftratri"",""corpus_occurrences"":1,""pilot_occurrences"":1,""ambiguous_cltk_lemma"":false}]"
no_dictionary_match	ganymedum	NOUN	1	1	1	1	0	none	[]	0	unknown	False	"[{""form"":""ganymēdis"",""corpus_occurrences"":1,""pilot_occurrences"":1,""ambiguous_cltk_lemma"":false}]"
no_dictionary_match	gauranus	ADJ	1	1	1	1	0	none	[]	0	unknown	False	"[{""form"":""gauranos"",""corpus_occurrences"":1,""pilot_occurrences"":1,""ambiguous_cltk_lemma"":false}]"
no_dictionary_match	geho	NOUN	1	1	1	1	0	none	[]	0	unknown	False	"[{""form"":""gehon"",""corpus_occurrences"":1,""pilot_occurrences"":1,""ambiguous_cltk_lemma"":false}]"
no_dictionary_match	gnomis	NOUN	1	1	1	1	0	none	[]	0	unknown	False	"[{""form"":""gnome"",""corpus_occurrences"":1,""pilot_occurrences"":1,""ambiguous_cltk_lemma"":false}]"
no_dictionary_match	go	VERB	1	1	1	1	0	none	[]	0	unknown	False	"[{""form"":""gaham"",""corpus_occurrences"":1,""pilot_occurrences"":1,""ambiguous_cltk_lemma"":false}]"
no_dictionary_match	gracchanus	ADJ	1	1	1	1	0	none	[]	0	unknown	True	"[{""form"":""gracchanus"",""corpus_occurrences"":1,""pilot_occurrences"":1,""ambiguous_cltk_lemma"":false}]"
no_dictionary_match	grajus	X	1	1	1	1	0	none	[]	0	unknown	True	"[{""form"":""grajus"",""corpus_occurrences"":1,""pilot_occurrences"":1,""ambiguous_cltk_lemma"":false}]"
no_dictionary_match	gratuo	VERB	1	1	1	1	0	none	[]	0	unknown	False	"[{""form"":""gratuando"",""corpus_occurrences"":1,""pilot_occurrences"":1,""ambiguous_cltk_lemma"":false}]"
no_dictionary_match	haggo	VERB	1	1	1	1	0	none	[]	0	unknown	False	"[{""form"":""haggi"",""corpus_occurrences"":1,""pilot_occurrences"":1,""ambiguous_cltk_lemma"":false}]"
no_dictionary_match	hamartymo	VERB	1	1	1	1	0	none	[]	0	unknown	False	"[{""form"":""hamartymatwn"",""corpus_occurrences"":1,""pilot_occurrences"":1,""ambiguous_cltk_lemma"":false}]"
no_dictionary_match	hamdo	VERB	1	1	1	1	0	none	[]	0	unknown	False	"[{""form"":""hamdan"",""corpus_occurrences"":1,""pilot_occurrences"":1,""ambiguous_cltk_lemma"":false}]"
no_dictionary_match	hekousiwnus	NOUN	1	1	1	1	0	none	[]	0	unknown	False	"[{""form"":""hekousiwn"",""corpus_occurrences"":1,""pilot_occurrences"":1,""ambiguous_cltk_lemma"":false}]"
no_dictionary_match	hethaeus	NOUN	1	1	1	1	0	none	[]	0	unknown	True	"[{""form"":""hethaeos"",""corpus_occurrences"":1,""pilot_occurrences"":1,""ambiguous_cltk_lemma"":false}]"
no_dictionary_match	hevilo	VERB	1	1	1	1	0	none	[]	0	unknown	False	"[{""form"":""hevilath"",""corpus_occurrences"":1,""pilot_occurrences"":1,""ambiguous_cltk_lemma"":false}]"
no_dictionary_match	hoba	NOUN	1	1	1	1	0	none	[]	0	unknown	False	"[{""form"":""hoba"",""corpus_occurrences"":1,""pilot_occurrences"":1,""ambiguous_cltk_lemma"":false}]"
no_dictionary_match	hoceo	VERB	1	1	1	1	0	none	[]	0	unknown	False	"[{""form"":""hocie"",""corpus_occurrences"":1,""pilot_occurrences"":1,""ambiguous_cltk_lemma"":false}]"
no_dictionary_match	hsitrio	NOUN	1	1	1	1	0	none	[]	0	unknown	False	"[{""form"":""hsitrionis"",""corpus_occurrences"":1,""pilot_occurrences"":1,""ambiguous_cltk_lemma"":false}]"
no_dictionary_match	hygemona	NOUN	1	1	1	1	0	none	[]	0	unknown	False	"[{""form"":""hygemona"",""corpus_occurrences"":1,""pilot_occurrences"":1,""ambiguous_cltk_lemma"":false}]"
no_dictionary_match	iavoleno	ADV	1	1	1	1	0	none	[]	0	unknown	False	"[{""form"":""iavoleno"",""corpus_occurrences"":1,""pilot_occurrences"":1,""ambiguous_cltk_lemma"":false}]"
no_dictionary_match	idumaeus	ADJ	1	1	1	1	0	none	[]	0	unknown	True	"[{""form"":""idumæorum"",""corpus_occurrences"":1,""pilot_occurrences"":1,""ambiguous_cltk_lemma"":false}]"
no_dictionary_match	imeprator	NOUN	1	1	1	1	0	none	[]	0	unknown	False	"[{""form"":""imeprator"",""corpus_occurrences"":1,""pilot_occurrences"":1,""ambiguous_cltk_lemma"":false}]"
no_dictionary_match	imios	VERB	1	1	1	1	0	none	[]	0	unknown	False	"[{""form"":""imios"",""corpus_occurrences"":1,""pilot_occurrences"":1,""ambiguous_cltk_lemma"":false}]"
no_dictionary_match	incoomodus	ADJ	1	1	1	1	0	none	[]	0	unknown	False	"[{""form"":""incoomoda"",""corpus_occurrences"":1,""pilot_occurrences"":1,""ambiguous_cltk_lemma"":false}]"
no_dictionary_match	indgaver	NOUN	1	1	1	1	0	none	[]	0	unknown	False	"[{""form"":""indgaveris"",""corpus_occurrences"":1,""pilot_occurrences"":1,""ambiguous_cltk_lemma"":false}]"
no_dictionary_match	ingeius	NOUN	1	1	1	1	0	none	[]	0	unknown	False	"[{""form"":""ingeium"",""corpus_occurrences"":1,""pilot_occurrences"":1,""ambiguous_cltk_lemma"":false}]"
no_dictionary_match	ingr	NUM	1	1	1	1	0	none	[]	0	unknown	False	"[{""form"":""ingr"",""corpus_occurrences"":1,""pilot_occurrences"":1,""ambiguous_cltk_lemma"":false}]"
no_dictionary_match	ingus	NOUN	1	1	1	1	0	none	[]	0	unknown	False	"[{""form"":""inguem"",""corpus_occurrences"":1,""pilot_occurrences"":1,""ambiguous_cltk_lemma"":false}]"
no_dictionary_match	inluculo	VERB	1	1	1	1	0	none	[]	0	unknown	False	"[{""form"":""inluculascit"",""corpus_occurrences"":1,""pilot_occurrences"":1,""ambiguous_cltk_lemma"":false}]"
no_dictionary_match	inmprimus	ADJ	1	1	1	1	0	none	[]	0	unknown	False	"[{""form"":""inmprimis"",""corpus_occurrences"":1,""pilot_occurrences"":1,""ambiguous_cltk_lemma"":false}]"
no_dictionary_match	inpero	VERB	1	1	1	1	0	none	[]	0	unknown	False	"[{""form"":""inpertes"",""corpus_occurrences"":1,""pilot_occurrences"":1,""ambiguous_cltk_lemma"":false}]"
no_dictionary_match	insginiter	ADV	1	1	1	1	0	none	[]	0	unknown	False	"[{""form"":""insginiter"",""corpus_occurrences"":1,""pilot_occurrences"":1,""ambiguous_cltk_lemma"":false}]"
no_dictionary_match	insipsio	VERB	1	1	1	1	0	none	[]	0	unknown	False	"[{""form"":""insipsiente"",""corpus_occurrences"":1,""pilot_occurrences"":1,""ambiguous_cltk_lemma"":false}]"
no_dictionary_match	inusdeo	VERB	1	1	1	1	0	none	[]	0	unknown	False	"[{""form"":""inussusset"",""corpus_occurrences"":1,""pilot_occurrences"":1,""ambiguous_cltk_lemma"":false}]"
no_dictionary_match	invaago	VERB	1	1	1	1	0	none	[]	0	unknown	False	"[{""form"":""invaasit"",""corpus_occurrences"":1,""pilot_occurrences"":1,""ambiguous_cltk_lemma"":false}]"
no_dictionary_match	inxlifco	VERB	1	1	1	1	0	none	[]	0	unknown	False	"[{""form"":""inxlifxit"",""corpus_occurrences"":1,""pilot_occurrences"":1,""ambiguous_cltk_lemma"":false}]"
no_dictionary_match	isistos	NOUN	1	1	1	1	0	none	[]	0	unknown	False	"[{""form"":""isistoses"",""corpus_occurrences"":1,""pilot_occurrences"":1,""ambiguous_cltk_lemma"":false}]"
no_dictionary_match	itemqus	NOUN	1	1	1	1	0	none	[]	0	unknown	False	"[{""form"":""itemqu"",""corpus_occurrences"":1,""pilot_occurrences"":1,""ambiguous_cltk_lemma"":false}]"
no_dictionary_match	jabeo	VERB	1	1	1	1	0	none	[]	0	unknown	False	"[{""form"":""jabel"",""corpus_occurrences"":1,""pilot_occurrences"":1,""ambiguous_cltk_lemma"":false}]"
no_dictionary_match	jahelela	NOUN	1	1	1	1	0	none	[]	0	unknown	False	"[{""form"":""jahelel"",""corpus_occurrences"":1,""pilot_occurrences"":1,""ambiguous_cltk_lemma"":false}]"
no_dictionary_match	jedlaph	NOUN	1	1	1	1	0	none	[]	0	unknown	False	"[{""form"":""jedlaph"",""corpus_occurrences"":1,""pilot_occurrences"":1,""ambiguous_cltk_lemma"":false}]"
no_dictionary_match	jethra	NOUN	1	1	1	1	0	none	[]	0	unknown	False	"[{""form"":""jethram"",""corpus_occurrences"":1,""pilot_occurrences"":1,""ambiguous_cltk_lemma"":false}]"
no_dictionary_match	joculo	VERB	1	1	1	1	0	none	[]	0	unknown	False	"[{""form"":""jocularibs"",""corpus_occurrences"":1,""pilot_occurrences"":1,""ambiguous_cltk_lemma"":false}]"
no_dictionary_match	jubo	VERB	1	1	1	1	0	none	[]	0	unknown	False	"[{""form"":""jubal"",""corpus_occurrences"":1,""pilot_occurrences"":1,""ambiguous_cltk_lemma"":false}]"
no_dictionary_match	justisco	VERB	1	1	1	1	0	none	[]	0	unknown	False	"[{""form"":""justisti"",""corpus_occurrences"":1,""pilot_occurrences"":1,""ambiguous_cltk_lemma"":false}]"
no_dictionary_match	kalwn	PUNCT	1	1	1	1	0	none	[]	0	unknown	False	"[{""form"":""kalwn"",""corpus_occurrences"":1,""pilot_occurrences"":1,""ambiguous_cltk_lemma"":false}]"
no_dictionary_match	kataploun	NOUN	1	1	1	1	0	none	[]	0	unknown	False	"[{""form"":""kataploun"",""corpus_occurrences"":1,""pilot_occurrences"":1,""ambiguous_cltk_lemma"":false}]"
no_dictionary_match	koueo	NOUN	1	1	1	1	0	none	[]	0	unknown	False	"[{""form"":""koiny"",""corpus_occurrences"":1,""pilot_occurrences"":1,""ambiguous_cltk_lemma"":false}]"
no_dictionary_match	kubeo	VERB	1	1	1	1	0	none	[]	0	unknown	False	"[{""form"":""kubebis"",""corpus_occurrences"":1,""pilot_occurrences"":1,""ambiguous_cltk_lemma"":false}]"
no_dictionary_match	labceus	ADJ	1	1	1	1	0	none	[]	0	unknown	False	"[{""form"":""labceas"",""corpus_occurrences"":1,""pilot_occurrences"":1,""ambiguous_cltk_lemma"":false}]"
no_dictionary_match	laertio	NOUN	1	1	1	1	0	none	[]	0	unknown	False	"[{""form"":""laertio"",""corpus_occurrences"":1,""pilot_occurrences"":1,""ambiguous_cltk_lemma"":false}]"
no_dictionary_match	laetio	VERB	1	1	1	1	0	none	[]	0	unknown	False	"[{""form"":""laetita"",""corpus_occurrences"":1,""pilot_occurrences"":1,""ambiguous_cltk_lemma"":false}]"
no_dictionary_match	lanasiastdius	NOUN	1	1	1	1	0	none	[]	0	unknown	False	"[{""form"":""lanasiastdii"",""corpus_occurrences"":1,""pilot_occurrences"":1,""ambiguous_cltk_lemma"":false}]"
no_dictionary_match	lanuvan	NOUN	1	1	1	1	0	none	[]	0	unknown	False	"[{""form"":""lanuvinum"",""corpus_occurrences"":1,""pilot_occurrences"":1,""ambiguous_cltk_lemma"":false}]"
no_dictionary_match	larx	NOUN	1	1	1	1	0	none	[]	0	unknown	False	"[{""form"":""largys"",""corpus_occurrences"":1,""pilot_occurrences"":1,""ambiguous_cltk_lemma"":false}]"
no_dictionary_match	latobega	NOUN	1	1	1	1	0	none	[]	0	unknown	False	"[{""form"":""latobrigis"",""corpus_occurrences"":1,""pilot_occurrences"":1,""ambiguous_cltk_lemma"":false}]"
no_dictionary_match	lauus	NOUN	1	1	1	1	0	none	[]	0	unknown	False	"[{""form"":""lauuim"",""corpus_occurrences"":1,""pilot_occurrences"":1,""ambiguous_cltk_lemma"":false}]"
no_dictionary_match	ler	NOUN	1	1	1	1	0	none	[]	0	unknown	False	"[{""form"":""ler"",""corpus_occurrences"":1,""pilot_occurrences"":1,""ambiguous_cltk_lemma"":false}]"
no_dictionary_match	leridio	VERB	1	1	1	1	0	none	[]	0	unknown	False	"[{""form"":""leridie"",""corpus_occurrences"":1,""pilot_occurrences"":1,""ambiguous_cltk_lemma"":false}]"
no_dictionary_match	liisenus	NOUN	1	1	1	1	0	none	[]	0	unknown	False	"[{""form"":""liiseno"",""corpus_occurrences"":1,""pilot_occurrences"":1,""ambiguous_cltk_lemma"":false}]"
no_dictionary_match	liscio	VERB	1	1	1	1	0	none	[]	0	unknown	False	"[{""form"":""lisci"",""corpus_occurrences"":1,""pilot_occurrences"":1,""ambiguous_cltk_lemma"":false}]"
no_dictionary_match	liscus	ADP	1	1	1	1	0	none	[]	0	unknown	True	"[{""form"":""liscus"",""corpus_occurrences"":1,""pilot_occurrences"":1,""ambiguous_cltk_lemma"":false}]"
no_dictionary_match	liscus	NOUN	1	1	1	1	0	none	[]	0	unknown	True	"[{""form"":""lisco"",""corpus_occurrences"":1,""pilot_occurrences"":1,""ambiguous_cltk_lemma"":false}]"
no_dictionary_match	longiuscula	NOUN	1	1	1	1	0	none	[]	0	unknown	False	"[{""form"":""longiusculam"",""corpus_occurrences"":1,""pilot_occurrences"":1,""ambiguous_cltk_lemma"":false}]"
no_dictionary_match	loomes	NOUN	1	1	1	1	0	none	[]	0	unknown	False	"[{""form"":""loomin"",""corpus_occurrences"":1,""pilot_occurrences"":1,""ambiguous_cltk_lemma"":false}]"
no_dictionary_match	magetobrigus	ADJ	1	1	1	1	0	none	[]	0	unknown	False	"[{""form"":""magetobrigam"",""corpus_occurrences"":1,""pilot_occurrences"":1,""ambiguous_cltk_lemma"":false}]"
no_dictionary_match	mahanus	NOUN	1	1	1	1	0	none	[]	0	unknown	False	"[{""form"":""mahanaim"",""corpus_occurrences"":1,""pilot_occurrences"":1,""ambiguous_cltk_lemma"":false}]"
no_dictionary_match	manado	VERB	1	1	1	1	0	none	[]	0	unknown	False	"[{""form"":""manadavit"",""corpus_occurrences"":1,""pilot_occurrences"":1,""ambiguous_cltk_lemma"":false}]"
no_dictionary_match	manaho	VERB	1	1	1	1	0	none	[]	0	unknown	False	"[{""form"":""manahat"",""corpus_occurrences"":1,""pilot_occurrences"":1,""ambiguous_cltk_lemma"":false}]"
no_dictionary_match	menoetia	NOUN	1	1	1	1	0	none	[]	0	unknown	False	"[{""form"":""menoetiadi"",""corpus_occurrences"":1,""pilot_occurrences"":1,""ambiguous_cltk_lemma"":false}]"
no_dictionary_match	miges	NOUN	1	1	1	1	0	none	[]	0	unknown	False	"[{""form"":""migitem"",""corpus_occurrences"":1,""pilot_occurrences"":1,""ambiguous_cltk_lemma"":false}]"
no_dictionary_match	mispho	VERB	1	1	1	1	0	none	[]	0	unknown	False	"[{""form"":""misphat"",""corpus_occurrences"":1,""pilot_occurrences"":1,""ambiguous_cltk_lemma"":false}]"
no_dictionary_match	mithodado	VERB	1	1	1	1	0	none	[]	0	unknown	False	"[{""form"":""mithradatis"",""corpus_occurrences"":1,""pilot_occurrences"":1,""ambiguous_cltk_lemma"":false}]"
no_dictionary_match	modulatorius	ADJ	1	1	1	1	0	none	[]	0	unknown	False	"[{""form"":""modulatorioes"",""corpus_occurrences"":1,""pilot_occurrences"":1,""ambiguous_cltk_lemma"":false}]"
no_dictionary_match	mopeo	VERB	1	1	1	1	0	none	[]	0	unknown	False	"[{""form"":""mophim"",""corpus_occurrences"":1,""pilot_occurrences"":1,""ambiguous_cltk_lemma"":false}]"
no_dictionary_match	mosstus	NOUN	1	1	1	1	0	none	[]	0	unknown	False	"[{""form"":""mosstos"",""corpus_occurrences"":1,""pilot_occurrences"":1,""ambiguous_cltk_lemma"":false}]"
no_dictionary_match	moueo	VERB	1	1	1	1	0	none	[]	0	unknown	False	"[{""form"":""mot"",""corpus_occurrences"":1,""pilot_occurrences"":1,""ambiguous_cltk_lemma"":false}]"
no_dictionary_match	mucculo	VERB	1	1	1	1	0	none	[]	0	unknown	False	"[{""form"":""mucculentior"",""corpus_occurrences"":1,""pilot_occurrences"":1,""ambiguous_cltk_lemma"":false}]"
no_dictionary_match	multaqum	NOUN	1	1	1	1	0	none	[]	0	unknown	False	"[{""form"":""multaqu"",""corpus_occurrences"":1,""pilot_occurrences"":1,""ambiguous_cltk_lemma"":false}]"
no_dictionary_match	multoi	PART	1	1	1	1	0	none	[]	0	unknown	False	"[{""form"":""multoi"",""corpus_occurrences"":1,""pilot_occurrences"":1,""ambiguous_cltk_lemma"":false}]"
no_dictionary_match	mytropolewn	NOUN	1	1	1	1	0	none	[]	0	unknown	False	"[{""form"":""mytropolewn"",""corpus_occurrences"":1,""pilot_occurrences"":1,""ambiguous_cltk_lemma"":false}]"
no_dictionary_match	neiqo	VERB	1	1	1	1	0	none	[]	0	unknown	False	"[{""form"":""neuqe"",""corpus_occurrences"":1,""pilot_occurrences"":1,""ambiguous_cltk_lemma"":false}]"
no_dictionary_match	neomicio	VERB	1	1	1	1	0	none	[]	0	unknown	False	"[{""form"":""neomicel"",""corpus_occurrences"":1,""pilot_occurrences"":1,""ambiguous_cltk_lemma"":false}]"
no_dictionary_match	nephhuo	VERB	1	1	1	1	0	none	[]	0	unknown	False	"[{""form"":""nephthuim"",""corpus_occurrences"":1,""pilot_occurrences"":1,""ambiguous_cltk_lemma"":false}]"
no_dictionary_match	nern	NUM	1	1	1	1	0	none	[]	0	unknown	False	"[{""form"":""nern"",""corpus_occurrences"":1,""pilot_occurrences"":1,""ambiguous_cltk_lemma"":false}]"
no_dictionary_match	neutalenio	VERB	1	1	1	1	0	none	[]	0	unknown	False	"[{""form"":""neutalenisandes"",""corpus_occurrences"":1,""pilot_occurrences"":1,""ambiguous_cltk_lemma"":false}]"
no_dictionary_match	next	NUM	1	1	1	1	0	none	[]	0	unknown	False	"[{""form"":""next"",""corpus_occurrences"":1,""pilot_occurrences"":1,""ambiguous_cltk_lemma"":false}]"
no_dictionary_match	nio	NOUN	1	1	1	1	0	none	[]	0	unknown	False	"[{""form"":""nios"",""corpus_occurrences"":1,""pilot_occurrences"":1,""ambiguous_cltk_lemma"":false}]"
no_dictionary_match	nisiar	NOUN	1	1	1	1	0	none	[]	0	unknown	False	"[{""form"":""nisiar"",""corpus_occurrences"":1,""pilot_occurrences"":1,""ambiguous_cltk_lemma"":false}]"
no_dictionary_match	niubo	NOUN	1	1	1	1	0	none	[]	0	unknown	False	"[{""form"":""niubo"",""corpus_occurrences"":1,""pilot_occurrences"":1,""ambiguous_cltk_lemma"":false}]"
no_dictionary_match	nmeo	VERB	1	1	1	1	0	none	[]	0	unknown	False	"[{""form"":""nmi"",""corpus_occurrences"":1,""pilot_occurrences"":1,""ambiguous_cltk_lemma"":false}]"
no_dictionary_match	nnaro	VERB	1	1	1	1	0	none	[]	0	unknown	False	"[{""form"":""nnare"",""corpus_occurrences"":1,""pilot_occurrences"":1,""ambiguous_cltk_lemma"":false}]"
no_dictionary_match	nuaes	NOUN	1	1	1	1	0	none	[]	0	unknown	False	"[{""form"":""nuic"",""corpus_occurrences"":1,""pilot_occurrences"":1,""ambiguous_cltk_lemma"":false}]"
no_dictionary_match	numtus	NOUN	1	1	1	1	0	none	[]	0	unknown	False	"[{""form"":""numta"",""corpus_occurrences"":1,""pilot_occurrences"":1,""ambiguous_cltk_lemma"":false}]"
no_dictionary_match	nustus	NOUN	1	1	1	1	0	none	[]	0	unknown	False	"[{""form"":""nustibus"",""corpus_occurrences"":1,""pilot_occurrences"":1,""ambiguous_cltk_lemma"":false}]"
no_dictionary_match	oatrior	VERB	1	1	1	1	0	none	[]	0	unknown	False	"[{""form"":""oatritam"",""corpus_occurrences"":1,""pilot_occurrences"":1,""ambiguous_cltk_lemma"":false}]"
no_dictionary_match	obtemepranter	ADV	1	1	1	1	0	none	[]	0	unknown	False	"[{""form"":""obtemepranter"",""corpus_occurrences"":1,""pilot_occurrences"":1,""ambiguous_cltk_lemma"":false}]"
no_dictionary_match	obtensus	NOUN	1	1	1	1	0	none	[]	0	unknown	False	"[{""form"":""obtensui"",""corpus_occurrences"":1,""pilot_occurrences"":1,""ambiguous_cltk_lemma"":false}]"
no_dictionary_match	ochozo	VERB	1	1	1	1	0	none	[]	0	unknown	False	"[{""form"":""ochozath"",""corpus_occurrences"":1,""pilot_occurrences"":1,""ambiguous_cltk_lemma"":false}]"
no_dictionary_match	odolexascus	ADJ	1	1	1	1	0	none	[]	0	unknown	False	"[{""form"":""odolexasco"",""corpus_occurrences"":1,""pilot_occurrences"":1,""ambiguous_cltk_lemma"":false}]"
no_dictionary_match	omra	NOUN	1	1	1	1	0	none	[]	0	unknown	False	"[{""form"":""omra"",""corpus_occurrences"":1,""pilot_occurrences"":1,""ambiguous_cltk_lemma"":false}]"
no_dictionary_match	onoro	VERB	1	1	1	1	0	none	[]	0	unknown	False	"[{""form"":""onorarem"",""corpus_occurrences"":1,""pilot_occurrences"":1,""ambiguous_cltk_lemma"":false}]"
no_dictionary_match	oous	NOUN	1	1	1	1	0	none	[]	0	unknown	False	"[{""form"":""oousia"",""corpus_occurrences"":1,""pilot_occurrences"":1,""ambiguous_cltk_lemma"":false}]"
no_dictionary_match	ophim	NUM	1	1	1	1	0	none	[]	0	unknown	False	"[{""form"":""ophim"",""corpus_occurrences"":1,""pilot_occurrences"":1,""ambiguous_cltk_lemma"":false}]"
no_dictionary_match	opisthodum	NOUN	1	1	1	1	0	none	[]	0	unknown	False	"[{""form"":""opisthodomis"",""corpus_occurrences"":1,""pilot_occurrences"":1,""ambiguous_cltk_lemma"":false}]"
no_dictionary_match	orgetoricim	NOUN	1	1	1	1	0	none	[]	0	unknown	False	"[{""form"":""orgetoricem"",""corpus_occurrences"":1,""pilot_occurrences"":1,""ambiguous_cltk_lemma"":false}]"
no_dictionary_match	orons	NOUN	1	1	1	1	0	none	[]	0	unknown	False	"[{""form"":""oronti"",""corpus_occurrences"":1,""pilot_occurrences"":1,""ambiguous_cltk_lemma"":false}]"
no_dictionary_match	oublicus	NOUN	1	1	1	1	0	none	[]	0	unknown	False	"[{""form"":""oublicum"",""corpus_occurrences"":1,""pilot_occurrences"":1,""ambiguous_cltk_lemma"":false}]"
no_dictionary_match	paenito	VERB	1	1	1	1	0	none	[]	0	unknown	False	"[{""form"":""paenitaret"",""corpus_occurrences"":1,""pilot_occurrences"":1,""ambiguous_cltk_lemma"":false}]"
no_dictionary_match	palaestenus	NOUN	1	1	1	1	0	none	[]	0	unknown	False	"[{""form"":""palæstini"",""corpus_occurrences"":1,""pilot_occurrences"":1,""ambiguous_cltk_lemma"":false}]"
no_dictionary_match	pannychio	NOUN	1	1	1	1	0	none	[]	0	unknown	False	"[{""form"":""pannychio"",""corpus_occurrences"":1,""pilot_occurrences"":1,""ambiguous_cltk_lemma"":false}]"
no_dictionary_match	panto	VERB	1	1	1	1	0	none	[]	0	unknown	False	"[{""form"":""pantote"",""corpus_occurrences"":1,""pilot_occurrences"":1,""ambiguous_cltk_lemma"":false}]"
no_dictionary_match	peivesvus	ADJ	1	1	1	1	0	none	[]	0	unknown	False	"[{""form"":""peivesvai"",""corpus_occurrences"":1,""pilot_occurrences"":1,""ambiguous_cltk_lemma"":false}]"
no_dictionary_match	peperia	NOUN	1	1	1	1	0	none	[]	0	unknown	False	"[{""form"":""peperiam"",""corpus_occurrences"":1,""pilot_occurrences"":1,""ambiguous_cltk_lemma"":false}]"
no_dictionary_match	pessium	NOUN	1	1	1	1	0	none	[]	0	unknown	False	"[{""form"":""pessiis"",""corpus_occurrences"":1,""pilot_occurrences"":1,""ambiguous_cltk_lemma"":false}]"
no_dictionary_match	phaedeo	VERB	1	1	1	1	0	none	[]	0	unknown	False	"[{""form"":""phaeder"",""corpus_occurrences"":1,""pilot_occurrences"":1,""ambiguous_cltk_lemma"":false}]"
no_dictionary_match	pheldo	VERB	1	1	1	1	0	none	[]	0	unknown	False	"[{""form"":""pheldas"",""corpus_occurrences"":1,""pilot_occurrences"":1,""ambiguous_cltk_lemma"":false}]"
no_dictionary_match	pherego	VERB	1	1	1	1	0	none	[]	0	unknown	False	"[{""form"":""pherezæis"",""corpus_occurrences"":1,""pilot_occurrences"":1,""ambiguous_cltk_lemma"":false}]"
no_dictionary_match	pherezueus	ADJ	1	1	1	1	0	none	[]	0	unknown	False	"[{""form"":""pherezaeus"",""corpus_occurrences"":1,""pilot_occurrences"":1,""ambiguous_cltk_lemma"":false}]"
no_dictionary_match	philsophia	NOUN	1	1	1	1	0	none	[]	0	unknown	False	"[{""form"":""philsophia"",""corpus_occurrences"":1,""pilot_occurrences"":1,""ambiguous_cltk_lemma"":false}]"
no_dictionary_match	phreneo	VERB	1	1	1	1	0	none	[]	0	unknown	False	"[{""form"":""phrenitis"",""corpus_occurrences"":1,""pilot_occurrences"":1,""ambiguous_cltk_lemma"":false}]"
no_dictionary_match	phuth	NOUN	1	1	1	1	0	none	[]	0	unknown	False	"[{""form"":""phuth"",""corpus_occurrences"":1,""pilot_occurrences"":1,""ambiguous_cltk_lemma"":false}]"
no_dictionary_match	pimus	NOUN	1	1	1	1	0	none	[]	0	unknown	False	"[{""form"":""pimum"",""corpus_occurrences"":1,""pilot_occurrences"":1,""ambiguous_cltk_lemma"":false}]"
no_dictionary_match	plendo	VERB	1	1	1	1	0	none	[]	0	unknown	False	"[{""form"":""plenda"",""corpus_occurrences"":1,""pilot_occurrences"":1,""ambiguous_cltk_lemma"":false}]"
no_dictionary_match	plurificatio	NOUN	1	1	1	1	0	none	[]	0	unknown	False	"[{""form"":""plurificatio"",""corpus_occurrences"":1,""pilot_occurrences"":1,""ambiguous_cltk_lemma"":false}]"
no_dictionary_match	polemona	NOUN	1	1	1	1	0	none	[]	0	unknown	False	"[{""form"":""polemona"",""corpus_occurrences"":1,""pilot_occurrences"":1,""ambiguous_cltk_lemma"":false}]"
no_dictionary_match	poneriscenco	VERB	1	1	1	1	0	none	[]	0	unknown	False	"[{""form"":""poneriscendensnola"",""corpus_occurrences"":1,""pilot_occurrences"":1,""ambiguous_cltk_lemma"":false}]"
no_dictionary_match	ppaeficio	VERB	1	1	1	1	0	none	[]	0	unknown	False	"[{""form"":""ppaefectus"",""corpus_occurrences"":1,""pilot_occurrences"":1,""ambiguous_cltk_lemma"":false}]"
no_dictionary_match	pris	NUM	1	1	1	1	0	none	[]	0	unknown	False	"[{""form"":""pris"",""corpus_occurrences"":1,""pilot_occurrences"":1,""ambiguous_cltk_lemma"":false}]"
no_dictionary_match	prognosomus	ADJ	1	1	1	1	0	none	[]	0	unknown	False	"[{""form"":""prognososam"",""corpus_occurrences"":1,""pilot_occurrences"":1,""ambiguous_cltk_lemma"":false}]"
no_dictionary_match	progredeus	NOUN	1	1	1	1	0	none	[]	0	unknown	False	"[{""form"":""progredei"",""corpus_occurrences"":1,""pilot_occurrences"":1,""ambiguous_cltk_lemma"":false}]"
no_dictionary_match	prondus	NOUN	1	1	1	1	0	none	[]	0	unknown	False	"[{""form"":""prondus"",""corpus_occurrences"":1,""pilot_occurrences"":1,""ambiguous_cltk_lemma"":false}]"
no_dictionary_match	prostaktikon	NOUN	1	1	1	1	0	none	[]	0	unknown	False	"[{""form"":""prostaktikon"",""corpus_occurrences"":1,""pilot_occurrences"":1,""ambiguous_cltk_lemma"":false}]"
no_dictionary_match	prostoto	VERB	1	1	1	1	0	none	[]	0	unknown	False	"[{""form"":""prostatyn"",""corpus_occurrences"":1,""pilot_occurrences"":1,""ambiguous_cltk_lemma"":false}]"
no_dictionary_match	protecteus	ADJ	1	1	1	1	0	none	[]	0	unknown	False	"[{""form"":""protecteis"",""corpus_occurrences"":1,""pilot_occurrences"":1,""ambiguous_cltk_lemma"":false}]"
no_dictionary_match	provinscius	NOUN	1	1	1	1	0	none	[]	0	unknown	False	"[{""form"":""provinsciis"",""corpus_occurrences"":1,""pilot_occurrences"":1,""ambiguous_cltk_lemma"":false}]"
no_dictionary_match	provinsia	NOUN	1	1	1	1	0	none	[]	0	unknown	False	"[{""form"":""provinsias"",""corpus_occurrences"":1,""pilot_occurrences"":1,""ambiguous_cltk_lemma"":false}]"
no_dictionary_match	prumus	NOUN	1	1	1	1	0	none	[]	0	unknown	False	"[{""form"":""prumum"",""corpus_occurrences"":1,""pilot_occurrences"":1,""ambiguous_cltk_lemma"":false}]"
no_dictionary_match	prunuleus	ADJ	1	1	1	1	0	none	[]	0	unknown	False	"[{""form"":""prunuleis"",""corpus_occurrences"":1,""pilot_occurrences"":1,""ambiguous_cltk_lemma"":false}]"
no_dictionary_match	pseudomenus	NOUN	1	1	1	1	0	none	[]	0	unknown	True	"[{""form"":""pseudomenus"",""corpus_occurrences"":1,""pilot_occurrences"":1,""ambiguous_cltk_lemma"":false}]"
no_dictionary_match	pstremium	NOUN	1	1	1	1	0	none	[]	0	unknown	False	"[{""form"":""pstremis"",""corpus_occurrences"":1,""pilot_occurrences"":1,""ambiguous_cltk_lemma"":false}]"
no_dictionary_match	queaxendeprico	VERB	1	1	1	1	0	none	[]	0	unknown	False	"[{""form"":""queaxendepricatis"",""corpus_occurrences"":1,""pilot_occurrences"":1,""ambiguous_cltk_lemma"":false}]"
no_dictionary_match	quelendo	NOUN	1	1	1	1	0	none	[]	0	unknown	False	"[{""form"":""quelendines"",""corpus_occurrences"":1,""pilot_occurrences"":1,""ambiguous_cltk_lemma"":false}]"
no_dictionary_match	quidimo	VERB	1	1	1	1	0	none	[]	0	unknown	False	"[{""form"":""quidecimvir"",""corpus_occurrences"":1,""pilot_occurrences"":1,""ambiguous_cltk_lemma"":false}]"
no_dictionary_match	qunatuo	VERB	1	1	1	1	0	none	[]	0	unknown	False	"[{""form"":""qunatulum"",""corpus_occurrences"":1,""pilot_occurrences"":1,""ambiguous_cltk_lemma"":false}]"
no_dictionary_match	raio	NOUN	1	1	1	1	0	none	[]	0	unknown	False	"[{""form"":""raionibus"",""corpus_occurrences"":1,""pilot_occurrences"":1,""ambiguous_cltk_lemma"":false}]"
no_dictionary_match	recess	NOUN	1	1	1	1	0	none	[]	0	unknown	False	"[{""form"":""recess"",""corpus_occurrences"":1,""pilot_occurrences"":1,""ambiguous_cltk_lemma"":false}]"
no_dictionary_match	retejaclor	VERB	1	1	1	1	0	none	[]	0	unknown	False	"[{""form"":""retejaclari"",""corpus_occurrences"":1,""pilot_occurrences"":1,""ambiguous_cltk_lemma"":false}]"
no_dictionary_match	rigita	NOUN	1	1	1	1	0	none	[]	0	unknown	False	"[{""form"":""rigitaeque"",""corpus_occurrences"":1,""pilot_occurrences"":1,""ambiguous_cltk_lemma"":false}]"
no_dictionary_match	rio	VERB	1	1	1	1	0	none	[]	0	unknown	False	"[{""form"":""riat"",""corpus_occurrences"":1,""pilot_occurrences"":1,""ambiguous_cltk_lemma"":false}]"
no_dictionary_match	rsen	NOUN	1	1	1	1	0	none	[]	0	unknown	False	"[{""form"":""rsen"",""corpus_occurrences"":1,""pilot_occurrences"":1,""ambiguous_cltk_lemma"":false}]"
no_dictionary_match	sabataho	VERB	1	1	1	1	0	none	[]	0	unknown	False	"[{""form"":""sabatacha"",""corpus_occurrences"":1,""pilot_occurrences"":1,""ambiguous_cltk_lemma"":false}]"
no_dictionary_match	sacntus	NOUN	1	1	1	1	0	none	[]	0	unknown	False	"[{""form"":""sacntus"",""corpus_occurrences"":1,""pilot_occurrences"":1,""ambiguous_cltk_lemma"":false}]"
no_dictionary_match	saes	NOUN	1	1	1	1	0	none	[]	0	unknown	False	"[{""form"":""saes"",""corpus_occurrences"":1,""pilot_occurrences"":1,""ambiguous_cltk_lemma"":false}]"
no_dictionary_match	sago	VERB	1	1	1	1	0	none	[]	0	unknown	False	"[{""form"":""sagac"",""corpus_occurrences"":1,""pilot_occurrences"":1,""ambiguous_cltk_lemma"":false}]"
no_dictionary_match	saidium	NOUN	1	1	1	1	0	none	[]	0	unknown	False	"[{""form"":""saidia"",""corpus_occurrences"":1,""pilot_occurrences"":1,""ambiguous_cltk_lemma"":false}]"
no_dictionary_match	samentus	NOUN	1	1	1	1	0	none	[]	0	unknown	False	"[{""form"":""samentum"",""corpus_occurrences"":1,""pilot_occurrences"":1,""ambiguous_cltk_lemma"":false}]"
no_dictionary_match	samo	NOUN	1	1	1	1	0	none	[]	0	unknown	False	"[{""form"":""samō"",""corpus_occurrences"":1,""pilot_occurrences"":1,""ambiguous_cltk_lemma"":false}]"
no_dictionary_match	sango	VERB	1	1	1	1	0	none	[]	0	unknown	False	"[{""form"":""sangis"",""corpus_occurrences"":1,""pilot_occurrences"":1,""ambiguous_cltk_lemma"":false}]"
no_dictionary_match	sces	VERB	1	1	1	1	0	none	[]	0	unknown	False	"[{""form"":""sces"",""corpus_occurrences"":1,""pilot_occurrences"":1,""ambiguous_cltk_lemma"":false}]"
no_dictionary_match	scupulosus	ADJ	1	1	1	1	0	none	[]	0	unknown	False	"[{""form"":""scupulosius"",""corpus_occurrences"":1,""pilot_occurrences"":1,""ambiguous_cltk_lemma"":false}]"
no_dictionary_match	scyllaea	NOUN	1	1	1	1	0	none	[]	0	unknown	False	"[{""form"":""scyllaeam"",""corpus_occurrences"":1,""pilot_occurrences"":1,""ambiguous_cltk_lemma"":false}]"
no_dictionary_match	sedusios	NOUN	1	1	1	1	0	none	[]	0	unknown	False	"[{""form"":""sedusios"",""corpus_occurrences"":1,""pilot_occurrences"":1,""ambiguous_cltk_lemma"":false}]"
no_dictionary_match	seiro	VERB	1	1	1	1	0	none	[]	0	unknown	False	"[{""form"":""seirint"",""corpus_occurrences"":1,""pilot_occurrences"":1,""ambiguous_cltk_lemma"":false}]"
no_dictionary_match	seisennus	ADJ	1	1	1	1	0	none	[]	0	unknown	False	"[{""form"":""seisenna"",""corpus_occurrences"":1,""pilot_occurrences"":1,""ambiguous_cltk_lemma"":false}]"
no_dictionary_match	semeber	NOUN	1	1	1	1	0	none	[]	0	unknown	True	"[{""form"":""semeber"",""corpus_occurrences"":1,""pilot_occurrences"":1,""ambiguous_cltk_lemma"":false}]"
no_dictionary_match	semrona	NOUN	1	1	1	1	0	none	[]	0	unknown	False	"[{""form"":""semron"",""corpus_occurrences"":1,""pilot_occurrences"":1,""ambiguous_cltk_lemma"":false}]"
no_dictionary_match	sennaa	NOUN	1	1	1	1	0	none	[]	0	unknown	False	"[{""form"":""sennaab"",""corpus_occurrences"":1,""pilot_occurrences"":1,""ambiguous_cltk_lemma"":false}]"
no_dictionary_match	sephio	VERB	1	1	1	1	0	none	[]	0	unknown	False	"[{""form"":""sephion"",""corpus_occurrences"":1,""pilot_occurrences"":1,""ambiguous_cltk_lemma"":false}]"
no_dictionary_match	setus	NOUN	1	1	1	1	0	none	[]	0	unknown	False	"[{""form"":""setu"",""corpus_occurrences"":1,""pilot_occurrences"":1,""ambiguous_cltk_lemma"":false}]"
no_dictionary_match	sirabo	VERB	1	1	1	1	0	none	[]	0	unknown	False	"[{""form"":""sirabaennd"",""corpus_occurrences"":1,""pilot_occurrences"":1,""ambiguous_cltk_lemma"":false}]"
no_dictionary_match	sirben	NOUN	1	1	1	1	0	none	[]	0	unknown	False	"[{""form"":""sirbeni"",""corpus_occurrences"":1,""pilot_occurrences"":1,""ambiguous_cltk_lemma"":false}]"
no_dictionary_match	sirbena	NOUN	1	1	1	1	0	none	[]	0	unknown	False	"[{""form"":""sirbenam"",""corpus_occurrences"":1,""pilot_occurrences"":1,""ambiguous_cltk_lemma"":false}]"
no_dictionary_match	sohar	PROPN	1	1	1	1	0	none	[]	0	unknown	False	"[{""form"":""sohar"",""corpus_occurrences"":1,""pilot_occurrences"":1,""ambiguous_cltk_lemma"":false}]"
no_dictionary_match	sollerteus	NOUN	1	1	1	1	0	none	[]	0	unknown	False	"[{""form"":""sollertei"",""corpus_occurrences"":1,""pilot_occurrences"":1,""ambiguous_cltk_lemma"":false}]"
no_dictionary_match	solliditudo	NOUN	1	1	1	1	0	none	[]	0	unknown	False	"[{""form"":""solliditudo"",""corpus_occurrences"":1,""pilot_occurrences"":1,""ambiguous_cltk_lemma"":false}]"
no_dictionary_match	spencus	NOUN	1	1	1	1	0	none	[]	0	unknown	False	"[{""form"":""spencu"",""corpus_occurrences"":1,""pilot_occurrences"":1,""ambiguous_cltk_lemma"":false}]"
no_dictionary_match	sporo	VERB	1	1	1	1	0	none	[]	0	unknown	False	"[{""form"":""sporan"",""corpus_occurrences"":1,""pilot_occurrences"":1,""ambiguous_cltk_lemma"":false}]"
no_dictionary_match	ssirus	NOUN	1	1	1	1	0	none	[]	0	unknown	False	"[{""form"":""ssiros"",""corpus_occurrences"":1,""pilot_occurrences"":1,""ambiguous_cltk_lemma"":false}]"
no_dictionary_match	staberium	NOUN	1	1	1	1	0	none	[]	0	unknown	False	"[{""form"":""staberii"",""corpus_occurrences"":1,""pilot_occurrences"":1,""ambiguous_cltk_lemma"":false}]"
no_dictionary_match	stesum	VERB	1	1	1	1	0	none	[]	0	unknown	False	"[{""form"":""stesen"",""corpus_occurrences"":1,""pilot_occurrences"":1,""ambiguous_cltk_lemma"":false}]"
no_dictionary_match	stratonabianus	ADJ	1	1	1	1	0	none	[]	0	unknown	False	"[{""form"":""stratonabian"",""corpus_occurrences"":1,""pilot_occurrences"":1,""ambiguous_cltk_lemma"":false}]"
no_dictionary_match	suastanus	ADJ	1	1	1	1	0	none	[]	0	unknown	False	"[{""form"":""suastanob"",""corpus_occurrences"":1,""pilot_occurrences"":1,""ambiguous_cltk_lemma"":false}]"
no_dictionary_match	sueba	NOUN	1	1	1	1	0	none	[]	0	unknown	False	"[{""form"":""sueba"",""corpus_occurrences"":1,""pilot_occurrences"":1,""ambiguous_cltk_lemma"":false}]"
no_dictionary_match	suffcio	VERB	1	1	1	1	0	none	[]	0	unknown	False	"[{""form"":""suffciens"",""corpus_occurrences"":1,""pilot_occurrences"":1,""ambiguous_cltk_lemma"":false}]"
no_dictionary_match	suffico	VERB	1	1	1	1	0	none	[]	0	unknown	False	"[{""form"":""sufficat"",""corpus_occurrences"":1,""pilot_occurrences"":1,""ambiguous_cltk_lemma"":false}]"
no_dictionary_match	sunvix	NOUN	1	1	1	1	0	none	[]	0	unknown	False	"[{""form"":""sunvyky"",""corpus_occurrences"":1,""pilot_occurrences"":1,""ambiguous_cltk_lemma"":false}]"
no_dictionary_match	sutempustier	NOUN	1	1	1	1	0	none	[]	0	unknown	False	"[{""form"":""sutempustier"",""corpus_occurrences"":1,""pilot_occurrences"":1,""ambiguous_cltk_lemma"":false}]"
no_dictionary_match	sya	NOUN	1	1	1	1	0	none	[]	0	unknown	False	"[{""form"":""sya"",""corpus_occurrences"":1,""pilot_occurrences"":1,""ambiguous_cltk_lemma"":false}]"
no_dictionary_match	tabullarius	ADJ	1	1	1	1	0	none	[]	0	unknown	False	"[{""form"":""tabullariis"",""corpus_occurrences"":1,""pilot_occurrences"":1,""ambiguous_cltk_lemma"":false}]"
no_dictionary_match	tal	NUM	1	1	1	1	0	none	[]	0	unknown	False	"[{""form"":""tal"",""corpus_occurrences"":1,""pilot_occurrences"":1,""ambiguous_cltk_lemma"":false}]"
no_dictionary_match	tastamentum	NOUN	1	1	1	1	0	none	[]	0	unknown	False	"[{""form"":""tastamentum"",""corpus_occurrences"":1,""pilot_occurrences"":1,""ambiguous_cltk_lemma"":false}]"
no_dictionary_match	tasurco	VERB	1	1	1	1	0	none	[]	0	unknown	False	"[{""form"":""tasurci"",""corpus_occurrences"":1,""pilot_occurrences"":1,""ambiguous_cltk_lemma"":false}]"
no_dictionary_match	temetsus	NOUN	1	1	1	1	0	none	[]	0	unknown	False	"[{""form"":""temetsi"",""corpus_occurrences"":1,""pilot_occurrences"":1,""ambiguous_cltk_lemma"":false}]"
no_dictionary_match	temprus	NOUN	1	1	1	1	0	none	[]	0	unknown	False	"[{""form"":""tempribus"",""corpus_occurrences"":1,""pilot_occurrences"":1,""ambiguous_cltk_lemma"":false}]"
no_dictionary_match	testitra	NOUN	1	1	1	1	0	none	[]	0	unknown	False	"[{""form"":""testitra"",""corpus_occurrences"":1,""pilot_occurrences"":1,""ambiguous_cltk_lemma"":false}]"
no_dictionary_match	thaho	VERB	1	1	1	1	0	none	[]	0	unknown	False	"[{""form"":""thahas"",""corpus_occurrences"":1,""pilot_occurrences"":1,""ambiguous_cltk_lemma"":false}]"
no_dictionary_match	tiber	NOUN	1	1	1	1	0	none	[]	0	unknown	False	"[{""form"":""tiber"",""corpus_occurrences"":1,""pilot_occurrences"":1,""ambiguous_cltk_lemma"":false}]"
no_dictionary_match	tibus	NOUN	1	1	1	1	0	none	[]	0	unknown	False	"[{""form"":""tibu"",""corpus_occurrences"":1,""pilot_occurrences"":1,""ambiguous_cltk_lemma"":false}]"
no_dictionary_match	ticpioao	NOUN	1	1	1	1	0	none	[]	0	unknown	False	"[{""form"":""ticpioaoc"",""corpus_occurrences"":1,""pilot_occurrences"":1,""ambiguous_cltk_lemma"":false}]"
no_dictionary_match	tileo	VERB	1	1	1	1	0	none	[]	0	unknown	False	"[{""form"":""tilerunt"",""corpus_occurrences"":1,""pilot_occurrences"":1,""ambiguous_cltk_lemma"":false}]"
no_dictionary_match	tins	NOUN	1	1	1	1	0	none	[]	0	unknown	False	"[{""form"":""tinc"",""corpus_occurrences"":1,""pilot_occurrences"":1,""ambiguous_cltk_lemma"":false}]"
no_dictionary_match	tisceo	VERB	1	1	1	1	0	none	[]	0	unknown	False	"[{""form"":""tisce"",""corpus_occurrences"":1,""pilot_occurrences"":1,""ambiguous_cltk_lemma"":false}]"
no_dictionary_match	tisco	VERB	1	1	1	1	0	none	[]	0	unknown	False	"[{""form"":""tiscoen"",""corpus_occurrences"":1,""pilot_occurrences"":1,""ambiguous_cltk_lemma"":false}]"
no_dictionary_match	tnascor	VERB	1	1	1	1	0	none	[]	0	unknown	False	"[{""form"":""tnata"",""corpus_occurrences"":1,""pilot_occurrences"":1,""ambiguous_cltk_lemma"":false}]"
no_dictionary_match	tolo	VERB	1	1	1	1	0	none	[]	0	unknown	False	"[{""form"":""tonn"",""corpus_occurrences"":1,""pilot_occurrences"":1,""ambiguous_cltk_lemma"":false}]"
no_dictionary_match	transquillis	ADJ	1	1	1	1	0	none	[]	0	unknown	False	"[{""form"":""transquillli"",""corpus_occurrences"":1,""pilot_occurrences"":1,""ambiguous_cltk_lemma"":false}]"
no_dictionary_match	trat	X	1	1	1	1	0	none	[]	0	unknown	False	"[{""form"":""trat"",""corpus_occurrences"":1,""pilot_occurrences"":1,""ambiguous_cltk_lemma"":false}]"
no_dictionary_match	treo	VERB	1	1	1	1	0	none	[]	0	unknown	False	"[{""form"":""trōas"",""corpus_occurrences"":1,""pilot_occurrences"":1,""ambiguous_cltk_lemma"":false}]"
no_dictionary_match	troucillum	NOUN	1	1	1	1	0	none	[]	0	unknown	False	"[{""form"":""troucillum"",""corpus_occurrences"":1,""pilot_occurrences"":1,""ambiguous_cltk_lemma"":false}]"
no_dictionary_match	tues	NOUN	1	1	1	1	0	none	[]	0	unknown	False	"[{""form"":""tuei"",""corpus_occurrences"":1,""pilot_occurrences"":1,""ambiguous_cltk_lemma"":false}]"
no_dictionary_match	tuo	VERB	1	1	1	1	0	none	[]	0	unknown	False	"[{""form"":""tup"",""corpus_occurrences"":1,""pilot_occurrences"":1,""ambiguous_cltk_lemma"":false}]"
no_dictionary_match	typhoia	NOUN	1	1	1	1	0	none	[]	0	unknown	False	"[{""form"":""typhoia"",""corpus_occurrences"":1,""pilot_occurrences"":1,""ambiguous_cltk_lemma"":false}]"
no_dictionary_match	tyreo	VERB	1	1	1	1	0	none	[]	0	unknown	False	"[{""form"":""tyriī"",""corpus_occurrences"":1,""pilot_occurrences"":1,""ambiguous_cltk_lemma"":false}]"
no_dictionary_match	tyrrhenicus	NOUN	1	1	1	1	0	none	[]	0	unknown	False	"[{""form"":""tyrrhenico"",""corpus_occurrences"":1,""pilot_occurrences"":1,""ambiguous_cltk_lemma"":false}]"
no_dictionary_match	uac	NOUN	1	1	1	1	0	none	[]	0	unknown	False	"[{""form"":""uac"",""corpus_occurrences"":1,""pilot_occurrences"":1,""ambiguous_cltk_lemma"":false}]"
no_dictionary_match	ull	NUM	1	1	1	1	0	none	[]	0	unknown	False	"[{""form"":""ull"",""corpus_occurrences"":1,""pilot_occurrences"":1,""ambiguous_cltk_lemma"":false}]"
no_dictionary_match	ulpia	NOUN	1	1	1	1	0	none	[]	0	unknown	True	"[{""form"":""ulpiam"",""corpus_occurrences"":1,""pilot_occurrences"":1,""ambiguous_cltk_lemma"":false}]"
no_dictionary_match	uma	NUM	1	1	1	1	0	none	[]	0	unknown	False	"[{""form"":""uma"",""corpus_occurrences"":1,""pilot_occurrences"":1,""ambiguous_cltk_lemma"":false}]"
no_dictionary_match	umnio	VERB	1	1	1	1	0	none	[]	0	unknown	False	"[{""form"":""umne"",""corpus_occurrences"":1,""pilot_occurrences"":1,""ambiguous_cltk_lemma"":false}]"
no_dictionary_match	umutra	NOUN	1	1	1	1	0	none	[]	0	unknown	False	"[{""form"":""umutra"",""corpus_occurrences"":1,""pilot_occurrences"":1,""ambiguous_cltk_lemma"":false}]"
no_dictionary_match	usl	NOUN	1	1	1	1	0	none	[]	0	unknown	False	"[{""form"":""usl"",""corpus_occurrences"":1,""pilot_occurrences"":1,""ambiguous_cltk_lemma"":false}]"
no_dictionary_match	uusus	NOUN	1	1	1	1	0	none	[]	0	unknown	False	"[{""form"":""uusus"",""corpus_occurrences"":1,""pilot_occurrences"":1,""ambiguous_cltk_lemma"":false}]"
no_dictionary_match	uzo	VERB	1	1	1	1	0	none	[]	0	unknown	False	"[{""form"":""uzal"",""corpus_occurrences"":1,""pilot_occurrences"":1,""ambiguous_cltk_lemma"":false}]"
no_dictionary_match	verecinduus	ADJ	1	1	1	1	0	none	[]	0	unknown	False	"[{""form"":""verecindia"",""corpus_occurrences"":1,""pilot_occurrences"":1,""ambiguous_cltk_lemma"":false}]"
no_dictionary_match	verelaro	VERB	1	1	1	1	0	none	[]	0	unknown	False	"[{""form"":""verelarerat"",""corpus_occurrences"":1,""pilot_occurrences"":1,""ambiguous_cltk_lemma"":false}]"
no_dictionary_match	verucloetus	ADJ	1	1	1	1	0	none	[]	0	unknown	False	"[{""form"":""verucloetius"",""corpus_occurrences"":1,""pilot_occurrences"":1,""ambiguous_cltk_lemma"":false}]"
no_dictionary_match	vesum	VERB	1	1	1	1	0	none	[]	0	unknown	False	"[{""form"":""veiwn"",""corpus_occurrences"":1,""pilot_occurrences"":1,""ambiguous_cltk_lemma"":false}]"
no_dictionary_match	vidstus	NOUN	1	1	1	1	0	none	[]	0	unknown	False	"[{""form"":""vidsti"",""corpus_occurrences"":1,""pilot_occurrences"":1,""ambiguous_cltk_lemma"":false}]"
no_dictionary_match	virfa	NOUN	1	1	1	1	0	none	[]	0	unknown	False	"[{""form"":""virfa"",""corpus_occurrences"":1,""pilot_occurrences"":1,""ambiguous_cltk_lemma"":false}]"
no_dictionary_match	voccio	NOUN	1	1	1	1	0	none	[]	0	unknown	False	"[{""form"":""voccionis"",""corpus_occurrences"":1,""pilot_occurrences"":1,""ambiguous_cltk_lemma"":false}]"
no_dictionary_match	vulago	VERB	1	1	1	1	0	none	[]	0	unknown	False	"[{""form"":""vulagta"",""corpus_occurrences"":1,""pilot_occurrences"":1,""ambiguous_cltk_lemma"":false}]"
no_dictionary_match	vuo	VERB	1	1	1	1	0	none	[]	0	unknown	False	"[{""form"":""vuo"",""corpus_occurrences"":1,""pilot_occurrences"":1,""ambiguous_cltk_lemma"":false}]"
no_dictionary_match	xanthusque	ADJ	1	1	1	1	0	none	[]	0	unknown	False	"[{""form"":""xanthumque"",""corpus_occurrences"":1,""pilot_occurrences"":1,""ambiguous_cltk_lemma"":false}]"
no_dictionary_match	zuzio	VERB	1	1	1	1	0	none	[]	0	unknown	False	"[{""form"":""zuzim"",""corpus_occurrences"":1,""pilot_occurrences"":1,""ambiguous_cltk_lemma"":false}]"
no_dictionary_match	zwwn	NOUN	1	1	1	1	0	none	[]	0	unknown	False	"[{""form"":""zwwn"",""corpus_occurrences"":1,""pilot_occurrences"":1,""ambiguous_cltk_lemma"":false}]"
no_dictionary_match	zyn	X	1	1	1	1	0	none	[]	0	unknown	False	"[{""form"":""zyn"",""corpus_occurrences"":1,""pilot_occurrences"":1,""ambiguous_cltk_lemma"":false}]"
